text	normalized	phones	ipa	style	source	status	reviewer	notes_or_phones_google
Hello	Hello	h e . l o		spoken_nepali	google_ne_lr_2018	candidate_latin		google_phones=h e . l o
a	a	e		spoken_nepali	google_ne_lr_2018	candidate_latin		google_phones=e
aaj	aaj	aa dz		spoken_nepali	google_ne_lr_2018	candidate_latin		google_phones=aa jh
aaja	aaja	aa . dz ax		spoken_nepali	google_ne_lr_2018	candidate_latin		google_phones=aa . jh ax
aalen	aalen	aa . l e n		spoken_nepali	google_ne_lr_2018	candidate_latin		google_phones=aa . l e n
aama	aama	aa . m aa		spoken_nepali	google_ne_lr_2018	candidate_latin		google_phones=aa . m aa
aamir	aamir	aa . m i r		spoken_nepali	google_ne_lr_2018	candidate_latin		google_phones=aa . m i r
aankhama	aankhama	aan . kh aa . m aa		spoken_nepali	google_ne_lr_2018	candidate_latin		google_phones=aan . kh aa . m aa
aao	aao	aa . o		spoken_nepali	google_ne_lr_2018	candidate_latin		google_phones=aa . o
aap	aap	aa p		spoken_nepali	google_ne_lr_2018	candidate_latin		google_phones=aa p
aashish	aashish	aa . s i s		spoken_nepali	google_ne_lr_2018	candidate_latin		google_phones=aa . s i s
aatma	aatma	aa t . m aa		spoken_nepali	google_ne_lr_2018	candidate_latin		google_phones=aa t . m aa
aaye	aaye	aa . e		spoken_nepali	google_ne_lr_2018	candidate_latin		google_phones=aa . e
aayush	aayush	aa . y u s		spoken_nepali	google_ne_lr_2018	candidate_latin		google_phones=aa . y u s
abbott	abbott	e . b o tx		spoken_nepali	google_ne_lr_2018	candidate_latin		google_phones=e . b o tt
aberration	aberration	e . b ax . r e . s ax n		spoken_nepali	google_ne_lr_2018	candidate_latin		google_phones=e . b ax . r e . s ax n
abhidharma	abhidharma	ax . bh i . dh ax r . m ax		spoken_nepali	google_ne_lr_2018	candidate_latin		google_phones=ax . bh i . dh ax r . m ax
abhijeet	abhijeet	ax . bh i . dz i t		spoken_nepali	google_ne_lr_2018	candidate_latin		google_phones=ax . bh i . jh i t
abhinay	abhinay	ax . bh i . n ax . y ax		spoken_nepali	google_ne_lr_2018	candidate_latin		google_phones=ax . bh i . n ax . y ax
abiogenesis	abiogenesis	ax . b aa . y o . g e . n e . s i s		spoken_nepali	google_ne_lr_2018	candidate_latin		google_phones=ax . b aa . y o . g e . n e . s i s
abnormal	abnormal	e b . n ax r . m ax l		spoken_nepali	google_ne_lr_2018	candidate_latin		google_phones=e b . n ax r . m ax l
absolute	absolute	e b . s o . l u tx		spoken_nepali	google_ne_lr_2018	candidate_latin		google_phones=e b . s o . l u tt
absorber	absorber	e b . dz ax r . b ax r		spoken_nepali	google_ne_lr_2018	candidate_latin		google_phones=e b . jh ax r . b ax r
absorption	absorption	e b . dz ax r p . s ax n		spoken_nepali	google_ne_lr_2018	candidate_latin		google_phones=e b . jh ax r p . s ax n
abstract	abstract	e b s . tx r y aa k tx		spoken_nepali	google_ne_lr_2018	candidate_latin		google_phones=e b s . tt r y aa k tt
absurdism	absurdism	e b . s ax r . d i dz m		spoken_nepali	google_ne_lr_2018	candidate_latin		google_phones=e b . s ax r . d i jh m
abundant	abundant	e . b ax n . dx e n tx		spoken_nepali	google_ne_lr_2018	candidate_latin		google_phones=e . b ax n . dd e n tt
abuse	abuse	e . b y u dz		spoken_nepali	google_ne_lr_2018	candidate_latin		google_phones=e . b y u jh
academia	academia	ax . k aa . dx e . m i . y aa		spoken_nepali	google_ne_lr_2018	candidate_latin		google_phones=ax . k aa . dd e . m i . y aa
academic	academic	e . k e . dx e . m i k		spoken_nepali	google_ne_lr_2018	candidate_latin		google_phones=e . k e . dd e . m i k
accelerometer	accelerometer	e k . s e . l e . r o . m i . tx ax r		spoken_nepali	google_ne_lr_2018	candidate_latin		google_phones=e k . s e . l e . r o . m i . tt ax r
access	access	e k . s e s		spoken_nepali	google_ne_lr_2018	candidate_latin		google_phones=e k . s e s
account	account	ax . k aaw n tx		spoken_nepali	google_ne_lr_2018	candidate_latin		google_phones=ax . k aaw n tt
accountant	accountant	ax . k aaw n . tx e n tx		spoken_nepali	google_ne_lr_2018	candidate_latin		google_phones=ax . k aaw n . tt e n tt
accounting	accounting	ax . k aaw n . tx i ng		spoken_nepali	google_ne_lr_2018	candidate_latin		google_phones=ax . k aaw n . tt i ng
ace	ace	e s		spoken_nepali	google_ne_lr_2018	candidate_latin		google_phones=e s
acer	acer	e . s ax r		spoken_nepali	google_ne_lr_2018	candidate_latin		google_phones=e . s ax r
acetabulum	acetabulum	y aa . s i . tx y aa . b u . l ax m		spoken_nepali	google_ne_lr_2018	candidate_latin		google_phones=y aa . s i . tt y aa . b u . l ax m
acetylcysteine	acetylcysteine	e . s i . tx i l . s i s . tx i n		spoken_nepali	google_ne_lr_2018	candidate_latin		google_phones=e . s i . tt i l . s i s . tt i n
acharya	acharya	aa . ts aa r . y ax		spoken_nepali	google_ne_lr_2018	candidate_latin		google_phones=aa . ts aa r . y ax
acid	acid	e . s i dx		spoken_nepali	google_ne_lr_2018	candidate_latin		google_phones=e . s i dd
acids	acids	e . s i dx s		spoken_nepali	google_ne_lr_2018	candidate_latin		google_phones=e . s i dd s
aconcagua	aconcagua	ax . k aaw n . k aa . g aa		spoken_nepali	google_ne_lr_2018	candidate_latin		google_phones=ax . k aaw n . k aa . g aa
acquired	acquired	ax . k w aaj r dx		spoken_nepali	google_ne_lr_2018	candidate_latin		google_phones=ax . k w aaj r dd
acrobat	acrobat	y aa k . k r o . b y aa tx		spoken_nepali	google_ne_lr_2018	candidate_latin		google_phones=y aa k . k r o . b y aa tt
acrobatics	acrobatics	e k . k r o . b e . tx i k s		spoken_nepali	google_ne_lr_2018	candidate_latin		google_phones=e k . k r o . b e . tt i k s
acrostic	acrostic	ax k . k r o s . tx i k		spoken_nepali	google_ne_lr_2018	candidate_latin		google_phones=ax k . k r o s . tt i k
act	act	e k tx		spoken_nepali	google_ne_lr_2018	candidate_latin		google_phones=e k tt
actinobacteria	actinobacteria	y aa k . tx i . n o . b y aa k . tx e . r i . y aa		spoken_nepali	google_ne_lr_2018	candidate_latin		google_phones=y aa k . tt i . n o . b y aa k . tt e . r i . y aa
action	action	e k . s ax n		spoken_nepali	google_ne_lr_2018	candidate_latin		google_phones=e k . s ax n
activated	activated	e k . tx i . bh e . tx e dx		spoken_nepali	google_ne_lr_2018	candidate_latin		google_phones=e k . tt i . bh e . tt e dd
actus	actus	e k . tx ax s		spoken_nepali	google_ne_lr_2018	candidate_latin		google_phones=e k . tt ax s
ad	ad	e dx		spoken_nepali	google_ne_lr_2018	candidate_latin		google_phones=e dd
adalat	adalat	ax . d aa . l ax t		spoken_nepali	google_ne_lr_2018	candidate_latin		google_phones=ax . d aa . l ax t
adams	adams	e . dx ax m s		spoken_nepali	google_ne_lr_2018	candidate_latin		google_phones=e . dd ax m s
adaptation	adaptation	ax . dx y aa p . tx e . s ax n		spoken_nepali	google_ne_lr_2018	candidate_latin		google_phones=ax . dd y aa p . tt e . s ax n
adcash	adcash	e dx . k y aa s		spoken_nepali	google_ne_lr_2018	candidate_latin		google_phones=e dd . k y aa s
added	added	e . dx e dx		spoken_nepali	google_ne_lr_2018	candidate_latin		google_phones=e . dd e dd
addicted	addicted	e . dx i k . tx e dx		spoken_nepali	google_ne_lr_2018	candidate_latin		google_phones=e . dd i k . tt e dd
adenine	adenine	e dx . n aaj n		spoken_nepali	google_ne_lr_2018	candidate_latin		google_phones=e dd . n aaj n
adhan	adhan	aa . dh ax n		spoken_nepali	google_ne_lr_2018	candidate_latin		google_phones=aa . dh ax n
adhyay	adhyay	ax d . dh y aa . y ax		spoken_nepali	google_ne_lr_2018	candidate_latin		google_phones=ax d . dh y aa . y ax
adithya	adithya	aa . d i t . t y ax		spoken_nepali	google_ne_lr_2018	candidate_latin		google_phones=aa . d i t . t y ax
aditya	aditya	aa . d i t . t y ax		spoken_nepali	google_ne_lr_2018	candidate_latin		google_phones=aa . d i t . t y ax
administration	administration	e dx . m i . n i s . tx r e . s ax n		spoken_nepali	google_ne_lr_2018	candidate_latin		google_phones=e dd . m i . n i s . tt r e . s ax n
administrator	administrator	e dx . m i . n i s . tx r e . tx ax r		spoken_nepali	google_ne_lr_2018	candidate_latin		google_phones=e dd . m i . n i s . tt r e . tt ax r
admittance	admittance	e dx . m i . tx e n s		spoken_nepali	google_ne_lr_2018	candidate_latin		google_phones=e dd . m i . tt e n s
adobe	adobe	e . dx o b		spoken_nepali	google_ne_lr_2018	candidate_latin		google_phones=e . dd o b
adolescent	adolescent	e . dx ax . l ax . s e n tx		spoken_nepali	google_ne_lr_2018	candidate_latin		google_phones=e . dd ax . l ax . s e n tt
adolescents	adolescents	e . dx o l . s e n tx s		spoken_nepali	google_ne_lr_2018	candidate_latin		google_phones=e . dd o l . s e n tt s
adrenal	adrenal	e dx . dx r i . n ax l		spoken_nepali	google_ne_lr_2018	candidate_latin		google_phones=e dd . dd r i . n ax l
adsorption	adsorption	e dx . s ax r p . s ax n		spoken_nepali	google_ne_lr_2018	candidate_latin		google_phones=e dd . s ax r p . s ax n
adult	adult	e . dx ax l tx		spoken_nepali	google_ne_lr_2018	candidate_latin		google_phones=e . dd ax l tt
advance	advance	e dx . bh aa n s		spoken_nepali	google_ne_lr_2018	candidate_latin		google_phones=e dd . bh aa n s
advanced	advanced	e dx . bh aa n s dx		spoken_nepali	google_ne_lr_2018	candidate_latin		google_phones=e dd . bh aa n s dd
advertising	advertising	e dx . bh ax r . tx aaj . dz i ng		spoken_nepali	google_ne_lr_2018	candidate_latin		google_phones=e dd . bh ax r . tt aaj . jh i ng
advice	advice	e dx . bh aaj s		spoken_nepali	google_ne_lr_2018	candidate_latin		google_phones=e dd . bh aaj s
adviser	adviser	e dx . bh aaj . dz ax r		spoken_nepali	google_ne_lr_2018	candidate_latin		google_phones=e dd . bh aaj . jh ax r
aerial	aerial	e . r i . y ax l		spoken_nepali	google_ne_lr_2018	candidate_latin		google_phones=e . r i . y ax l
aerobics	aerobics	e . r o . b i k s		spoken_nepali	google_ne_lr_2018	candidate_latin		google_phones=e . r o . b i k s
aerosmith	aerosmith	e . r o . s m i th		spoken_nepali	google_ne_lr_2018	candidate_latin		google_phones=e . r o . s m i th
aerospace	aerospace	e . r o . s p e s		spoken_nepali	google_ne_lr_2018	candidate_latin		google_phones=e . r o . s p e s
aeryn	aeryn	aaj . r i n		spoken_nepali	google_ne_lr_2018	candidate_latin		google_phones=aaj . r i n
aetna	aetna	e tx . n aa		spoken_nepali	google_ne_lr_2018	candidate_latin		google_phones=e tt . n aa
affair	affair	ax . ph e . y ax r		spoken_nepali	google_ne_lr_2018	candidate_latin		google_phones=ax . ph e . y ax r
affairs	affairs	ax . ph e . ax r s		spoken_nepali	google_ne_lr_2018	candidate_latin		google_phones=ax . ph e . ax r s
aflac	aflac	ax ph . l y aa k		spoken_nepali	google_ne_lr_2018	candidate_latin		google_phones=ax ph . l y aa k
afternoon	afternoon	ax ph . tx ax r . n u n		spoken_nepali	google_ne_lr_2018	candidate_latin		google_phones=ax ph . tt ax r . n u n
aftershock	aftershock	aa ph . tx ax r . s ax k		spoken_nepali	google_ne_lr_2018	candidate_latin		google_phones=aa ph . tt ax r . s ax k
against	against	ax . g e n s tx		spoken_nepali	google_ne_lr_2018	candidate_latin		google_phones=ax . g e n s tt
agam	agam	ax . g ax m		spoken_nepali	google_ne_lr_2018	candidate_latin		google_phones=ax . g ax m
agarwal	agarwal	ax . g ax r . w aa l		spoken_nepali	google_ne_lr_2018	candidate_latin		google_phones=ax . g ax r . w aa l
age	age	e dz		spoken_nepali	google_ne_lr_2018	candidate_latin		google_phones=e jh
agent	agent	e . g e n tx		spoken_nepali	google_ne_lr_2018	candidate_latin		google_phones=e . g e n tt
aggron	aggron	e g . g r o n		spoken_nepali	google_ne_lr_2018	candidate_latin		google_phones=e g . g r o n
agilent	agilent	e . dz i . l e n tx		spoken_nepali	google_ne_lr_2018	candidate_latin		google_phones=e . jh i . l e n tt
agnatha	agnatha	ax g . n aa . th aa		spoken_nepali	google_ne_lr_2018	candidate_latin		google_phones=ax g . n aa . th aa
agnihotra	agnihotra	ax g . n i . h o t . t r ax		spoken_nepali	google_ne_lr_2018	candidate_latin		google_phones=ax g . n i . h o t . t r ax
agranulocytosis	agranulocytosis	ax g . g r aa . n y u . l o . s aaj . tx o . s i s		spoken_nepali	google_ne_lr_2018	candidate_latin		google_phones=ax g . g r aa . n y u . l o . s aaj . tt o . s i s
agreement	agreement	e . g r i . m e n tx		spoken_nepali	google_ne_lr_2018	candidate_latin		google_phones=e . g r i . m e n tt
agricultural	agricultural	e g . g r i . k ax l . ts ax . r ax l		spoken_nepali	google_ne_lr_2018	candidate_latin		google_phones=e g . g r i . k ax l . ts ax . r ax l
agriculture	agriculture	e g . g r i . k ax l . ts ax r		spoken_nepali	google_ne_lr_2018	candidate_latin		google_phones=e g . g r i . k ax l . ts ax r
ahat	ahat	aa . h ax t		spoken_nepali	google_ne_lr_2018	candidate_latin		google_phones=aa . h ax t
ahiravan	ahiravan	ax . h i . r aa . bh aa n		spoken_nepali	google_ne_lr_2018	candidate_latin		google_phones=ax . h i . r aa . bh aa n
ahmedabad	ahmedabad	ax . h ax . m e . d aa . b aa d		spoken_nepali	google_ne_lr_2018	candidate_latin		google_phones=ax . h ax . m e . d aa . b aa d
ahmia	ahmia	ax h . m i . y aa		spoken_nepali	google_ne_lr_2018	candidate_latin		google_phones=ax h . m i . y aa
aid	aid	e d		spoken_nepali	google_ne_lr_2018	candidate_latin		google_phones=e d
air	air	e . y ax r		spoken_nepali	google_ne_lr_2018	candidate_latin		google_phones=e . y ax r
airbase	airbase	e . y ax r . b e s		spoken_nepali	google_ne_lr_2018	candidate_latin		google_phones=e . y ax r . b e s
aircel	aircel	e . y ax r . s e l		spoken_nepali	google_ne_lr_2018	candidate_latin		google_phones=e . y ax r . s e l
aircraft	aircraft	e . ax r . k r aa ph tx		spoken_nepali	google_ne_lr_2018	candidate_latin		google_phones=e . ax r . k r aa ph tt
aires	aires	e . r i dz		spoken_nepali	google_ne_lr_2018	candidate_latin		google_phones=e . r i jh
airfoil	airfoil	e . y ax r . ph oj l		spoken_nepali	google_ne_lr_2018	candidate_latin		google_phones=e . y ax r . ph oj l
airgas	airgas	e . y ax r . g y aa s		spoken_nepali	google_ne_lr_2018	candidate_latin		google_phones=e . y ax r . g y aa s
airlines	airlines	e . y ax r . l aaj n s		spoken_nepali	google_ne_lr_2018	candidate_latin		google_phones=e . y ax r . l aaj n s
airmail	airmail	e . y ax r . m e l		spoken_nepali	google_ne_lr_2018	candidate_latin		google_phones=e . y ax r . m e l
airport	airport	e . y ax r . p o r tx		spoken_nepali	google_ne_lr_2018	candidate_latin		google_phones=e . y ax r . p o r tt
airs	airs	e . y ax r s		spoken_nepali	google_ne_lr_2018	candidate_latin		google_phones=e . y ax r s
airways	airways	e . y ax r . w e dz		spoken_nepali	google_ne_lr_2018	candidate_latin		google_phones=e . y ax r . w e jh
ajay	ajay	ax . dz ax . y ax		spoken_nepali	google_ne_lr_2018	candidate_latin		google_phones=ax . jh ax . y ax
ak	ak	aa k		spoken_nepali	google_ne_lr_2018	candidate_latin		google_phones=aa k
akash	akash	aa . k aa s		spoken_nepali	google_ne_lr_2018	candidate_latin		google_phones=aa . k aa s
akbar	akbar	ax k . b ax r		spoken_nepali	google_ne_lr_2018	candidate_latin		google_phones=ax k . b ax r
akiyama	akiyama	aa . k i . y aa . m aa		spoken_nepali	google_ne_lr_2018	candidate_latin		google_phones=aa . k i . y aa . m aa
akshar	akshar	ax k . s y ax r		spoken_nepali	google_ne_lr_2018	candidate_latin		google_phones=ax k . s y ax r
alan	alan	e . l aa n		spoken_nepali	google_ne_lr_2018	candidate_latin		google_phones=e . l aa n
alaska	alaska	ax . l aa s . k aa		spoken_nepali	google_ne_lr_2018	candidate_latin		google_phones=ax . l aa s . k aa
albumin	albumin	aa l . b y u . m i n		spoken_nepali	google_ne_lr_2018	candidate_latin		google_phones=aa l . b y u . m i n
alcohol	alcohol	ax l . k o . h ax l		spoken_nepali	google_ne_lr_2018	candidate_latin		google_phones=ax l . k o . h ax l
alcoholic	alcoholic	ax l . k o . h o . l i k		spoken_nepali	google_ne_lr_2018	candidate_latin		google_phones=ax l . k o . h o . l i k
aldershot	aldershot	ax l . dx ax r . s ax tx		spoken_nepali	google_ne_lr_2018	candidate_latin		google_phones=ax l . dd ax r . s ax tt
aldine	aldine	e l . dx aaj n		spoken_nepali	google_ne_lr_2018	candidate_latin		google_phones=e l . dd aaj n
ale	ale	aa . l e		spoken_nepali	google_ne_lr_2018	candidate_latin		google_phones=aa . l e
alex	alex	e . l e k s		spoken_nepali	google_ne_lr_2018	candidate_latin		google_phones=e . l e k s
algebra	algebra	ax l . dz e b . b r aa		spoken_nepali	google_ne_lr_2018	candidate_latin		google_phones=ax l . jh e b . b r aa
algebraic	algebraic	ax l . dz e b . b r i k		spoken_nepali	google_ne_lr_2018	candidate_latin		google_phones=ax l . jh e b . b r i k
algemeen	algemeen	ax l . g i . m i n		spoken_nepali	google_ne_lr_2018	candidate_latin		google_phones=ax l . g i . m i n
algorithm	algorithm	ax l . g o . r i . d ax m		spoken_nepali	google_ne_lr_2018	candidate_latin		google_phones=ax l . g o . r i . d ax m
alhamdulillah	alhamdulillah	ax . l aa m . d u . l i l . l aa h		spoken_nepali	google_ne_lr_2018	candidate_latin		google_phones=ax . l aa m . d u . l i l . l aa h
alias	alias	e . l i . y ax s		spoken_nepali	google_ne_lr_2018	candidate_latin		google_phones=e . l i . y ax s
alicyclic	alicyclic	e . l i . s aaj . k l i k		spoken_nepali	google_ne_lr_2018	candidate_latin		google_phones=e . l i . s aaj . k l i k
alive	alive	ax . l aaj bh		spoken_nepali	google_ne_lr_2018	candidate_latin		google_phones=ax . l aaj bh
alkalosis	alkalosis	ax l . k aa . l o . s i s		spoken_nepali	google_ne_lr_2018	candidate_latin		google_phones=ax l . k aa . l o . s i s
alkene	alkene	y aa l . k i n		spoken_nepali	google_ne_lr_2018	candidate_latin		google_phones=y aa l . k i n
alkyne	alkyne	ax l . k aaj n		spoken_nepali	google_ne_lr_2018	candidate_latin		google_phones=ax l . k aaj n
all	all	ax l		spoken_nepali	google_ne_lr_2018	candidate_latin		google_phones=ax l
allahabad	allahabad	ax . l aa . h aa . b aa d		spoken_nepali	google_ne_lr_2018	candidate_latin		google_phones=ax . l aa . h aa . b aa d
allen	allen	y aa . l ax n		spoken_nepali	google_ne_lr_2018	candidate_latin		google_phones=y aa . l ax n
allergan	allergan	e . l ax r . g ax n		spoken_nepali	google_ne_lr_2018	candidate_latin		google_phones=e . l ax r . g ax n
alliance	alliance	ax . l aaj n s		spoken_nepali	google_ne_lr_2018	candidate_latin		google_phones=ax . l aaj n s
alligator	alligator	e . l i . g e . tx ax r		spoken_nepali	google_ne_lr_2018	candidate_latin		google_phones=e . l i . g e . tt ax r
allopathic	allopathic	e . l o . p e . th i k		spoken_nepali	google_ne_lr_2018	candidate_latin		google_phones=e . l o . p e . th i k
allopatric	allopatric	e . l o . p y aa . tx r i k		spoken_nepali	google_ne_lr_2018	candidate_latin		google_phones=e . l o . p y aa . tt r i k
allowances	allowances	ax . l aaw n . s e dz		spoken_nepali	google_ne_lr_2018	candidate_latin		google_phones=ax . l aaw n . s e jh
allstate	allstate	ax l . s tx e tx		spoken_nepali	google_ne_lr_2018	candidate_latin		google_phones=ax l . s tt e tt
ally	ally	ax . l aaj		spoken_nepali	google_ne_lr_2018	candidate_latin		google_phones=ax . l aaj
alma	alma	aa l . m aa		spoken_nepali	google_ne_lr_2018	candidate_latin		google_phones=aa l . m aa
alok	alok	aa . l o k		spoken_nepali	google_ne_lr_2018	candidate_latin		google_phones=aa . l o k
alone	alone	ax . l o n		spoken_nepali	google_ne_lr_2018	candidate_latin		google_phones=ax . l o n
along	along	ax . l o ng		spoken_nepali	google_ne_lr_2018	candidate_latin		google_phones=ax . l o ng
alpha	alpha	ax l . ph aa		spoken_nepali	google_ne_lr_2018	candidate_latin		google_phones=ax l . ph aa
alphabet	alphabet	ax l . ph aa . b e tx		spoken_nepali	google_ne_lr_2018	candidate_latin		google_phones=ax l . ph aa . b e tt
altered	altered	ax l . tx ax r dx		spoken_nepali	google_ne_lr_2018	candidate_latin		google_phones=ax l . tt ax r dd
alternator	alternator	ax l . tx ax r . n e . tx o r		spoken_nepali	google_ne_lr_2018	candidate_latin		google_phones=ax l . tt ax r . n e . tt o r
altitude	altitude	ax l . tx i . ts y u dx		spoken_nepali	google_ne_lr_2018	candidate_latin		google_phones=ax l . tt i . ts y u dd
altria	altria	ax l . tx r i . y aa		spoken_nepali	google_ne_lr_2018	candidate_latin		google_phones=ax l . tt r i . y aa
aluminium	aluminium	ax . l y u . m i . n i . y ax m		spoken_nepali	google_ne_lr_2018	candidate_latin		google_phones=ax . l y u . m i . n i . y ax m
aluminum	aluminum	ax . l u . m i . n ax m		spoken_nepali	google_ne_lr_2018	candidate_latin		google_phones=ax . l u . m i . n ax m
always	always	ax l . w e dz		spoken_nepali	google_ne_lr_2018	candidate_latin		google_phones=ax l . w e jh
aman	aman	ax . m ax n		spoken_nepali	google_ne_lr_2018	candidate_latin		google_phones=ax . m ax n
amanat	amanat	ax . m aa . n ax t		spoken_nepali	google_ne_lr_2018	candidate_latin		google_phones=ax . m aa . n ax t
amar	amar	ax . m ax r		spoken_nepali	google_ne_lr_2018	candidate_latin		google_phones=ax . m ax r
amatya	amatya	ax . m aa t . t y ax		spoken_nepali	google_ne_lr_2018	candidate_latin		google_phones=ax . m aa t . t y ax
amazing	amazing	ax . m e . dz i ng		spoken_nepali	google_ne_lr_2018	candidate_latin		google_phones=ax . m e . jh i ng
amazon	amazon	ax . m e . dz ax n		spoken_nepali	google_ne_lr_2018	candidate_latin		google_phones=ax . m e . jh ax n
amazoncom	amazoncom	ax . m y aa . dz ax n . k ax m		spoken_nepali	google_ne_lr_2018	candidate_latin		google_phones=ax . m y aa . jh ax n . k ax m
ambarnath	ambarnath	ax m . b ax r . n aa th		spoken_nepali	google_ne_lr_2018	candidate_latin		google_phones=ax m . b ax r . n aa th
ambulance	ambulance	e m . b u . l e n s		spoken_nepali	google_ne_lr_2018	candidate_latin		google_phones=e m . b u . l e n s
amendment	amendment	e . m e n dx . m e n tx		spoken_nepali	google_ne_lr_2018	candidate_latin		google_phones=e . m e n dd . m e n tt
ameren	ameren	aa . m e . r ax n		spoken_nepali	google_ne_lr_2018	candidate_latin		google_phones=aa . m e . r ax n
america	america	ax . m e . r i . k aa		spoken_nepali	google_ne_lr_2018	candidate_latin		google_phones=ax . m e . r i . k aa
american	american	ax . m e . r i . k ax n		spoken_nepali	google_ne_lr_2018	candidate_latin		google_phones=ax . m e . r i . k ax n
amerika	amerika	ax . m e . r i . k aa		spoken_nepali	google_ne_lr_2018	candidate_latin		google_phones=ax . m e . r i . k aa
ameriprise	ameriprise	aa . m e . r i . p r aaj dz		spoken_nepali	google_ne_lr_2018	candidate_latin		google_phones=aa . m e . r i . p r aaj jh
amerisourcebergen	amerisourcebergen	ax . m e . r i . s o r s . b ax r . g ax n		spoken_nepali	google_ne_lr_2018	candidate_latin		google_phones=ax . m e . r i . s o r s . b ax r . g ax n
amgen	amgen	e m . dz ax n		spoken_nepali	google_ne_lr_2018	candidate_latin		google_phones=e m . jh ax n
amit	amit	ax . m i t		spoken_nepali	google_ne_lr_2018	candidate_latin		google_phones=ax . m i t
amitabh	amitabh	ax . m i . t aa bh		spoken_nepali	google_ne_lr_2018	candidate_latin		google_phones=ax . m i . t aa bh
amman	amman	ax m . m aa n		spoken_nepali	google_ne_lr_2018	candidate_latin		google_phones=ax m . m aa n
ammeter	ammeter	aa m . m i . tx ax r		spoken_nepali	google_ne_lr_2018	candidate_latin		google_phones=aa m . m i . tt ax r
ammonium	ammonium	e . m o . n i . y ax m		spoken_nepali	google_ne_lr_2018	candidate_latin		google_phones=e . m o . n i . y ax m
ammunition	ammunition	e . m y u . n i . s ax n		spoken_nepali	google_ne_lr_2018	candidate_latin		google_phones=e . m y u . n i . s ax n
amnesia	amnesia	y aa m . n e . s i . y aa		spoken_nepali	google_ne_lr_2018	candidate_latin		google_phones=y aa m . n e . s i . y aa
amortizing	amortizing	ax . m o r . tx aaj . dz i ng		spoken_nepali	google_ne_lr_2018	candidate_latin		google_phones=ax . m o r . tt aaj . jh i ng
amoxicillin	amoxicillin	e . m o k . s i . l i n		spoken_nepali	google_ne_lr_2018	candidate_latin		google_phones=e . m o k . s i . l i n
amplifier	amplifier	e m . p l i . ph aa . y ax r		spoken_nepali	google_ne_lr_2018	candidate_latin		google_phones=e m . p l i . ph aa . y ax r
amrish	amrish	ax m . r i s		spoken_nepali	google_ne_lr_2018	candidate_latin		google_phones=ax m . r i s
amrita	amrita	ax m . m r i . t aa		spoken_nepali	google_ne_lr_2018	candidate_latin		google_phones=ax m . m r i . t aa
amritsar	amritsar	ax m . m r i t . s ax r		spoken_nepali	google_ne_lr_2018	candidate_latin		google_phones=ax m . m r i t . s ax r
amul	amul	ax . m u l		spoken_nepali	google_ne_lr_2018	candidate_latin		google_phones=ax . m u l
amusement	amusement	ax . m y u dz . m e n tx		spoken_nepali	google_ne_lr_2018	candidate_latin		google_phones=ax . m y u jh . m e n tt
an	an	e n		spoken_nepali	google_ne_lr_2018	candidate_latin		google_phones=e n
anabolism	anabolism	e . n aa . b o . l i . dz ax m		spoken_nepali	google_ne_lr_2018	candidate_latin		google_phones=e . n aa . b o . l i . jh ax m
anaconda	anaconda	aa . n aa . k o n . dx aa		spoken_nepali	google_ne_lr_2018	candidate_latin		google_phones=aa . n aa . k o n . dd aa
anadarko	anadarko	aa . n aa . d aa r . k o		spoken_nepali	google_ne_lr_2018	candidate_latin		google_phones=aa . n aa . d aa r . k o
analysis	analysis	e . n aa . l aaj . s i s		spoken_nepali	google_ne_lr_2018	candidate_latin		google_phones=e . n aa . l aaj . s i s
anand	anand	aa . n ax n dx		spoken_nepali	google_ne_lr_2018	candidate_latin		google_phones=aa . n ax n dd
anant	anant	ax . n ax n . t ax		spoken_nepali	google_ne_lr_2018	candidate_latin		google_phones=ax . n ax n . t ax
ananta	ananta	ax . n ax n . t ax		spoken_nepali	google_ne_lr_2018	candidate_latin		google_phones=ax . n ax n . t ax
anasuya	anasuya	ax . n ax . s u . y aa		spoken_nepali	google_ne_lr_2018	candidate_latin		google_phones=ax . n ax . s u . y aa
and	and	e n dx		spoken_nepali	google_ne_lr_2018	candidate_latin		google_phones=e n dd
andaz	andaz	ax n . d aa dz		spoken_nepali	google_ne_lr_2018	candidate_latin		google_phones=ax n . d aa jh
anders	anders	e n . dx ax r s		spoken_nepali	google_ne_lr_2018	candidate_latin		google_phones=e n . dd ax r s
anderson	anderson	e n . dx ax r . s ax n		spoken_nepali	google_ne_lr_2018	candidate_latin		google_phones=e n . dd ax r . s ax n
andersons	andersons	e n . dx ax r . s ax n s		spoken_nepali	google_ne_lr_2018	candidate_latin		google_phones=e n . dd ax r . s ax n s
andha	andha	ax n . dh aa		spoken_nepali	google_ne_lr_2018	candidate_latin		google_phones=ax n . dh aa
andreas	andreas	e n . dx r i . y aa dz		spoken_nepali	google_ne_lr_2018	candidate_latin		google_phones=e n . dd r i . y aa jh
andrey	andrey	aa n . dx r e		spoken_nepali	google_ne_lr_2018	candidate_latin		google_phones=aa n . dd r e
android	android	e n . dx r oj dx		spoken_nepali	google_ne_lr_2018	candidate_latin		google_phones=e n . dd r oj dd
anemia	anemia	ax . n i . m i . y aa		spoken_nepali	google_ne_lr_2018	candidate_latin		google_phones=ax . n i . m i . y aa
aneurysm	aneurysm	ax . n y u . r i dz m		spoken_nepali	google_ne_lr_2018	candidate_latin		google_phones=ax . n y u . r i jh m
angel	angel	e n . dz ax l		spoken_nepali	google_ne_lr_2018	candidate_latin		google_phones=e n . jh ax l
angela	angela	e n . dz i . l aa		spoken_nepali	google_ne_lr_2018	candidate_latin		google_phones=e n . jh i . l aa
angelina	angelina	e n . dz e . l i . n aa		spoken_nepali	google_ne_lr_2018	candidate_latin		google_phones=e n . jh e . l i . n aa
angell	angell	e n . dz e l		spoken_nepali	google_ne_lr_2018	candidate_latin		google_phones=e n . jh e l
angelo	angelo	y aa n . dz e . l o		spoken_nepali	google_ne_lr_2018	candidate_latin		google_phones=y aa n . jh e . l o
angelov	angelov	e n . dz i . l o b		spoken_nepali	google_ne_lr_2018	candidate_latin		google_phones=e n . jh i . l o b
anger	anger	e ng . g ax r		spoken_nepali	google_ne_lr_2018	candidate_latin		google_phones=e ng . g ax r
angkor	angkor	y aa ng . k ax r		spoken_nepali	google_ne_lr_2018	candidate_latin		google_phones=y aa ng . k ax r
angling	angling	e ng . l i ng		spoken_nepali	google_ne_lr_2018	candidate_latin		google_phones=e ng . l i ng
anil	anil	ax . n i l		spoken_nepali	google_ne_lr_2018	candidate_latin		google_phones=ax . n i l
animal	animal	e . n i . m ax l		spoken_nepali	google_ne_lr_2018	candidate_latin		google_phones=e . n i . m ax l
animals	animals	e . n i . m ax l s		spoken_nepali	google_ne_lr_2018	candidate_latin		google_phones=e . n i . m ax l s
animated	animated	e . n i . m e . tx e dx		spoken_nepali	google_ne_lr_2018	candidate_latin		google_phones=e . n i . m e . tt e dd
animation	animation	e . n i . m e . s ax n		spoken_nepali	google_ne_lr_2018	candidate_latin		google_phones=e . n i . m e . s ax n
animator	animator	e . n i . m e . tx ax r		spoken_nepali	google_ne_lr_2018	candidate_latin		google_phones=e . n i . m e . tt ax r
anita	anita	ax . n i . t aa		spoken_nepali	google_ne_lr_2018	candidate_latin		google_phones=ax . n i . t aa
anixter	anixter	y aa . n i k s . tx ax r		spoken_nepali	google_ne_lr_2018	candidate_latin		google_phones=y aa . n i k s . tt ax r
anjaan	anjaan	ax n . dz aa n		spoken_nepali	google_ne_lr_2018	candidate_latin		google_phones=ax n . jh aa n
ankit	ankit	ax ng . k i tx		spoken_nepali	google_ne_lr_2018	candidate_latin		google_phones=ax ng . k i tt
anmol	anmol	ax n . m o l		spoken_nepali	google_ne_lr_2018	candidate_latin		google_phones=ax n . m o l
anna	anna	ax n . n aa		spoken_nepali	google_ne_lr_2018	candidate_latin		google_phones=ax n . n aa
annandale	annandale	aa . n ax n . d ax . l e		spoken_nepali	google_ne_lr_2018	candidate_latin		google_phones=aa . n ax n . d ax . l e
annotation	annotation	e . n o . tx e . s ax n		spoken_nepali	google_ne_lr_2018	candidate_latin		google_phones=e . n o . tt e . s ax n
announcer	announcer	ax . n aaw n . s ax r		spoken_nepali	google_ne_lr_2018	candidate_latin		google_phones=ax . n aaw n . s ax r
anonymus	anonymus	e . n o . n i . m ax s		spoken_nepali	google_ne_lr_2018	candidate_latin		google_phones=e . n o . n i . m ax s
anoushka	anoushka	ax . n u s . k aa		spoken_nepali	google_ne_lr_2018	candidate_latin		google_phones=ax . n u s . k aa
answering	answering	aa n . s ax . r i ng		spoken_nepali	google_ne_lr_2018	candidate_latin		google_phones=aa n . s ax . r i ng
answers	answers	aa n . s ax r s		spoken_nepali	google_ne_lr_2018	candidate_latin		google_phones=aa n . s ax r s
ant	ant	e n tx		spoken_nepali	google_ne_lr_2018	candidate_latin		google_phones=e n tt
antacid	antacid	e n . tx aa . s i dx		spoken_nepali	google_ne_lr_2018	candidate_latin		google_phones=e n . tt aa . s i dd
antenna	antenna	e n . tx e . n aa		spoken_nepali	google_ne_lr_2018	candidate_latin		google_phones=e n . tt e . n aa
anthem	anthem	e n . th ax m		spoken_nepali	google_ne_lr_2018	candidate_latin		google_phones=e n . th ax m
antiderivative	antiderivative	e n . tx i . dx e . r i . bh e . tx i bh		spoken_nepali	google_ne_lr_2018	candidate_latin		google_phones=e n . tt i . dd e . r i . bh e . tt i bh
antidote	antidote	e n . tx i . dx o tx		spoken_nepali	google_ne_lr_2018	candidate_latin		google_phones=e n . tt i . dd o tt
antipsychotic	antipsychotic	e n . tx i . s aaj . k o . tx i k		spoken_nepali	google_ne_lr_2018	candidate_latin		google_phones=e n . tt i . s aaj . k o . tt i k
antique	antique	e n . tx i k		spoken_nepali	google_ne_lr_2018	candidate_latin		google_phones=e n . tt i k
antiserum	antiserum	e n . tx i . s e . r ax m		spoken_nepali	google_ne_lr_2018	candidate_latin		google_phones=e n . tt i . s e . r ax m
antisocial	antisocial	e n . tx i . s o . s ax l		spoken_nepali	google_ne_lr_2018	candidate_latin		google_phones=e n . tt i . s o . s ax l
antivirus	antivirus	e n . tx i . bh aaj . r ax s		spoken_nepali	google_ne_lr_2018	candidate_latin		google_phones=e n . tt i . bh aaj . r ax s
anuja	anuja	ax . n u . dz aa		spoken_nepali	google_ne_lr_2018	candidate_latin		google_phones=ax . n u . jh aa
anup	anup	ax . n u p		spoken_nepali	google_ne_lr_2018	candidate_latin		google_phones=ax . n u p
anupam	anupam	ax . n u . p ax m		spoken_nepali	google_ne_lr_2018	candidate_latin		google_phones=ax . n u . p ax m
anupama	anupama	ax . n u . p ax . m aa		spoken_nepali	google_ne_lr_2018	candidate_latin		google_phones=ax . n u . p ax . m aa
anurag	anurag	ax . n u . r aa g		spoken_nepali	google_ne_lr_2018	candidate_latin		google_phones=ax . n u . r aa g
aortic	aortic	e . o r . tx i k		spoken_nepali	google_ne_lr_2018	candidate_latin		google_phones=e . o r . tt i k
apache	apache	ax . p aa . ts e		spoken_nepali	google_ne_lr_2018	candidate_latin		google_phones=ax . p aa . ts e
aparna	aparna	ax . p ax r . n aa		spoken_nepali	google_ne_lr_2018	candidate_latin		google_phones=ax . p ax r . n aa
apartment	apartment	ax . p aa r tx . m e n tx		spoken_nepali	google_ne_lr_2018	candidate_latin		google_phones=ax . p aa r tt . m e n tt
ape	ape	e p		spoken_nepali	google_ne_lr_2018	candidate_latin		google_phones=e p
apical	apical	e . p i . k ax l		spoken_nepali	google_ne_lr_2018	candidate_latin		google_phones=e . p i . k ax l
aplastic	aplastic	e . p l aa s . tx i k		spoken_nepali	google_ne_lr_2018	candidate_latin		google_phones=e . p l aa s . tt i k
apocalypse	apocalypse	e . p o . k y aa . l i p s		spoken_nepali	google_ne_lr_2018	candidate_latin		google_phones=e . p o . k y aa . l i p s
appearance	appearance	ax . p i . y ax . r e n s		spoken_nepali	google_ne_lr_2018	candidate_latin		google_phones=ax . p i . y ax . r e n s
appendage	appendage	ax . p e n . d e dz		spoken_nepali	google_ne_lr_2018	candidate_latin		google_phones=ax . p e n . d e jh
appetite	appetite	e p . p e . tx aaj tx		spoken_nepali	google_ne_lr_2018	candidate_latin		google_phones=e p . p e . tt aaj tt
applause	applause	ax p . p l aaw s		spoken_nepali	google_ne_lr_2018	candidate_latin		google_phones=ax p . p l aaw s
apple	apple	e p . p ax l		spoken_nepali	google_ne_lr_2018	candidate_latin		google_phones=e p . p ax l
applegate	applegate	e p . p ax l . g e tx		spoken_nepali	google_ne_lr_2018	candidate_latin		google_phones=e p . p ax l . g e tt
appliance	appliance	ax p . p l aa . e n s		spoken_nepali	google_ne_lr_2018	candidate_latin		google_phones=ax p . p l aa . e n s
application	application	e p . p l i . k e . s ax n		spoken_nepali	google_ne_lr_2018	candidate_latin		google_phones=e p . p l i . k e . s ax n
applied	applied	ax p . p l aaj dx		spoken_nepali	google_ne_lr_2018	candidate_latin		google_phones=ax p . p l aaj dd
approach	approach	ax p . p r o ts		spoken_nepali	google_ne_lr_2018	candidate_latin		google_phones=ax p . p r o ts
approximation	approximation	e p . p r o k . s i . m e . s ax n		spoken_nepali	google_ne_lr_2018	candidate_latin		google_phones=e p . p r o k . s i . m e . s ax n
apps	apps	e p s		spoken_nepali	google_ne_lr_2018	candidate_latin		google_phones=e p s
aquaman	aquaman	ax k . k w aa . m e n		spoken_nepali	google_ne_lr_2018	candidate_latin		google_phones=ax k . k w aa . m e n
aquarium	aquarium	ax k . k w e . r i . y ax m		spoken_nepali	google_ne_lr_2018	candidate_latin		google_phones=ax k . k w e . r i . y ax m
aquarius	aquarius	ax k . k w aa . r i . y ax s		spoken_nepali	google_ne_lr_2018	candidate_latin		google_phones=ax k . k w aa . r i . y ax s
aquatic	aquatic	ax k . k w e . tx i k		spoken_nepali	google_ne_lr_2018	candidate_latin		google_phones=ax k . k w e . tt i k
arabia	arabia	ax . r ax . b i . y aa		spoken_nepali	google_ne_lr_2018	candidate_latin		google_phones=ax . r ax . b i . y aa
arabian	arabian	ax . r ax . b i . y ax n		spoken_nepali	google_ne_lr_2018	candidate_latin		google_phones=ax . r ax . b i . y ax n
arabic	arabic	ax . r ax . b i k		spoken_nepali	google_ne_lr_2018	candidate_latin		google_phones=ax . r ax . b i k
aradhya	aradhya	aa . r aa d . dh y ax		spoken_nepali	google_ne_lr_2018	candidate_latin		google_phones=aa . r aa d . dh y ax
aramark	aramark	aa . r aa . m aa r k		spoken_nepali	google_ne_lr_2018	candidate_latin		google_phones=aa . r aa . m aa r k
arc	arc	aa r k		spoken_nepali	google_ne_lr_2018	candidate_latin		google_phones=aa r k
arch	arch	aa r k		spoken_nepali	google_ne_lr_2018	candidate_latin		google_phones=aa r k
archer	archer	aa r . ts ax r		spoken_nepali	google_ne_lr_2018	candidate_latin		google_phones=aa r . ts ax r
architecture	architecture	aa r . k i . tx e k . ts ax r		spoken_nepali	google_ne_lr_2018	candidate_latin		google_phones=aa r . k i . tt e k . ts ax r
archive	archive	aa r . k aaj bh		spoken_nepali	google_ne_lr_2018	candidate_latin		google_phones=aa r . k aaj bh
are	are	aa r		spoken_nepali	google_ne_lr_2018	candidate_latin		google_phones=aa r
area	area	e . r i . y aa		spoken_nepali	google_ne_lr_2018	candidate_latin		google_phones=e . r i . y aa
areas	areas	e . r i . y aa dz		spoken_nepali	google_ne_lr_2018	candidate_latin		google_phones=e . r i . y aa jh
argentine	argentine	ax r . dz e n . tx aaj n		spoken_nepali	google_ne_lr_2018	candidate_latin		google_phones=ax r . jh e n . tt aaj n
argipressin	argipressin	aa r . g i . p r e . s i n		spoken_nepali	google_ne_lr_2018	candidate_latin		google_phones=aa r . g i . p r e . s i n
aria	aria	aa . r i . y aa		spoken_nepali	google_ne_lr_2018	candidate_latin		google_phones=aa . r i . y aa
arial	arial	e . r i . y ax l		spoken_nepali	google_ne_lr_2018	candidate_latin		google_phones=e . r i . y ax l
arithmetic	arithmetic	aa r th . m y aa . tx i k		spoken_nepali	google_ne_lr_2018	candidate_latin		google_phones=aa r th . m y aa . tt i k
arjit	arjit	ax r . dz i t		spoken_nepali	google_ne_lr_2018	candidate_latin		google_phones=ax r . jh i t
arjun	arjun	ax r . dz u n		spoken_nepali	google_ne_lr_2018	candidate_latin		google_phones=ax r . jh u n
armaan	armaan	ax r . m aa n		spoken_nepali	google_ne_lr_2018	candidate_latin		google_phones=ax r . m aa n
armed	armed	aa r m dx		spoken_nepali	google_ne_lr_2018	candidate_latin		google_phones=aa r m dd
armigera	armigera	aa r . m i . g e . r aa		spoken_nepali	google_ne_lr_2018	candidate_latin		google_phones=aa r . m i . g e . r aa
arnold	arnold	aa r . n o l dx		spoken_nepali	google_ne_lr_2018	candidate_latin		google_phones=aa r . n o l dd
arora	arora	ax . r o . r aa		spoken_nepali	google_ne_lr_2018	candidate_latin		google_phones=ax . r o . r aa
arpachshad	arpachshad	aa r . p aa ts . s aa d		spoken_nepali	google_ne_lr_2018	candidate_latin		google_phones=aa r . p aa ts . s aa d
arpan	arpan	ax r . p ax n		spoken_nepali	google_ne_lr_2018	candidate_latin		google_phones=ax r . p ax n
arrest	arrest	ax . r e s tx		spoken_nepali	google_ne_lr_2018	candidate_latin		google_phones=ax . r e s tt
arrow	arrow	e . r o		spoken_nepali	google_ne_lr_2018	candidate_latin		google_phones=e . r o
art	art	aa r tx		spoken_nepali	google_ne_lr_2018	candidate_latin		google_phones=aa r tt
artemisia	artemisia	aa r . tx ax . m i . dz i . y aa		spoken_nepali	google_ne_lr_2018	candidate_latin		google_phones=aa r . tt ax . m i . jh i . y aa
arterial	arterial	aa r . tx e . r i . y ax l		spoken_nepali	google_ne_lr_2018	candidate_latin		google_phones=aa r . tt e . r i . y ax l
arthur	arthur	aa r . th ax r		spoken_nepali	google_ne_lr_2018	candidate_latin		google_phones=aa r . th ax r
artificial	artificial	aa r . tx i . ph i . s i . y ax l		spoken_nepali	google_ne_lr_2018	candidate_latin		google_phones=aa r . tt i . ph i . s i . y ax l
artistic	artistic	aa r . tx i s . tx i k		spoken_nepali	google_ne_lr_2018	candidate_latin		google_phones=aa r . tt i s . tt i k
arts	arts	aa r tx s		spoken_nepali	google_ne_lr_2018	candidate_latin		google_phones=aa r tt s
arun	arun	ax . r u n		spoken_nepali	google_ne_lr_2018	candidate_latin		google_phones=ax . r u n
aruna	aruna	ax . r u . n aa		spoken_nepali	google_ne_lr_2018	candidate_latin		google_phones=ax . r u . nn aa
arunachal	arunachal	ax . r u . n aa . ts ax l		spoken_nepali	google_ne_lr_2018	candidate_latin		google_phones=ax . r u . nn aa . ts ax l
arunima	arunima	ax . r u . n i . m aa		spoken_nepali	google_ne_lr_2018	candidate_latin		google_phones=ax . r u . n i . m aa
arvid	arvid	ax r . b i d		spoken_nepali	google_ne_lr_2018	candidate_latin		google_phones=ax r . b i d
arvind	arvind	ax r . b i n d		spoken_nepali	google_ne_lr_2018	candidate_latin		google_phones=ax r . b i n d
aryabhata	aryabhata	aa r . y ax . bh ax tx		spoken_nepali	google_ne_lr_2018	candidate_latin		google_phones=aa r . y ax . bh ax tt
aryan	aryan	aa r . r y ax n		spoken_nepali	google_ne_lr_2018	candidate_latin		google_phones=aa r . r y ax n
ascus	ascus	aa s . k u s		spoken_nepali	google_ne_lr_2018	candidate_latin		google_phones=aa s . k u s
ash	ash	e s		spoken_nepali	google_ne_lr_2018	candidate_latin		google_phones=e s
asha	asha	aa . s aa		spoken_nepali	google_ne_lr_2018	candidate_latin		google_phones=aa . s aa
ashish	ashish	aa . s i s		spoken_nepali	google_ne_lr_2018	candidate_latin		google_phones=aa . s i s
ashland	ashland	y aa s . l y aa n dx		spoken_nepali	google_ne_lr_2018	candidate_latin		google_phones=y aa s . l y aa n dd
ashok	ashok	ax . s o k		spoken_nepali	google_ne_lr_2018	candidate_latin		google_phones=ax . s o k
ashoka	ashoka	ax . s o . k aa		spoken_nepali	google_ne_lr_2018	candidate_latin		google_phones=ax . s o . k aa
ashram	ashram	aa s . s r ax m		spoken_nepali	google_ne_lr_2018	candidate_latin		google_phones=aa s . s r ax m
asia	asia	e . s i . y aa		spoken_nepali	google_ne_lr_2018	candidate_latin		google_phones=e . s i . y aa
asian	asian	e . s i . y ax n		spoken_nepali	google_ne_lr_2018	candidate_latin		google_phones=e . s i . y ax n
aspect	aspect	aa s . p e k tx		spoken_nepali	google_ne_lr_2018	candidate_latin		google_phones=aa s . p e k tt
aspire	aspire	ax s . p aa . y ax r		spoken_nepali	google_ne_lr_2018	candidate_latin		google_phones=ax s . p aa . y ax r
assam	assam	aa . s aa m		spoken_nepali	google_ne_lr_2018	candidate_latin		google_phones=aa . s aa m
assamese	assamese	aa . s aa . m i dz		spoken_nepali	google_ne_lr_2018	candidate_latin		google_phones=aa . s aa . m i jh
assault	assault	ax . s ax l tx		spoken_nepali	google_ne_lr_2018	candidate_latin		google_phones=ax . s ax l tt
assertion	assertion	e . s ax r tx . s ax n		spoken_nepali	google_ne_lr_2018	candidate_latin		google_phones=e . s ax r tt . s ax n
assignment	assignment	ax . s aaj n . m e n tx		spoken_nepali	google_ne_lr_2018	candidate_latin		google_phones=ax . s aaj n . m e n tt
assurance	assurance	e . s u . r e n s		spoken_nepali	google_ne_lr_2018	candidate_latin		google_phones=e . s u . r e n s
assurant	assurant	e . s y u . r ax n tx		spoken_nepali	google_ne_lr_2018	candidate_latin		google_phones=e . s y u . r ax n tt
astha	astha	aa s . th aa		spoken_nepali	google_ne_lr_2018	candidate_latin		google_phones=aa s . th aa
asthma	asthma	aa dz . m aa		spoken_nepali	google_ne_lr_2018	candidate_latin		google_phones=aa jh . m aa
astronautics	astronautics	e s . tx r o . n axw . tx i k s		spoken_nepali	google_ne_lr_2018	candidate_latin		google_phones=e s . tt r o . n axw . tt i k s
astrophysics	astrophysics	ax s . tx r o . ph i . dz i k s		spoken_nepali	google_ne_lr_2018	candidate_latin		google_phones=ax s . tt r o . ph i . jh i k s
asuna	asuna	ax . s u . n ax		spoken_nepali	google_ne_lr_2018	candidate_latin		google_phones=ax . s u . n ax
asus	asus	e . s ax s		spoken_nepali	google_ne_lr_2018	candidate_latin		google_phones=e . s ax s
asystole	asystole	e . s i s . tx o l		spoken_nepali	google_ne_lr_2018	candidate_latin		google_phones=e . s i s . tt o l
atalanta	atalanta	e tx . l aa n . tx aa		spoken_nepali	google_ne_lr_2018	candidate_latin		google_phones=e tt . l aa n . tt aa
athlete	athlete	e th . l e tx		spoken_nepali	google_ne_lr_2018	candidate_latin		google_phones=e th . l e tt
athletic	athletic	e th . l e . tx i k		spoken_nepali	google_ne_lr_2018	candidate_latin		google_phones=e th . l e . tt i k
atkins	atkins	e tx . k i n s		spoken_nepali	google_ne_lr_2018	candidate_latin		google_phones=e tt . k i n s
atlantic	atlantic	e tx . l aa n . tx i k		spoken_nepali	google_ne_lr_2018	candidate_latin		google_phones=e tt . l aa n . tt i k
atmosphere	atmosphere	e tx . m ax s . ph i . y ax r		spoken_nepali	google_ne_lr_2018	candidate_latin		google_phones=e tt . m ax s . ph i . y ax r
atmospheric	atmospheric	e tx . m ax s . ph e . r i k		spoken_nepali	google_ne_lr_2018	candidate_latin		google_phones=e tt . m ax s . ph e . r i k
atomic	atomic	e . tx o . m i k		spoken_nepali	google_ne_lr_2018	candidate_latin		google_phones=e . tt o . m i k
attack	attack	ax . tx y aa k		spoken_nepali	google_ne_lr_2018	candidate_latin		google_phones=ax . tt y aa k
attariya	attariya	ax t . t ax . r i . y aa		spoken_nepali	google_ne_lr_2018	candidate_latin		google_phones=ax t . t ax . r i . y aa
attraction	attraction	e . tx r y aa k . s ax n		spoken_nepali	google_ne_lr_2018	candidate_latin		google_phones=e . tt r y aa k . s ax n
attribution	attribution	e . tx r i . b y u . s ax n		spoken_nepali	google_ne_lr_2018	candidate_latin		google_phones=e . tt r i . b y u . s ax n
atypical	atypical	ax . tx i . p i . k ax l		spoken_nepali	google_ne_lr_2018	candidate_latin		google_phones=ax . tt i . p i . k ax l
auckland	auckland	ax k . l y aa n dx		spoken_nepali	google_ne_lr_2018	candidate_latin		google_phones=ax k . l y aa n dd
audio	audio	ax . dx i . y o		spoken_nepali	google_ne_lr_2018	candidate_latin		google_phones=ax . dd i . y o
audit	audit	ax . dx i tx		spoken_nepali	google_ne_lr_2018	candidate_latin		google_phones=ax . dd i tt
auditor	auditor	ax . dx i . tx ax r		spoken_nepali	google_ne_lr_2018	candidate_latin		google_phones=ax . dd i . tt ax r
august	august	ax . g ax s t		spoken_nepali	google_ne_lr_2018	candidate_latin		google_phones=ax . g ax s t
augusta	augusta	ax . g ax s . tx ax		spoken_nepali	google_ne_lr_2018	candidate_latin		google_phones=ax . g ax s . tt ax
aung	aung	aa ng		spoken_nepali	google_ne_lr_2018	candidate_latin		google_phones=aa ng
aur	aur	axw r		spoken_nepali	google_ne_lr_2018	candidate_latin		google_phones=axw r
aurobindo	aurobindo	ax . r ax . b i n . d o		spoken_nepali	google_ne_lr_2018	candidate_latin		google_phones=ax . r ax . b i n . d o
australia	australia	ax s . tx r e . l i . y aa		spoken_nepali	google_ne_lr_2018	candidate_latin		google_phones=ax s . tt r e . l i . y aa
australian	australian	ax s . tx r e . l i . y ax n		spoken_nepali	google_ne_lr_2018	candidate_latin		google_phones=ax s . tt r e . l i . y ax n
austrians	austrians	ax s . tx r i . y ax n s		spoken_nepali	google_ne_lr_2018	candidate_latin		google_phones=ax s . tt r i . y ax n s
authorization	authorization	ax . th o . r aaj . dz e . s ax n		spoken_nepali	google_ne_lr_2018	candidate_latin		google_phones=ax . th o . r aaj . jh e . s ax n
auto	auto	ax . tx o		spoken_nepali	google_ne_lr_2018	candidate_latin		google_phones=ax . tt o
autocorrelation	autocorrelation	ax . tx o . k ax . r e k . s ax n		spoken_nepali	google_ne_lr_2018	candidate_latin		google_phones=ax . tt o . k ax . r e k . s ax n
autodesk	autodesk	ax . tx o . dx e s k		spoken_nepali	google_ne_lr_2018	candidate_latin		google_phones=ax . tt o . dd e s k
autogenic	autogenic	ax . tx o . g e . n i k		spoken_nepali	google_ne_lr_2018	candidate_latin		google_phones=ax . tt o . g e . n i k
autoliv	autoliv	ax . tx o . l i bh		spoken_nepali	google_ne_lr_2018	candidate_latin		google_phones=ax . tt o . l i bh
automatic	automatic	ax . tx o . m y aa . tx i k		spoken_nepali	google_ne_lr_2018	candidate_latin		google_phones=ax . tt o . m y aa . tt i k
automation	automation	ax . tx o . m e . s ax n		spoken_nepali	google_ne_lr_2018	candidate_latin		google_phones=ax . tt o . m e . s ax n
automobile	automobile	ax . tx o . m o . b aaj l		spoken_nepali	google_ne_lr_2018	candidate_latin		google_phones=ax . tt o . m o . b aaj l
automotive	automotive	ax . tx o . m o . tx i bh		spoken_nepali	google_ne_lr_2018	candidate_latin		google_phones=ax . tt o . m o . tt i bh
autonation	autonation	ax . tx o . n e . s ax n		spoken_nepali	google_ne_lr_2018	candidate_latin		google_phones=ax . tt o . n e . s ax n
autonomous	autonomous	ax . tx o . n ax . m ax s		spoken_nepali	google_ne_lr_2018	candidate_latin		google_phones=ax . tt o . n ax . m ax s
autoowners	autoowners	ax . tx o . w ax . n ax r s		spoken_nepali	google_ne_lr_2018	candidate_latin		google_phones=ax . tt o . w ax . n ax r s
autopilot	autopilot	ax . tx o . p aaj . l ax tx		spoken_nepali	google_ne_lr_2018	candidate_latin		google_phones=ax . tt o . p aaj . l ax tt
autotroph	autotroph	ax . tx o . tx r ax ph		spoken_nepali	google_ne_lr_2018	candidate_latin		google_phones=ax . tt o . tt r ax ph
autozone	autozone	ax . tx o . dz o n		spoken_nepali	google_ne_lr_2018	candidate_latin		google_phones=ax . tt o . jh o n
autumn	autumn	ax . tx ax m		spoken_nepali	google_ne_lr_2018	candidate_latin		google_phones=ax . tt ax m
auzaar	auzaar	axw . dz aa r		spoken_nepali	google_ne_lr_2018	candidate_latin		google_phones=axw . jh aa r
avadh	avadh	ax . b ax dh		spoken_nepali	google_ne_lr_2018	candidate_latin		google_phones=ax . b ax dh
avalanche	avalanche	e . bh e . l ax n ts		spoken_nepali	google_ne_lr_2018	candidate_latin		google_phones=e . bh e . l ax n ts
avinash	avinash	ax . bh i . n aa s		spoken_nepali	google_ne_lr_2018	candidate_latin		google_phones=ax . bh i . n aa s
avis	avis	e . bh i s		spoken_nepali	google_ne_lr_2018	candidate_latin		google_phones=e . bh i s
avnet	avnet	e bh . n e tx		spoken_nepali	google_ne_lr_2018	candidate_latin		google_phones=e bh . n e tt
avon	avon	e . bh ax n		spoken_nepali	google_ne_lr_2018	candidate_latin		google_phones=e . bh ax n
avril	avril	e bh . r i l		spoken_nepali	google_ne_lr_2018	candidate_latin		google_phones=e bh . r i l
awadh	awadh	ax . w ax dh		spoken_nepali	google_ne_lr_2018	candidate_latin		google_phones=ax . w ax dh
award	award	ax . w aa r dx		spoken_nepali	google_ne_lr_2018	candidate_latin		google_phones=ax . w aa r dd
awards	awards	ax . w aa r dx s		spoken_nepali	google_ne_lr_2018	candidate_latin		google_phones=ax . w aa r dd s
awasiya	awasiya	aa . w aa . s i . y ax		spoken_nepali	google_ne_lr_2018	candidate_latin		google_phones=aa . w aa . s i . y ax
awaz	awaz	aa . w aa dz		spoken_nepali	google_ne_lr_2018	candidate_latin		google_phones=aa . w aa jh
axion	axion	e k . s i . y ax n		spoken_nepali	google_ne_lr_2018	candidate_latin		google_phones=e k . s i . y ax n
ayesha	ayesha	aaj . s aa		spoken_nepali	google_ne_lr_2018	candidate_latin		google_phones=aaj . s aa
ayo	ayo	aa . y o		spoken_nepali	google_ne_lr_2018	candidate_latin		google_phones=aa . y o
ayurved	ayurved	aa . y u r . b e d		spoken_nepali	google_ne_lr_2018	candidate_latin		google_phones=aa . y u r . b e d
ayurveda	ayurveda	aa . y u r . b e d		spoken_nepali	google_ne_lr_2018	candidate_latin		google_phones=aa . y u r . b e d
azad	azad	aa . dz aa d		spoken_nepali	google_ne_lr_2018	candidate_latin		google_phones=aa . jh aa d
b	b	b i		spoken_nepali	google_ne_lr_2018	candidate_latin		google_phones=b i
baaba	baaba	b aa . b aa		spoken_nepali	google_ne_lr_2018	candidate_latin		google_phones=b aa . b aa
baar	baar	b aa r		spoken_nepali	google_ne_lr_2018	candidate_latin		google_phones=b aa r
baba	baba	b aa . b aa		spoken_nepali	google_ne_lr_2018	candidate_latin		google_phones=b aa . b aa
babbage	babbage	b y aa . b e dz		spoken_nepali	google_ne_lr_2018	candidate_latin		google_phones=b y aa . b e jh
babina	babina	b ax . b i . n aa		spoken_nepali	google_ne_lr_2018	candidate_latin		google_phones=b ax . b i . n aa
babur	babur	b aa . b ax r		spoken_nepali	google_ne_lr_2018	candidate_latin		google_phones=b aa . b ax r
baburam	baburam	b aa . b u . r aa m		spoken_nepali	google_ne_lr_2018	candidate_latin		google_phones=b aa . b u . r aa m
babushka	babushka	b ax . b u s . k aa		spoken_nepali	google_ne_lr_2018	candidate_latin		google_phones=b ax . b u s . k aa
babyface	babyface	b e . b i . ph e s		spoken_nepali	google_ne_lr_2018	candidate_latin		google_phones=b e . b i . ph e s
babylon	babylon	b e . b i . l o n		spoken_nepali	google_ne_lr_2018	candidate_latin		google_phones=b e . b i . l o n
bachchan	bachchan	b ax ts . ts ax n		spoken_nepali	google_ne_lr_2018	candidate_latin		google_phones=b ax ts . ts ax n
bachelor	bachelor	b y aa ts . l ax r		spoken_nepali	google_ne_lr_2018	candidate_latin		google_phones=b y aa ts . l ax r
bacillus	bacillus	b y aa . s i . l ax s		spoken_nepali	google_ne_lr_2018	candidate_latin		google_phones=b y aa . s i . l ax s
back	back	b y aa k		spoken_nepali	google_ne_lr_2018	candidate_latin		google_phones=b y aa k
backdoor	backdoor	b y aa k . dx o r		spoken_nepali	google_ne_lr_2018	candidate_latin		google_phones=b y aa k . dd o r
backpack	backpack	b y aa k . p y aa k		spoken_nepali	google_ne_lr_2018	candidate_latin		google_phones=b y aa k . p y aa k
bacteria	bacteria	b y aa k . tx e . r i . y aa		spoken_nepali	google_ne_lr_2018	candidate_latin		google_phones=b y aa k . tt e . r i . y aa
bacterial	bacterial	b y aa k . tx e . r i . y ax l		spoken_nepali	google_ne_lr_2018	candidate_latin		google_phones=b y aa k . tt e . r i . y ax l
bad	bad	b y aa dx		spoken_nepali	google_ne_lr_2018	candidate_latin		google_phones=b y aa dd
badlapur	badlapur	b ax d . l aa . p u r		spoken_nepali	google_ne_lr_2018	candidate_latin		google_phones=b ax d . l aa . p u r
badminton	badminton	b y aa dx . m i n . tx ax n		spoken_nepali	google_ne_lr_2018	candidate_latin		google_phones=b y aa dd . m i n . tt ax n
bag	bag	b y aa g		spoken_nepali	google_ne_lr_2018	candidate_latin		google_phones=b y aa g
bagan	bagan	b ax . g aa n		spoken_nepali	google_ne_lr_2018	candidate_latin		google_phones=b ax . g aa n
bagh	bagh	b aa gh		spoken_nepali	google_ne_lr_2018	candidate_latin		google_phones=b aa gh
baghdad	baghdad	b ax g . d aa d		spoken_nepali	google_ne_lr_2018	candidate_latin		google_phones=b ax g . d aa d
bahadur	bahadur	b ax . h aa . d u r		spoken_nepali	google_ne_lr_2018	candidate_latin		google_phones=b ax . h aa . d u r
bahamas	bahamas	b ax . h aa . m ax s		spoken_nepali	google_ne_lr_2018	candidate_latin		google_phones=b ax . h aa . m ax s
bahubal	bahubal	b aa . h u . b ax l		spoken_nepali	google_ne_lr_2018	candidate_latin		google_phones=b aa . h u . b ax l
baichung	baichung	b aaj . ts u ng		spoken_nepali	google_ne_lr_2018	candidate_latin		google_phones=b aaj . ts u ng
baidya	baidya	b axj d . d y ax		spoken_nepali	google_ne_lr_2018	candidate_latin		google_phones=b axj d . d y ax
baidyanath	baidyanath	b axj d . d y ax . n aa th		spoken_nepali	google_ne_lr_2018	candidate_latin		google_phones=b axj d . d y ax . n aa th
bailando	bailando	b aaj . l aa n . dx o		spoken_nepali	google_ne_lr_2018	candidate_latin		google_phones=b aaj . l aa n . dd o
baishakh	baishakh	b axj . s aa kh		spoken_nepali	google_ne_lr_2018	candidate_latin		google_phones=b axj . s aa kh
baja	baja	b aa . dz aa		spoken_nepali	google_ne_lr_2018	candidate_latin		google_phones=b aa . jh aa
bajaj	bajaj	b ax . dz aa dz		spoken_nepali	google_ne_lr_2018	candidate_latin		google_phones=b ax . jh aa jh
bajrang	bajrang	b ax dz . r ax ng		spoken_nepali	google_ne_lr_2018	candidate_latin		google_phones=b ax jh . r ax ng
bakelite	bakelite	b e . k ax . l aaj tx		spoken_nepali	google_ne_lr_2018	candidate_latin		google_phones=b e . k ax . l aaj tt
baker	baker	b e . k ax r		spoken_nepali	google_ne_lr_2018	candidate_latin		google_phones=b e . k ax r
baking	baking	b e . k i ng		spoken_nepali	google_ne_lr_2018	candidate_latin		google_phones=b e . k i ng
bal	bal	b ax l		spoken_nepali	google_ne_lr_2018	candidate_latin		google_phones=b ax l
balbir	balbir	b ax l . b i r		spoken_nepali	google_ne_lr_2018	candidate_latin		google_phones=b ax l . b i r
balde	balde	b aa l . dx e		spoken_nepali	google_ne_lr_2018	candidate_latin		google_phones=b aa l . dd e
balkrishna	balkrishna	b aa l . k r i s . n ax		spoken_nepali	google_ne_lr_2018	candidate_latin		google_phones=b aa l . k r i s . nn ax
ball	ball	b ax l		spoken_nepali	google_ne_lr_2018	candidate_latin		google_phones=b ax l
ballers	ballers	b ax . l ax r s		spoken_nepali	google_ne_lr_2018	candidate_latin		google_phones=b ax . l ax r s
ballistics	ballistics	b ax l . l i s . tx i k s		spoken_nepali	google_ne_lr_2018	candidate_latin		google_phones=b ax l . l i s . tt i k s
balloon	balloon	b e . l u n		spoken_nepali	google_ne_lr_2018	candidate_latin		google_phones=b e . l u n
bancorp	bancorp	b y aa n . k ax r p		spoken_nepali	google_ne_lr_2018	candidate_latin		google_phones=b y aa n . k ax r p
band	band	b y aa n dx		spoken_nepali	google_ne_lr_2018	candidate_latin		google_phones=b y aa n dd
bandage	bandage	b y aa n . dx e dz		spoken_nepali	google_ne_lr_2018	candidate_latin		google_phones=b y aa n . dd e jh
bandhan	bandhan	b ax n . dh ax n		spoken_nepali	google_ne_lr_2018	candidate_latin		google_phones=b ax n . dh ax n
bandra	bandra	b aa n . d r aa		spoken_nepali	google_ne_lr_2018	candidate_latin		google_phones=b aa n . d r aa
bang	bang	b y aa ng		spoken_nepali	google_ne_lr_2018	candidate_latin		google_phones=b y aa ng
bangala	bangala	b ax ng . g ax . l aa		spoken_nepali	google_ne_lr_2018	candidate_latin		google_phones=b ax ng . g ax . l aa
bangalore	bangalore	b y aa ng . l o r		spoken_nepali	google_ne_lr_2018	candidate_latin		google_phones=b y aa ng . l o r
bangladesh	bangladesh	b aa ng . l aa . d e s		spoken_nepali	google_ne_lr_2018	candidate_latin		google_phones=b aa ng . l aa . d e s
banjaara	banjaara	b ax n . dz aa . r aa		spoken_nepali	google_ne_lr_2018	candidate_latin		google_phones=b ax n . jh aa . r aa
bank	bank	b y aa ng k		spoken_nepali	google_ne_lr_2018	candidate_latin		google_phones=b y aa ng k
banking	banking	b y aa ng . k i ng		spoken_nepali	google_ne_lr_2018	candidate_latin		google_phones=b y aa ng . k i ng
banks	banks	b y aa ng k s		spoken_nepali	google_ne_lr_2018	candidate_latin		google_phones=b y aa ng k s
banyan	banyan	b ax n . n y aa n		spoken_nepali	google_ne_lr_2018	candidate_latin		google_phones=b ax n . n y aa n
bar	bar	b aa r		spoken_nepali	google_ne_lr_2018	candidate_latin		google_phones=b aa r
baral	baral	b ax . r aa l		spoken_nepali	google_ne_lr_2018	candidate_latin		google_phones=b ax . r aa l
barber	barber	b aa r . b ax r		spoken_nepali	google_ne_lr_2018	candidate_latin		google_phones=b aa r . b ax r
barcelona	barcelona	b aa r . s i . l o . n aa		spoken_nepali	google_ne_lr_2018	candidate_latin		google_phones=b aa r . s i . l o . n aa
barcode	barcode	b aa r . k o dx		spoken_nepali	google_ne_lr_2018	candidate_latin		google_phones=b aa r . k o dd
bardaghat	bardaghat	b ax r . d ax . gh aa tx		spoken_nepali	google_ne_lr_2018	candidate_latin		google_phones=b ax r . d ax . gh aa tt
bardia	bardia	b ax r . d i . y aa		spoken_nepali	google_ne_lr_2018	candidate_latin		google_phones=b ax r . d i . y aa
bardiya	bardiya	b ax r . d i . y aa		spoken_nepali	google_ne_lr_2018	candidate_latin		google_phones=b ax r . d i . y aa
bargirl	bargirl	b aa r . g ax r l		spoken_nepali	google_ne_lr_2018	candidate_latin		google_phones=b aa r . g ax r l
barista	barista	b ax . r i s . tx ax		spoken_nepali	google_ne_lr_2018	candidate_latin		google_phones=b ax . r i s . tt ax
bark	bark	b aa r k		spoken_nepali	google_ne_lr_2018	candidate_latin		google_phones=b aa r k
barkley	barkley	b ax r k . l e		spoken_nepali	google_ne_lr_2018	candidate_latin		google_phones=b ax r k . l e
barnes	barnes	b aa r n s		spoken_nepali	google_ne_lr_2018	candidate_latin		google_phones=b aa r n s
barrier	barrier	b y aa . r i . y ax r		spoken_nepali	google_ne_lr_2018	candidate_latin		google_phones=b y aa . r i . y ax r
bars	bars	b aa r s		spoken_nepali	google_ne_lr_2018	candidate_latin		google_phones=b aa r s
bartender	bartender	b aa r . tx e n . dx ax r		spoken_nepali	google_ne_lr_2018	candidate_latin		google_phones=b aa r . tt e n . dd ax r
barth	barth	b aa r th		spoken_nepali	google_ne_lr_2018	candidate_latin		google_phones=b aa r th
basanta	basanta	b ax . s ax n . t ax		spoken_nepali	google_ne_lr_2018	candidate_latin		google_phones=b ax . s ax n . t ax
base	base	b e s		spoken_nepali	google_ne_lr_2018	candidate_latin		google_phones=b e s
basel	basel	b y aa . s e l		spoken_nepali	google_ne_lr_2018	candidate_latin		google_phones=b y aa . s e l
bases	bases	b e . s e s		spoken_nepali	google_ne_lr_2018	candidate_latin		google_phones=b e . s e s
basic	basic	b e . s i k		spoken_nepali	google_ne_lr_2018	candidate_latin		google_phones=b e . s i k
basil	basil	b e . s i l		spoken_nepali	google_ne_lr_2018	candidate_latin		google_phones=b e . s i l
basin	basin	b e . s i n		spoken_nepali	google_ne_lr_2018	candidate_latin		google_phones=b e . s i n
basket	basket	b aa s . k e tx		spoken_nepali	google_ne_lr_2018	candidate_latin		google_phones=b aa s . k e tt
basketball	basketball	b aa s . k e tx . b ax l		spoken_nepali	google_ne_lr_2018	candidate_latin		google_phones=b aa s . k e tt . b ax l
bat	bat	b y aa tx		spoken_nepali	google_ne_lr_2018	candidate_latin		google_phones=b y aa tt
baten	baten	b aa . tx e n		spoken_nepali	google_ne_lr_2018	candidate_latin		google_phones=b aa . tt e n
bath	bath	b aa th		spoken_nepali	google_ne_lr_2018	candidate_latin		google_phones=b aa th
bathroom	bathroom	b aa th . r u m		spoken_nepali	google_ne_lr_2018	candidate_latin		google_phones=b aa th . r u m
batman	batman	b y aa tx . m y aa n		spoken_nepali	google_ne_lr_2018	candidate_latin		google_phones=b y aa tt . m y aa n
battle	battle	b y aa . tx ax l		spoken_nepali	google_ne_lr_2018	candidate_latin		google_phones=b y aa . tt ax l
bauhinia	bauhinia	b aaw . h i . n i . y aa		spoken_nepali	google_ne_lr_2018	candidate_latin		google_phones=b aaw . h i . n i . y aa
bauxite	bauxite	b ax k . s aaj tx		spoken_nepali	google_ne_lr_2018	candidate_latin		google_phones=b ax k . s aaj tt
bavaria	bavaria	b aa . bh e . r i . y aa		spoken_nepali	google_ne_lr_2018	candidate_latin		google_phones=b aa . bh e . r i . y aa
baxter	baxter	b y aa k s . tx ax r		spoken_nepali	google_ne_lr_2018	candidate_latin		google_phones=b y aa k s . tt ax r
bayer	bayer	b e . y ax r		spoken_nepali	google_ne_lr_2018	candidate_latin		google_phones=b e . y ax r
bazaar	bazaar	b ax . dz aa r		spoken_nepali	google_ne_lr_2018	candidate_latin		google_phones=b ax . jh aa r
bazar	bazar	b ax . dz aa r		spoken_nepali	google_ne_lr_2018	candidate_latin		google_phones=b ax . jh aa r
beach	beach	b i ts		spoken_nepali	google_ne_lr_2018	candidate_latin		google_phones=b i ts
beacon	beacon	b i . k ax n		spoken_nepali	google_ne_lr_2018	candidate_latin		google_phones=b i . k ax n
beak	beak	b i k		spoken_nepali	google_ne_lr_2018	candidate_latin		google_phones=b i k
bean	bean	b i n		spoken_nepali	google_ne_lr_2018	candidate_latin		google_phones=b i n
beard	beard	b i . y ax r dx		spoken_nepali	google_ne_lr_2018	candidate_latin		google_phones=b i . y ax r dd
bearing	bearing	b i . y ax . r i ng		spoken_nepali	google_ne_lr_2018	candidate_latin		google_phones=b i . y ax . r i ng
beast	beast	b i s tx		spoken_nepali	google_ne_lr_2018	candidate_latin		google_phones=b i s tt
beat	beat	b i tx		spoken_nepali	google_ne_lr_2018	candidate_latin		google_phones=b i tt
beautiful	beautiful	b y u . tx i . ph u l		spoken_nepali	google_ne_lr_2018	candidate_latin		google_phones=b y u . tt i . ph u l
beca	beca	b e . k aa		spoken_nepali	google_ne_lr_2018	candidate_latin		google_phones=b e . k aa
becker	becker	b e . k ax r		spoken_nepali	google_ne_lr_2018	candidate_latin		google_phones=b e . k ax r
beckham	beckham	b e k . h ax m		spoken_nepali	google_ne_lr_2018	candidate_latin		google_phones=b e k . h ax m
becton	becton	b e k . tx ax n		spoken_nepali	google_ne_lr_2018	candidate_latin		google_phones=b e k . tt ax n
bed	bed	b e dx		spoken_nepali	google_ne_lr_2018	candidate_latin		google_phones=b e dd
bedroom	bedroom	b e dx . r u m		spoken_nepali	google_ne_lr_2018	candidate_latin		google_phones=b e dd . r u m
bedtime	bedtime	b e dx . t aaj m		spoken_nepali	google_ne_lr_2018	candidate_latin		google_phones=b e dd . t aaj m
beechcraft	beechcraft	b i ts . k r aa ph tx		spoken_nepali	google_ne_lr_2018	candidate_latin		google_phones=b i ts . k r aa ph tt
beehive	beehive	b i . h axj bh		spoken_nepali	google_ne_lr_2018	candidate_latin		google_phones=b i . h axj bh
beekeeping	beekeeping	b i . k i . p i ng		spoken_nepali	google_ne_lr_2018	candidate_latin		google_phones=b i . k i . p i ng
beetle	beetle	b i . tx ax l		spoken_nepali	google_ne_lr_2018	candidate_latin		google_phones=b i . tt ax l
beggars	beggars	b e . g ax r s		spoken_nepali	google_ne_lr_2018	candidate_latin		google_phones=b e . g ax r s
behave	behave	b i . h e b		spoken_nepali	google_ne_lr_2018	candidate_latin		google_phones=b i . h e b
behavior	behavior	b i . h e . b i . y ax r		spoken_nepali	google_ne_lr_2018	candidate_latin		google_phones=b i . h e . b i . y ax r
behaviour	behaviour	b i . h e . b i . y ax r		spoken_nepali	google_ne_lr_2018	candidate_latin		google_phones=b i . h e . b i . y ax r
belarus	belarus	b e . l aa . r u s		spoken_nepali	google_ne_lr_2018	candidate_latin		google_phones=b e . l aa . r u s
believer	believer	b i . l i . bh ax r		spoken_nepali	google_ne_lr_2018	candidate_latin		google_phones=b i . l i . bh ax r
bell	bell	b e l		spoken_nepali	google_ne_lr_2018	candidate_latin		google_phones=b e l
belt	belt	b e l tx		spoken_nepali	google_ne_lr_2018	candidate_latin		google_phones=b e l tt
bemis	bemis	b e . m i s		spoken_nepali	google_ne_lr_2018	candidate_latin		google_phones=b e . m i s
bengal	bengal	b e ng . g aa l		spoken_nepali	google_ne_lr_2018	candidate_latin		google_phones=b e ng . g aa l
benjamin	benjamin	b e n . dz aa . m i n		spoken_nepali	google_ne_lr_2018	candidate_latin		google_phones=b e n . jh aa . m i n
benzene	benzene	b e n . dz i n		spoken_nepali	google_ne_lr_2018	candidate_latin		google_phones=b e n . jh i n
benzoic	benzoic	b e n . dz oj k		spoken_nepali	google_ne_lr_2018	candidate_latin		google_phones=b e n . jh oj k
berkshire	berkshire	b ax r k . s aa . y ax r		spoken_nepali	google_ne_lr_2018	candidate_latin		google_phones=b ax r k . s aa . y ax r
berlin	berlin	b e r . l i n		spoken_nepali	google_ne_lr_2018	candidate_latin		google_phones=b e r . l i n
bermuda	bermuda	b ax r . m u . dx aa		spoken_nepali	google_ne_lr_2018	candidate_latin		google_phones=b ax r . m u . dd aa
beryllium	beryllium	b i . r i . l i . y ax m		spoken_nepali	google_ne_lr_2018	candidate_latin		google_phones=b i . r i . l i . y ax m
best	best	b e s tx		spoken_nepali	google_ne_lr_2018	candidate_latin		google_phones=b e s tt
bet	bet	b e tx		spoken_nepali	google_ne_lr_2018	candidate_latin		google_phones=b e tt
bethe	bethe	b e . th e		spoken_nepali	google_ne_lr_2018	candidate_latin		google_phones=b e . th e
betta	betta	b e . tx aa		spoken_nepali	google_ne_lr_2018	candidate_latin		google_phones=b e . tt aa
betting	betting	b e . tx i ng		spoken_nepali	google_ne_lr_2018	candidate_latin		google_phones=b e . tt i ng
beyond	beyond	b i . y o n dx		spoken_nepali	google_ne_lr_2018	candidate_latin		google_phones=b i . y o n dd
bhaccha	bhaccha	bh aa ts . tsh aa		spoken_nepali	google_ne_lr_2018	candidate_latin		google_phones=bh aa ts . tsh aa
bhadragol	bhadragol	bh ax d . d r ax . g o l		spoken_nepali	google_ne_lr_2018	candidate_latin		google_phones=bh ax d . d r ax . g o l
bhai	bhai	bh aaj		spoken_nepali	google_ne_lr_2018	candidate_latin		google_phones=bh aaj
bhaijaan	bhaijaan	bh aaj . dz aa n		spoken_nepali	google_ne_lr_2018	candidate_latin		google_phones=bh aaj . jh aa n
bhairab	bhairab	bh axj . r ax b		spoken_nepali	google_ne_lr_2018	candidate_latin		google_phones=bh axj . r ax b
bhajan	bhajan	bh ax . dz ax n		spoken_nepali	google_ne_lr_2018	candidate_latin		google_phones=bh ax . jh ax n
bhakta	bhakta	bh ax k . t ax		spoken_nepali	google_ne_lr_2018	candidate_latin		google_phones=bh ax k . t ax
bhalerao	bhalerao	bh aa . l e . r aa . o		spoken_nepali	google_ne_lr_2018	candidate_latin		google_phones=bh aa . l e . r aa . o
bhanai	bhanai	bh ax . n aaj		spoken_nepali	google_ne_lr_2018	candidate_latin		google_phones=bh ax . n aaj
bhang	bhang	bh aa ng		spoken_nepali	google_ne_lr_2018	candidate_latin		google_phones=bh aa ng
bhangra	bhangra	bh aa ng . g r aa		spoken_nepali	google_ne_lr_2018	candidate_latin		google_phones=bh aa ng . g r aa
bhar	bhar	bh aa r		spoken_nepali	google_ne_lr_2018	candidate_latin		google_phones=bh aa r
bharadwaj	bharadwaj	bh aa . r ax . d w aa dz		spoken_nepali	google_ne_lr_2018	candidate_latin		google_phones=bh aa . r ax . d w aa jh
bharat	bharat	bh ax . r ax t		spoken_nepali	google_ne_lr_2018	candidate_latin		google_phones=bh ax . r ax t
bharath	bharath	bh aa . r ax t		spoken_nepali	google_ne_lr_2018	candidate_latin		google_phones=bh aa . r ax t
bharwana	bharwana	bh ax r . w ax . n ax		spoken_nepali	google_ne_lr_2018	candidate_latin		google_phones=bh ax r . w ax . n ax
bhatar	bhatar	bh aa . t ax r		spoken_nepali	google_ne_lr_2018	candidate_latin		google_phones=bh aa . t ax r
bhatta	bhatta	bh ax tx . tx ax		spoken_nepali	google_ne_lr_2018	candidate_latin		google_phones=bh ax tt . tt ax
bhattacharya	bhattacharya	bh ax tx . tx ax . ts aa r . y ax		spoken_nepali	google_ne_lr_2018	candidate_latin		google_phones=bh ax tt . tt ax . ts aa r . y ax
bhattarai	bhattarai	bh ax tx . tx ax . r aaj		spoken_nepali	google_ne_lr_2018	candidate_latin		google_phones=bh ax tt . tt ax . r aaj
bhature	bhature	bh ax . tx u . r e		spoken_nepali	google_ne_lr_2018	candidate_latin		google_phones=bh ax . tt u . r e
bhim	bhim	bh i m		spoken_nepali	google_ne_lr_2018	candidate_latin		google_phones=bh i m
bhosale	bhosale	bh o s . l e		spoken_nepali	google_ne_lr_2018	candidate_latin		google_phones=bh o s . l e
bhramarpura	bhramarpura	b r ax m . m ax r . p u . r aa		spoken_nepali	google_ne_lr_2018	candidate_latin		google_phones=b r ax m . m ax r . p u . r aa
bhuja	bhuja	bh u . dz aa		spoken_nepali	google_ne_lr_2018	candidate_latin		google_phones=bh u . jh aa
bhutan	bhutan	bh u . tx aa n		spoken_nepali	google_ne_lr_2018	candidate_latin		google_phones=bh u . tt aa n
bhutia	bhutia	bh u . tx i . y aa		spoken_nepali	google_ne_lr_2018	candidate_latin		google_phones=bh u . tt i . y aa
bhuwan	bhuwan	bh u . w ax n		spoken_nepali	google_ne_lr_2018	candidate_latin		google_phones=bh u . w ax n
bias	bias	b aa . y ax s		spoken_nepali	google_ne_lr_2018	candidate_latin		google_phones=b aa . y ax s
bible	bible	b aaj . b ax l		spoken_nepali	google_ne_lr_2018	candidate_latin		google_phones=b aaj . b ax l
bicameralism	bicameralism	b i . k aa . m e . r ax . l i dz m		spoken_nepali	google_ne_lr_2018	candidate_latin		google_phones=b i . k aa . m e . r ax . l i jh m
bicarbonate	bicarbonate	b aaj . k aa r . b o . n e tx		spoken_nepali	google_ne_lr_2018	candidate_latin		google_phones=b aaj . k aa r . b o . n e tt
biceps	biceps	b aaj . s e p s		spoken_nepali	google_ne_lr_2018	candidate_latin		google_phones=b aaj . s e p s
bicycle	bicycle	b aaj . s aaj . k ax l		spoken_nepali	google_ne_lr_2018	candidate_latin		google_phones=b aaj . s aaj . k ax l
bidhan	bidhan	b i . dh aa n		spoken_nepali	google_ne_lr_2018	candidate_latin		google_phones=b i . dh aa n
bidur	bidur	b i . d u r		spoken_nepali	google_ne_lr_2018	candidate_latin		google_phones=b i . d u r
big	big	b i g		spoken_nepali	google_ne_lr_2018	candidate_latin		google_phones=b i g
bigbang	bigbang	b i g . b y aa ng		spoken_nepali	google_ne_lr_2018	candidate_latin		google_phones=b i g . b y aa ng
bihar	bihar	b i . h aa r		spoken_nepali	google_ne_lr_2018	candidate_latin		google_phones=b i . h aa r
bijay	bijay	b i . dz ax . y ax		spoken_nepali	google_ne_lr_2018	candidate_latin		google_phones=b i . jh ax . y ax
bikal	bikal	b i . k ax l		spoken_nepali	google_ne_lr_2018	candidate_latin		google_phones=b i . k ax l
bike	bike	b aaj k		spoken_nepali	google_ne_lr_2018	candidate_latin		google_phones=b aaj k
biking	biking	b aaj . k i ng		spoken_nepali	google_ne_lr_2018	candidate_latin		google_phones=b aaj . k i ng
bikram	bikram	b i k . k r ax m		spoken_nepali	google_ne_lr_2018	candidate_latin		google_phones=b i k . k r ax m
bilaspur	bilaspur	b i . l aa s . p u r		spoken_nepali	google_ne_lr_2018	candidate_latin		google_phones=b i . l aa s . p u r
bile	bile	b aaj l		spoken_nepali	google_ne_lr_2018	candidate_latin		google_phones=b aaj l
bill	bill	b i l		spoken_nepali	google_ne_lr_2018	candidate_latin		google_phones=b i l
billa	billa	b i l . l aa		spoken_nepali	google_ne_lr_2018	candidate_latin		google_phones=b i l . l aa
billion	billion	b i . l i . y ax n		spoken_nepali	google_ne_lr_2018	candidate_latin		google_phones=b i . l i . y ax n
billionaire	billionaire	b i . l i . y ax . n aa . y aa r		spoken_nepali	google_ne_lr_2018	candidate_latin		google_phones=b i . l i . y ax . n aa . y aa r
bimala	bimala	b i . m ax . l aa		spoken_nepali	google_ne_lr_2018	candidate_latin		google_phones=b i . m ax . l aa
binaytara	binaytara	b i . n ax . y ax . t aa . r aa		spoken_nepali	google_ne_lr_2018	candidate_latin		google_phones=b i . n ax . y ax . t aa . r aa
bindaas	bindaas	b i n . d aa s		spoken_nepali	google_ne_lr_2018	candidate_latin		google_phones=b i n . d aa s
bindiya	bindiya	b i n . dx i . y aa		spoken_nepali	google_ne_lr_2018	candidate_latin		google_phones=b i n . dd i . y aa
bingo	bingo	b i ng . g o		spoken_nepali	google_ne_lr_2018	candidate_latin		google_phones=b i ng . g o
binita	binita	b i . n i . t aa		spoken_nepali	google_ne_lr_2018	candidate_latin		google_phones=b i . n i . t aa
binocular	binocular	b aaj . n aa . k u . l ax r		spoken_nepali	google_ne_lr_2018	candidate_latin		google_phones=b aaj . n aa . k u . l ax r
binod	binod	b i . n o d		spoken_nepali	google_ne_lr_2018	candidate_latin		google_phones=b i . n o d
binomial	binomial	b aaj . n o . m i . n ax l		spoken_nepali	google_ne_lr_2018	candidate_latin		google_phones=b aaj . n o . m i . n ax l
biochemist	biochemist	b aa . y o . k e . m i s tx		spoken_nepali	google_ne_lr_2018	candidate_latin		google_phones=b aa . y o . k e . m i s tt
biodiesel	biodiesel	b aa . y o . dx i . dz e l		spoken_nepali	google_ne_lr_2018	candidate_latin		google_phones=b aa . y o . dd i . jh e l
bioethics	bioethics	b aa . y o . e . th i k s		spoken_nepali	google_ne_lr_2018	candidate_latin		google_phones=b aa . y o . e . th i k s
biofuel	biofuel	b aa . y o . ph y u l		spoken_nepali	google_ne_lr_2018	candidate_latin		google_phones=b aa . y o . ph y u l
biogen	biogen	b aa . y o . dz i n		spoken_nepali	google_ne_lr_2018	candidate_latin		google_phones=b aa . y o . jh i n
bioinformatics	bioinformatics	b aa . y o . i n . ph o r . m y aa . tx i k s		spoken_nepali	google_ne_lr_2018	candidate_latin		google_phones=b aa . y o . i n . ph o r . m y aa . tt i k s
biological	biological	b aa . y o . l o . g i . k ax l		spoken_nepali	google_ne_lr_2018	candidate_latin		google_phones=b aa . y o . l o . g i . k ax l
biomedical	biomedical	b aa . y o . m e . dx i . k ax l		spoken_nepali	google_ne_lr_2018	candidate_latin		google_phones=b aa . y o . m e . dd i . k ax l
biometrics	biometrics	b aa . y o . m e tx . tx r i k s		spoken_nepali	google_ne_lr_2018	candidate_latin		google_phones=b aa . y o . m e tt . tt r i k s
biomolecule	biomolecule	b aa . y o . m o . l i . k y u l		spoken_nepali	google_ne_lr_2018	candidate_latin		google_phones=b aa . y o . m o . l i . k y u l
bios	bios	b aa . y o s		spoken_nepali	google_ne_lr_2018	candidate_latin		google_phones=b aa . y o s
biosphere	biosphere	b aa . y o s . ph i . y ax r		spoken_nepali	google_ne_lr_2018	candidate_latin		google_phones=b aa . y o s . ph i . y ax r
bioterrorism	bioterrorism	b aa . y o . tx e . r ax . r i . dz ax m		spoken_nepali	google_ne_lr_2018	candidate_latin		google_phones=b aa . y o . tt e . r ax . r i . jh ax m
bipedalism	bipedalism	b i . p e . dx aa . l i dz m		spoken_nepali	google_ne_lr_2018	candidate_latin		google_phones=b i . p e . dd aa . l i jh m
bipul	bipul	b i . p u l		spoken_nepali	google_ne_lr_2018	candidate_latin		google_phones=b i . p u l
bir	bir	b i r		spoken_nepali	google_ne_lr_2018	candidate_latin		google_phones=b i r
biraj	biraj	b i . r aa dz		spoken_nepali	google_ne_lr_2018	candidate_latin		google_phones=b i . r aa jh
birbal	birbal	b i r . b ax l		spoken_nepali	google_ne_lr_2018	candidate_latin		google_phones=b i r . b ax l
bird	bird	b ax r dx		spoken_nepali	google_ne_lr_2018	candidate_latin		google_phones=b ax r dd
birendra	birendra	b i . r e n . d r ax		spoken_nepali	google_ne_lr_2018	candidate_latin		google_phones=b i . r e n . d r ax
birla	birla	b i r . l aa		spoken_nepali	google_ne_lr_2018	candidate_latin		google_phones=b i r . l aa
birth	birth	b ax r th		spoken_nepali	google_ne_lr_2018	candidate_latin		google_phones=b ax r th
birthday	birthday	b ax r th . dx e		spoken_nepali	google_ne_lr_2018	candidate_latin		google_phones=b ax r th . dd e
birthmark	birthmark	b ax r th . m aa r k		spoken_nepali	google_ne_lr_2018	candidate_latin		google_phones=b ax r th . m aa r k
birupakshya	birupakshya	b i . r u . p aa k . tsh y ax		spoken_nepali	google_ne_lr_2018	candidate_latin		google_phones=b i . r u . p aa k . tsh y ax
biscuit	biscuit	b i s . k i tx		spoken_nepali	google_ne_lr_2018	candidate_latin		google_phones=b i s . k i tt
bishop	bishop	b i . s ax p		spoken_nepali	google_ne_lr_2018	candidate_latin		google_phones=b i . s ax p
bittorrent	bittorrent	b i tx . tx o . r e n tx		spoken_nepali	google_ne_lr_2018	candidate_latin		google_phones=b i tt . tt o . r e n tt
black	black	b l y aa k		spoken_nepali	google_ne_lr_2018	candidate_latin		google_phones=b l y aa k
blackbeard	blackbeard	b l y aa k . b i . y ax r dx		spoken_nepali	google_ne_lr_2018	candidate_latin		google_phones=b l y aa k . b i . y ax r dd
blacklisting	blacklisting	b l y aa k . l i s . tx i ng		spoken_nepali	google_ne_lr_2018	candidate_latin		google_phones=b l y aa k . l i s . tt i ng
blackmail	blackmail	b l y aa k . m e l		spoken_nepali	google_ne_lr_2018	candidate_latin		google_phones=b l y aa k . m e l
blackpool	blackpool	b l y aa k . p u l		spoken_nepali	google_ne_lr_2018	candidate_latin		google_phones=b l y aa k . p u l
blackrock	blackrock	b l y aa k . r ax k		spoken_nepali	google_ne_lr_2018	candidate_latin		google_phones=b l y aa k . r ax k
blacksburg	blacksburg	b l y aa k s . b ax r g		spoken_nepali	google_ne_lr_2018	candidate_latin		google_phones=b l y aa k s . b ax r g
blackstone	blackstone	b l y aa k . s tx o n		spoken_nepali	google_ne_lr_2018	candidate_latin		google_phones=b l y aa k . s tt o n
bladder	bladder	b l aa . dx ax r		spoken_nepali	google_ne_lr_2018	candidate_latin		google_phones=b l aa . dd ax r
blade	blade	b l e dx		spoken_nepali	google_ne_lr_2018	candidate_latin		google_phones=b l e dd
blaise	blaise	b l aaj s		spoken_nepali	google_ne_lr_2018	candidate_latin		google_phones=b l aaj s
blame	blame	b l e m		spoken_nepali	google_ne_lr_2018	candidate_latin		google_phones=b l e m
bleeding	bleeding	b l i . dx i ng		spoken_nepali	google_ne_lr_2018	candidate_latin		google_phones=b l i . dd i ng
blessing	blessing	b l e . s i ng		spoken_nepali	google_ne_lr_2018	candidate_latin		google_phones=b l e . s i ng
blind	blind	b l aaj n dx		spoken_nepali	google_ne_lr_2018	candidate_latin		google_phones=b l aaj n dd
blindness	blindness	b l aaj n dx . n e s		spoken_nepali	google_ne_lr_2018	candidate_latin		google_phones=b l aaj n dd . n e s
bloat	bloat	b l o tx		spoken_nepali	google_ne_lr_2018	candidate_latin		google_phones=b l o tt
block	block	b l ax k		spoken_nepali	google_ne_lr_2018	candidate_latin		google_phones=b l ax k
blog	blog	b l ax g		spoken_nepali	google_ne_lr_2018	candidate_latin		google_phones=b l ax g
blogger	blogger	b l ax . g ax r		spoken_nepali	google_ne_lr_2018	candidate_latin		google_phones=b l ax . g ax r
blond	blond	b l ax n dx		spoken_nepali	google_ne_lr_2018	candidate_latin		google_phones=b l ax n dd
blood	blood	b l ax dx		spoken_nepali	google_ne_lr_2018	candidate_latin		google_phones=b l ax dd
blooper	blooper	b l u . p ax r		spoken_nepali	google_ne_lr_2018	candidate_latin		google_phones=b l u . p ax r
bluetooth	bluetooth	b l u . tx u th		spoken_nepali	google_ne_lr_2018	candidate_latin		google_phones=b l u . tt u th
board	board	b o r dx		spoken_nepali	google_ne_lr_2018	candidate_latin		google_phones=b o r dd
boarding	boarding	b o r . dx i ng		spoken_nepali	google_ne_lr_2018	candidate_latin		google_phones=b o r . dd i ng
boat	boat	b o tx		spoken_nepali	google_ne_lr_2018	candidate_latin		google_phones=b o tt
bob	bob	b ax b		spoken_nepali	google_ne_lr_2018	candidate_latin		google_phones=b ax b
bodh	bodh	b o dh		spoken_nepali	google_ne_lr_2018	candidate_latin		google_phones=b o dh
bodhidharma	bodhidharma	b o . dh i . dh ax r . m ax		spoken_nepali	google_ne_lr_2018	candidate_latin		google_phones=b o . dh i . dh ax r . m ax
bodhisattva	bodhisattva	b o . dh i . s ax t . t w ax		spoken_nepali	google_ne_lr_2018	candidate_latin		google_phones=b o . dh i . s ax t . t w ax
bodybuilding	bodybuilding	b o . dx i . b i l . dx i ng		spoken_nepali	google_ne_lr_2018	candidate_latin		google_phones=b o . dd i . b i l . dd i ng
bodysuit	bodysuit	b o . dx i . s u tx		spoken_nepali	google_ne_lr_2018	candidate_latin		google_phones=b o . dd i . s u tt
boeing	boeing	b o . y i ng		spoken_nepali	google_ne_lr_2018	candidate_latin		google_phones=b o . y i ng
bohr	bohr	b o r		spoken_nepali	google_ne_lr_2018	candidate_latin		google_phones=b o r
boiling	boiling	b oj . l i ng		spoken_nepali	google_ne_lr_2018	candidate_latin		google_phones=b oj . l i ng
boishakh	boishakh	b oj . s aa kh		spoken_nepali	google_ne_lr_2018	candidate_latin		google_phones=b oj . s aa kh
bol	bol	b o l		spoken_nepali	google_ne_lr_2018	candidate_latin		google_phones=b o l
boldness	boldness	b o l dx . n e s		spoken_nepali	google_ne_lr_2018	candidate_latin		google_phones=b o l dd . n e s
bollywood	bollywood	b ax . l i . w u dx		spoken_nepali	google_ne_lr_2018	candidate_latin		google_phones=b ax . l i . w u dd
bomb	bomb	b ax m		spoken_nepali	google_ne_lr_2018	candidate_latin		google_phones=b ax m
bombay	bombay	b ax m . b e		spoken_nepali	google_ne_lr_2018	candidate_latin		google_phones=b ax m . b e
bon	bon	b o n		spoken_nepali	google_ne_lr_2018	candidate_latin		google_phones=b o n
bond	bond	b ax n dx		spoken_nepali	google_ne_lr_2018	candidate_latin		google_phones=b ax n dd
bone	bone	b o n		spoken_nepali	google_ne_lr_2018	candidate_latin		google_phones=b o n
bones	bones	b o n s		spoken_nepali	google_ne_lr_2018	candidate_latin		google_phones=b o n s
boog	boog	b u g		spoken_nepali	google_ne_lr_2018	candidate_latin		google_phones=b u g
book	book	b u k		spoken_nepali	google_ne_lr_2018	candidate_latin		google_phones=b u k
books	books	b u k s		spoken_nepali	google_ne_lr_2018	candidate_latin		google_phones=b u k s
boolean	boolean	b u . l i . y ax n		spoken_nepali	google_ne_lr_2018	candidate_latin		google_phones=b u . l i . y ax n
boom	boom	b u m		spoken_nepali	google_ne_lr_2018	candidate_latin		google_phones=b u m
boomerang	boomerang	b u . m ax . r y aa ng		spoken_nepali	google_ne_lr_2018	candidate_latin		google_phones=b u . m ax . r y aa ng
boone	boone	b u n		spoken_nepali	google_ne_lr_2018	candidate_latin		google_phones=b u n
boot	boot	b u tx		spoken_nepali	google_ne_lr_2018	candidate_latin		google_phones=b u tt
booting	booting	b u . tx i ng		spoken_nepali	google_ne_lr_2018	candidate_latin		google_phones=b u . tt i ng
booz	booz	b u dz		spoken_nepali	google_ne_lr_2018	candidate_latin		google_phones=b u jh
border	border	b o r . dx ax r		spoken_nepali	google_ne_lr_2018	candidate_latin		google_phones=b o r . dd ax r
borgwarner	borgwarner	b ax r g . w aa r . n ax r		spoken_nepali	google_ne_lr_2018	candidate_latin		google_phones=b ax r g . w aa r . n ax r
borussia	borussia	b o . r u . s i . y aa		spoken_nepali	google_ne_lr_2018	candidate_latin		google_phones=b o . r u . s i . y aa
bose	bose	b o s		spoken_nepali	google_ne_lr_2018	candidate_latin		google_phones=b o s
boson	boson	b o . s ax n		spoken_nepali	google_ne_lr_2018	candidate_latin		google_phones=b o . s ax n
boss	boss	b o s		spoken_nepali	google_ne_lr_2018	candidate_latin		google_phones=b o s
boston	boston	b o s . tx ax n		spoken_nepali	google_ne_lr_2018	candidate_latin		google_phones=b o s . tt ax n
botswana	botswana	b o t . s w aa . n aa		spoken_nepali	google_ne_lr_2018	candidate_latin		google_phones=b o t . s w aa . n aa
bottle	bottle	b o . tx ax l		spoken_nepali	google_ne_lr_2018	candidate_latin		google_phones=b o . tt ax l
bound	bound	b aaw n dx		spoken_nepali	google_ne_lr_2018	candidate_latin		google_phones=b aaw n dd
bounded	bounded	b aaw n . dx e dx		spoken_nepali	google_ne_lr_2018	candidate_latin		google_phones=b aaw n . dd e dd
bow	bow	b ow		spoken_nepali	google_ne_lr_2018	candidate_latin		google_phones=b ow
bowling	bowling	b axw . l i ng		spoken_nepali	google_ne_lr_2018	candidate_latin		google_phones=b axw . l i ng
box	box	b ax k s		spoken_nepali	google_ne_lr_2018	candidate_latin		google_phones=b ax k s
boxing	boxing	b ax k . s i ng		spoken_nepali	google_ne_lr_2018	candidate_latin		google_phones=b ax k . s i ng
boy	boy	b w oj		spoken_nepali	google_ne_lr_2018	candidate_latin		google_phones=b w oj
boyfriend	boyfriend	b oj . ph r e n dx		spoken_nepali	google_ne_lr_2018	candidate_latin		google_phones=b oj . ph r e n dd
boys	boys	b w aaj dz		spoken_nepali	google_ne_lr_2018	candidate_latin		google_phones=b w aaj jh
bracelet	bracelet	b r aa s . l e tx		spoken_nepali	google_ne_lr_2018	candidate_latin		google_phones=b r aa s . l e tt
brahma	brahma	b r ax m . m h aa		spoken_nepali	google_ne_lr_2018	candidate_latin		google_phones=b r ax m . m h aa
brahmacharya	brahmacharya	b r ax m . m ax . ts ax r . y ax		spoken_nepali	google_ne_lr_2018	candidate_latin		google_phones=b r ax m . m ax . ts ax r . y ax
brahmanandam	brahmanandam	b r ax h . m aa . n ax n . d ax m		spoken_nepali	google_ne_lr_2018	candidate_latin		google_phones=b r ax h . m aa . n ax n . d ax m
brahmanandan	brahmanandan	b r ax h . m aa . n ax n . d ax n		spoken_nepali	google_ne_lr_2018	candidate_latin		google_phones=b r ax h . m aa . n ax n . d ax n
brahmaputra	brahmaputra	b r ax m . m h ax . p u t . t r ax		spoken_nepali	google_ne_lr_2018	candidate_latin		google_phones=b r ax m . m h ax . p u t . t r ax
brahmin	brahmin	b r aa h . m i n		spoken_nepali	google_ne_lr_2018	candidate_latin		google_phones=b r aa h . m i n
braille	braille	b r e l		spoken_nepali	google_ne_lr_2018	candidate_latin		google_phones=b r e l
brain	brain	b r e n		spoken_nepali	google_ne_lr_2018	candidate_latin		google_phones=b r e n
brainstem	brainstem	b r e n . s tx e m		spoken_nepali	google_ne_lr_2018	candidate_latin		google_phones=b r e n . s tt e m
brand	brand	b r aa n dx		spoken_nepali	google_ne_lr_2018	candidate_latin		google_phones=b r aa n dd
brands	brands	b r aa n dx s		spoken_nepali	google_ne_lr_2018	candidate_latin		google_phones=b r aa n dd s
brasil	brasil	b r aa . dz i l		spoken_nepali	google_ne_lr_2018	candidate_latin		google_phones=b r aa . jh i l
brass	brass	b r aa s		spoken_nepali	google_ne_lr_2018	candidate_latin		google_phones=b r aa s
brazil	brazil	b r aa . dz i l		spoken_nepali	google_ne_lr_2018	candidate_latin		google_phones=b r aa . jh i l
bread	bread	b r e dx		spoken_nepali	google_ne_lr_2018	candidate_latin		google_phones=b r e dd
breadbasket	breadbasket	b r e dx . b aa s . k e tx		spoken_nepali	google_ne_lr_2018	candidate_latin		google_phones=b r e dd . b aa s . k e tt
break	break	b r e k		spoken_nepali	google_ne_lr_2018	candidate_latin		google_phones=b r e k
breaker	breaker	b r e . k ax r		spoken_nepali	google_ne_lr_2018	candidate_latin		google_phones=b r e . k ax r
breakers	breakers	b r e . k ax r s		spoken_nepali	google_ne_lr_2018	candidate_latin		google_phones=b r e . k ax r s
breakfast	breakfast	b r e k . ph aa s tx		spoken_nepali	google_ne_lr_2018	candidate_latin		google_phones=b r e k . ph aa s tt
breast	breast	b r e s tx		spoken_nepali	google_ne_lr_2018	candidate_latin		google_phones=b r e s tt
breaststroke	breaststroke	b r e s tx . s tx r o k		spoken_nepali	google_ne_lr_2018	candidate_latin		google_phones=b r e s tt . s tt r o k
breed	breed	b r i dx		spoken_nepali	google_ne_lr_2018	candidate_latin		google_phones=b r i dd
breeze	breeze	b r i dz		spoken_nepali	google_ne_lr_2018	candidate_latin		google_phones=b r i jh
bremen	bremen	b r e . m e n		spoken_nepali	google_ne_lr_2018	candidate_latin		google_phones=b r e . m e n
brent	brent	b r e n tx		spoken_nepali	google_ne_lr_2018	candidate_latin		google_phones=b r e n tt
brian	brian	b r aaj n		spoken_nepali	google_ne_lr_2018	candidate_latin		google_phones=b r aaj n
brick	brick	b r i k		spoken_nepali	google_ne_lr_2018	candidate_latin		google_phones=b r i k
bridge	bridge	b r i dz		spoken_nepali	google_ne_lr_2018	candidate_latin		google_phones=b r i jh
bridgeport	bridgeport	b r i dz . p o r tx		spoken_nepali	google_ne_lr_2018	candidate_latin		google_phones=b r i jh . p o r tt
bridgewater	bridgewater	b r i dz . w aa . tx ax r		spoken_nepali	google_ne_lr_2018	candidate_latin		google_phones=b r i jh . w aa . tt ax r
brief	brief	b r i ph		spoken_nepali	google_ne_lr_2018	candidate_latin		google_phones=b r i ph
briefs	briefs	b r i ph s		spoken_nepali	google_ne_lr_2018	candidate_latin		google_phones=b r i ph s
briga	briga	b r i . g aa		spoken_nepali	google_ne_lr_2018	candidate_latin		google_phones=b r i . g aa
brigade	brigade	b r i . g e dx		spoken_nepali	google_ne_lr_2018	candidate_latin		google_phones=b r i . g e dd
bring	bring	b r i ng		spoken_nepali	google_ne_lr_2018	candidate_latin		google_phones=b r i ng
bristolmyers	bristolmyers	b r i s . tx o l . m aaj . y ax r s		spoken_nepali	google_ne_lr_2018	candidate_latin		google_phones=b r i s . tt o l . m aaj . y ax r s
british	british	b r i . tx i s		spoken_nepali	google_ne_lr_2018	candidate_latin		google_phones=b r i . tt i s
bro	bro	b r o		spoken_nepali	google_ne_lr_2018	candidate_latin		google_phones=b r o
broadband	broadband	b r o dx . b y aa n dx		spoken_nepali	google_ne_lr_2018	candidate_latin		google_phones=b r o dd . b y aa n dd
broadcast	broadcast	b r o dx . k aa s tx		spoken_nepali	google_ne_lr_2018	candidate_latin		google_phones=b r o dd . k aa s tt
broadcasting	broadcasting	b r o dx . k aa s . tx i ng		spoken_nepali	google_ne_lr_2018	candidate_latin		google_phones=b r o dd . k aa s . tt i ng
broadcom	broadcom	b o r dx . k ax m		spoken_nepali	google_ne_lr_2018	candidate_latin		google_phones=b o r dd . k ax m
broasting	broasting	b r o s . tx i ng		spoken_nepali	google_ne_lr_2018	candidate_latin		google_phones=b r o s . tt i ng
broken	broken	b r o . k ax n		spoken_nepali	google_ne_lr_2018	candidate_latin		google_phones=b r o . k ax n
bromance	bromance	b r o . m aa n s		spoken_nepali	google_ne_lr_2018	candidate_latin		google_phones=b r o . m aa n s
bronze	bronze	b r o n dz		spoken_nepali	google_ne_lr_2018	candidate_latin		google_phones=b r o n jh
brooklyn	brooklyn	b r u k . l i n		spoken_nepali	google_ne_lr_2018	candidate_latin		google_phones=b r u k . l i n
brother	brother	b r ax . d ax r		spoken_nepali	google_ne_lr_2018	candidate_latin		google_phones=b r ax . d ax r
brown	brown	b r aaw n		spoken_nepali	google_ne_lr_2018	candidate_latin		google_phones=b r aaw n
bruce	bruce	b r u s		spoken_nepali	google_ne_lr_2018	candidate_latin		google_phones=b r u s
brussels	brussels	b r ax . s e l s		spoken_nepali	google_ne_lr_2018	candidate_latin		google_phones=b r ax . s e l s
bryan	bryan	b r aaj n		spoken_nepali	google_ne_lr_2018	candidate_latin		google_phones=b r aaj n
bryana	bryana	b r y aa . n aa		spoken_nepali	google_ne_lr_2018	candidate_latin		google_phones=b r y aa . n aa
bryophyte	bryophyte	b r aaj . y o . ph aaj tx		spoken_nepali	google_ne_lr_2018	candidate_latin		google_phones=b r aaj . y o . ph aaj tt
bubble	bubble	b ax . b ax l		spoken_nepali	google_ne_lr_2018	candidate_latin		google_phones=b ax . b ax l
bucket	bucket	b ax . k e tx		spoken_nepali	google_ne_lr_2018	candidate_latin		google_phones=b ax . k e tt
buckeye	buckeye	b ax k . aaj		spoken_nepali	google_ne_lr_2018	candidate_latin		google_phones=b ax k . aaj
buckingham	buckingham	b ax . k i ng . gh ax m		spoken_nepali	google_ne_lr_2018	candidate_latin		google_phones=b ax . k i ng . gh ax m
budai	budai	b u . dx axj		spoken_nepali	google_ne_lr_2018	candidate_latin		google_phones=b u . dd axj
budapest	budapest	b u . dx aa . p e s tx		spoken_nepali	google_ne_lr_2018	candidate_latin		google_phones=b u . dd aa . p e s tt
buddha	buddha	b u d . dh ax		spoken_nepali	google_ne_lr_2018	candidate_latin		google_phones=b u d . dh ax
buddhism	buddhism	b u d . dh i dz m		spoken_nepali	google_ne_lr_2018	candidate_latin		google_phones=b u d . dh i jh m
buddhist	buddhist	b u d . dh i s tx		spoken_nepali	google_ne_lr_2018	candidate_latin		google_phones=b u d . dh i s tt
budding	budding	b ax . dx i ng		spoken_nepali	google_ne_lr_2018	candidate_latin		google_phones=b ax . dd i ng
budget	budget	b ax . dz e tx		spoken_nepali	google_ne_lr_2018	candidate_latin		google_phones=b ax . jh e tt
budgeting	budgeting	b ax . dz e . tx i ng		spoken_nepali	google_ne_lr_2018	candidate_latin		google_phones=b ax . jh e . tt i ng
buffalo	buffalo	b ax . ph y aa . l o		spoken_nepali	google_ne_lr_2018	candidate_latin		google_phones=b ax . ph y aa . l o
buffett	buffett	b ax . ph e tx		spoken_nepali	google_ne_lr_2018	candidate_latin		google_phones=b ax . ph e tt
bug	bug	b ax g		spoken_nepali	google_ne_lr_2018	candidate_latin		google_phones=b ax g
building	building	b i l . dx i ng		spoken_nepali	google_ne_lr_2018	candidate_latin		google_phones=b i l . dd i ng
buist	buist	b i s tx		spoken_nepali	google_ne_lr_2018	candidate_latin		google_phones=b i s tt
bulbul	bulbul	b u l . b u l		spoken_nepali	google_ne_lr_2018	candidate_latin		google_phones=b u l . b u l
bulletin	bulletin	b u . l e . tx i n		spoken_nepali	google_ne_lr_2018	candidate_latin		google_phones=b u . l e . tt i n
bullfighting	bullfighting	b u l . ph aaj . tx i ng		spoken_nepali	google_ne_lr_2018	candidate_latin		google_phones=b u l . ph aaj . tt i ng
bullock	bullock	b u . l ax k		spoken_nepali	google_ne_lr_2018	candidate_latin		google_phones=b u . l ax k
bulma	bulma	b ax l . m aa		spoken_nepali	google_ne_lr_2018	candidate_latin		google_phones=b ax l . m aa
bump	bump	b ax m p		spoken_nepali	google_ne_lr_2018	candidate_latin		google_phones=b ax m p
bundesliga	bundesliga	b ax n . d e s . l i . g aa		spoken_nepali	google_ne_lr_2018	candidate_latin		google_phones=b ax n . d e s . l i . g aa
bungalow	bungalow	b ax ng . l aa		spoken_nepali	google_ne_lr_2018	candidate_latin		google_phones=b ax ng . l aa
bureau	bureau	b y u . r o		spoken_nepali	google_ne_lr_2018	candidate_latin		google_phones=b y u . r o
burger	burger	b ax r . g ax r		spoken_nepali	google_ne_lr_2018	candidate_latin		google_phones=b ax r . g ax r
burial	burial	b i . r i . y ax l		spoken_nepali	google_ne_lr_2018	candidate_latin		google_phones=b i . r i . y ax l
burman	burman	b ax r . m ax n		spoken_nepali	google_ne_lr_2018	candidate_latin		google_phones=b ax r . m ax n
burn	burn	b ax r n		spoken_nepali	google_ne_lr_2018	candidate_latin		google_phones=b ax r n
burqa	burqa	b u r . k aa		spoken_nepali	google_ne_lr_2018	candidate_latin		google_phones=b u r . k aa
bus	bus	b ax s		spoken_nepali	google_ne_lr_2018	candidate_latin		google_phones=b ax s
business	business	b i dz . n e s		spoken_nepali	google_ne_lr_2018	candidate_latin		google_phones=b i jh . n e s
businessperson	businessperson	b i dz . n e s . p ax r . s ax n		spoken_nepali	google_ne_lr_2018	candidate_latin		google_phones=b i jh . n e s . p ax r . s ax n
bustard	bustard	b ax s . tx ax r dx		spoken_nepali	google_ne_lr_2018	candidate_latin		google_phones=b ax s . tt ax r dd
busted	busted	b ax s . tx e dx		spoken_nepali	google_ne_lr_2018	candidate_latin		google_phones=b ax s . tt e dd
buttermilk	buttermilk	b ax . tx ax r . m i l k		spoken_nepali	google_ne_lr_2018	candidate_latin		google_phones=b ax . tt ax r . m i l k
button	button	b ax . tx ax n		spoken_nepali	google_ne_lr_2018	candidate_latin		google_phones=b ax . tt ax n
butyric	butyric	b y u . tx i . r i k		spoken_nepali	google_ne_lr_2018	candidate_latin		google_phones=b y u . tt i . r i k
buy	buy	b aaj		spoken_nepali	google_ne_lr_2018	candidate_latin		google_phones=b aaj
by	by	b aaj		spoken_nepali	google_ne_lr_2018	candidate_latin		google_phones=b aaj
byte	byte	b aaj tx		spoken_nepali	google_ne_lr_2018	candidate_latin		google_phones=b aaj tt
c	c	s i		spoken_nepali	google_ne_lr_2018	candidate_latin		google_phones=s i
cabinet	cabinet	k y aa . b i . n e tx		spoken_nepali	google_ne_lr_2018	candidate_latin		google_phones=k y aa . b i . n e tt
cable	cable	k e . b ax l		spoken_nepali	google_ne_lr_2018	candidate_latin		google_phones=k e . b ax l
cablevision	cablevision	k e . b ax l . bh i . dz ax n		spoken_nepali	google_ne_lr_2018	candidate_latin		google_phones=k e . b ax l . bh i . jh ax n
cache	cache	k y aa s		spoken_nepali	google_ne_lr_2018	candidate_latin		google_phones=k y aa s
cadence	cadence	k y aa . dx e n s		spoken_nepali	google_ne_lr_2018	candidate_latin		google_phones=k y aa . dd e n s
cadila	cadila	k aa . dx i . l aa		spoken_nepali	google_ne_lr_2018	candidate_latin		google_phones=k aa . dd i . l aa
caesars	caesars	s i . dz ax r s		spoken_nepali	google_ne_lr_2018	candidate_latin		google_phones=s i . jh ax r s
caffeine	caffeine	k y aa . ph i n		spoken_nepali	google_ne_lr_2018	candidate_latin		google_phones=k y aa . ph i n
cage	cage	k e dz		spoken_nepali	google_ne_lr_2018	candidate_latin		google_phones=k e jh
cairo	cairo	k aa . y ax . r o		spoken_nepali	google_ne_lr_2018	candidate_latin		google_phones=k aa . y ax . r o
cake	cake	k e k		spoken_nepali	google_ne_lr_2018	candidate_latin		google_phones=k e k
calculation	calculation	k y aa l . k u . l e . s ax n		spoken_nepali	google_ne_lr_2018	candidate_latin		google_phones=k y aa l . k u . l e . s ax n
calculator	calculator	k y aa l . k u . l e . tx ax r		spoken_nepali	google_ne_lr_2018	candidate_latin		google_phones=k y aa l . k u . l e . tt ax r
calculus	calculus	k y aa l . k u . l ax s		spoken_nepali	google_ne_lr_2018	candidate_latin		google_phones=k y aa l . k u . l ax s
calendar	calendar	k y aa . l e n . dx ax r		spoken_nepali	google_ne_lr_2018	candidate_latin		google_phones=k y aa . l e n . dd ax r
caliber	caliber	k y aa . l i . b ax r		spoken_nepali	google_ne_lr_2018	candidate_latin		google_phones=k y aa . l i . b ax r
california	california	k y aa . l ax . ph o r . n i . y aa		spoken_nepali	google_ne_lr_2018	candidate_latin		google_phones=k y aa . l ax . ph o r . n i . y aa
call	call	k ax l		spoken_nepali	google_ne_lr_2018	candidate_latin		google_phones=k ax l
caller	caller	k ax . l ax r		spoken_nepali	google_ne_lr_2018	candidate_latin		google_phones=k ax . l ax r
calling	calling	k ax . l i ng		spoken_nepali	google_ne_lr_2018	candidate_latin		google_phones=k ax . l i ng
calpine	calpine	k y aa l . p aaj n		spoken_nepali	google_ne_lr_2018	candidate_latin		google_phones=k y aa l . p aaj n
calumet	calumet	k y aa . l u . m e tx		spoken_nepali	google_ne_lr_2018	candidate_latin		google_phones=k y aa . l u . m e tt
camara	camara	k y aa . m ax . r aa		spoken_nepali	google_ne_lr_2018	candidate_latin		google_phones=k y aa . m ax . r aa
cambodia	cambodia	k ax m . b o . dx i . y aa		spoken_nepali	google_ne_lr_2018	candidate_latin		google_phones=k ax m . b o . dd i . y aa
camcorder	camcorder	k y aa m . k o r . dx ax r		spoken_nepali	google_ne_lr_2018	candidate_latin		google_phones=k y aa m . k o r . dd ax r
camel	camel	k y aa . m e l		spoken_nepali	google_ne_lr_2018	candidate_latin		google_phones=k y aa . m e l
camera	camera	k y aa . m e . r aa		spoken_nepali	google_ne_lr_2018	candidate_latin		google_phones=k y aa . m e . r aa
cameron	cameron	k y aa . m e . r ax n		spoken_nepali	google_ne_lr_2018	candidate_latin		google_phones=k y aa . m e . r ax n
cameroon	cameroon	k y aa . m ax . r u n		spoken_nepali	google_ne_lr_2018	candidate_latin		google_phones=k y aa . m ax . r u n
camp	camp	k y aa m p		spoken_nepali	google_ne_lr_2018	candidate_latin		google_phones=k y aa m p
campaign	campaign	k y aa m . p y e n		spoken_nepali	google_ne_lr_2018	candidate_latin		google_phones=k y aa m . p y e n
campbell	campbell	k y aa m p . b e l		spoken_nepali	google_ne_lr_2018	candidate_latin		google_phones=k y aa m p . b e l
camping	camping	k y aa m . p i ng		spoken_nepali	google_ne_lr_2018	candidate_latin		google_phones=k y aa m . p i ng
campus	campus	k y aa m . p ax s		spoken_nepali	google_ne_lr_2018	candidate_latin		google_phones=k y aa m . p ax s
can	can	k y aa n		spoken_nepali	google_ne_lr_2018	candidate_latin		google_phones=k y aa n
canada	canada	k y aa . n aa . dx aa		spoken_nepali	google_ne_lr_2018	candidate_latin		google_phones=k y aa . n aa . dd aa
canal	canal	k y aa . n ax l		spoken_nepali	google_ne_lr_2018	candidate_latin		google_phones=k y aa . n ax l
cancer	cancer	k y aa n . s ax r		spoken_nepali	google_ne_lr_2018	candidate_latin		google_phones=k y aa n . s ax r
candidate	candidate	k y aa n . dx i . dx e tx		spoken_nepali	google_ne_lr_2018	candidate_latin		google_phones=k y aa n . dd i . dd e tt
canine	canine	k e . n aaj n		spoken_nepali	google_ne_lr_2018	candidate_latin		google_phones=k e . n aaj n
cannibalism	cannibalism	k y aa . n i . b ax . l i dz m		spoken_nepali	google_ne_lr_2018	candidate_latin		google_phones=k y aa . n i . b ax . l i jh m
canning	canning	k y aa . n i ng		spoken_nepali	google_ne_lr_2018	candidate_latin		google_phones=k y aa . n i ng
cannon	cannon	k y aa . n ax n		spoken_nepali	google_ne_lr_2018	candidate_latin		google_phones=k y aa . n ax n
cannula	cannula	k y aa . n y u . l aa		spoken_nepali	google_ne_lr_2018	candidate_latin		google_phones=k y aa . n y u . l aa
canoeing	canoeing	k y aa . n o . i ng		spoken_nepali	google_ne_lr_2018	candidate_latin		google_phones=k y aa . n o . i ng
canon	canon	k y aa . n ax n		spoken_nepali	google_ne_lr_2018	candidate_latin		google_phones=k y aa . n ax n
canvas	canvas	k y aa n . bh aa s		spoken_nepali	google_ne_lr_2018	candidate_latin		google_phones=k y aa n . bh aa s
canyoning	canyoning	k y aa n . y o . n i ng		spoken_nepali	google_ne_lr_2018	candidate_latin		google_phones=k y aa n . y o . n i ng
capacitance	capacitance	k y aa . p aa . s i . tx e n s		spoken_nepali	google_ne_lr_2018	candidate_latin		google_phones=k y aa . p aa . s i . tt e n s
capacitor	capacitor	k y aa . p aa . s i . tx ax r		spoken_nepali	google_ne_lr_2018	candidate_latin		google_phones=k y aa . p aa . s i . tt ax r
capcom	capcom	k y aa p . k ax m		spoken_nepali	google_ne_lr_2018	candidate_latin		google_phones=k y aa p . k ax m
cape	cape	k e p		spoken_nepali	google_ne_lr_2018	candidate_latin		google_phones=k e p
capita	capita	k y aa . p i . tx aa		spoken_nepali	google_ne_lr_2018	candidate_latin		google_phones=k y aa . p i . tt aa
capital	capital	k y aa . p i . tx ax l		spoken_nepali	google_ne_lr_2018	candidate_latin		google_phones=k y aa . p i . tt ax l
capitalism	capitalism	k y aa . p i . tx aa . l i dz m		spoken_nepali	google_ne_lr_2018	candidate_latin		google_phones=k y aa . p i . tt aa . l i jh m
capitalization	capitalization	k y aa . p i . tx ax . l aaj . dz e . s ax n		spoken_nepali	google_ne_lr_2018	candidate_latin		google_phones=k y aa . p i . tt ax . l aaj . jh e . s ax n
captcha	captcha	k y aa p . ts ax		spoken_nepali	google_ne_lr_2018	candidate_latin		google_phones=k y aa p . ts ax
car	car	k aa r		spoken_nepali	google_ne_lr_2018	candidate_latin		google_phones=k aa r
carat	carat	k y aa . r e tx		spoken_nepali	google_ne_lr_2018	candidate_latin		google_phones=k y aa . r e tt
carbine	carbine	k aa r . b aaj n		spoken_nepali	google_ne_lr_2018	candidate_latin		google_phones=k aa r . b aaj n
carbocation	carbocation	k aa r . b o . k e . s ax n		spoken_nepali	google_ne_lr_2018	candidate_latin		google_phones=k aa r . b o . k e . s ax n
carbohydrate	carbohydrate	k aa r . b o . h aaj . dx r e tx		spoken_nepali	google_ne_lr_2018	candidate_latin		google_phones=k aa r . b o . h aaj . dd r e tt
carbon	carbon	k aa r . b ax n		spoken_nepali	google_ne_lr_2018	candidate_latin		google_phones=k aa r . b ax n
carbonate	carbonate	k aa r . b o . n e tx		spoken_nepali	google_ne_lr_2018	candidate_latin		google_phones=k aa r . b o . n e tt
carboxylation	carboxylation	k aa r . b o k . s i . l e . s ax n		spoken_nepali	google_ne_lr_2018	candidate_latin		google_phones=k aa r . b o k . s i . l e . s ax n
card	card	k aa r dx		spoken_nepali	google_ne_lr_2018	candidate_latin		google_phones=k aa r dd
cardboard	cardboard	k aa r dx . b o r dx		spoken_nepali	google_ne_lr_2018	candidate_latin		google_phones=k aa r dd . b o r dd
cardiac	cardiac	k aa r . dx i . y aa k		spoken_nepali	google_ne_lr_2018	candidate_latin		google_phones=k aa r . dd i . y aa k
cardinal	cardinal	k aa r . dx i . n ax l		spoken_nepali	google_ne_lr_2018	candidate_latin		google_phones=k aa r . dd i . n ax l
care	care	k e . y ax r		spoken_nepali	google_ne_lr_2018	candidate_latin		google_phones=k e . y ax r
career	career	k y aa . r i . y ax r		spoken_nepali	google_ne_lr_2018	candidate_latin		google_phones=k y aa . r i . y ax r
caremark	caremark	k e . y ax r . m aa r k		spoken_nepali	google_ne_lr_2018	candidate_latin		google_phones=k e . y ax r . m aa r k
caria	caria	k y aa . r i . y aa		spoken_nepali	google_ne_lr_2018	candidate_latin		google_phones=k y aa . r i . y aa
caribbean	caribbean	k y aa . r i . b i . y ax n		spoken_nepali	google_ne_lr_2018	candidate_latin		google_phones=k y aa . r i . b i . y ax n
carlo	carlo	k aa r . l o		spoken_nepali	google_ne_lr_2018	candidate_latin		google_phones=k aa r . l o
carmax	carmax	k aa r . m y aa k s		spoken_nepali	google_ne_lr_2018	candidate_latin		google_phones=k aa r . m y aa k s
carmine	carmine	k aa r . m aaj n		spoken_nepali	google_ne_lr_2018	candidate_latin		google_phones=k aa r . m aaj n
carnitine	carnitine	k aa r . n i . tx aaj n		spoken_nepali	google_ne_lr_2018	candidate_latin		google_phones=k aa r . n i . tt aaj n
carnival	carnival	k aa r . n i . bh ax l		spoken_nepali	google_ne_lr_2018	candidate_latin		google_phones=k aa r . n i . bh ax l
carol	carol	k y aa . r o l		spoken_nepali	google_ne_lr_2018	candidate_latin		google_phones=k y aa . r o l
carpet	carpet	k aa r . p e tx		spoken_nepali	google_ne_lr_2018	candidate_latin		google_phones=k aa r . p e tt
carrere	carrere	k ax . r e . y ax r		spoken_nepali	google_ne_lr_2018	candidate_latin		google_phones=k ax . r e . y ax r
cars	cars	k aa r s		spoken_nepali	google_ne_lr_2018	candidate_latin		google_phones=k aa r s
cart	cart	k aa r tx		spoken_nepali	google_ne_lr_2018	candidate_latin		google_phones=k aa r tt
carter	carter	k aa r . tx ax r		spoken_nepali	google_ne_lr_2018	candidate_latin		google_phones=k aa r . tt ax r
cartilage	cartilage	k aa r . tx i . l e dz		spoken_nepali	google_ne_lr_2018	candidate_latin		google_phones=k aa r . tt i . l e jh
cartoon	cartoon	k aa r . tx u n		spoken_nepali	google_ne_lr_2018	candidate_latin		google_phones=k aa r . tt u n
cartoonist	cartoonist	k aa r . tx u . n i s tx		spoken_nepali	google_ne_lr_2018	candidate_latin		google_phones=k aa r . tt u . n i s tt
carving	carving	k aa r . bh i ng		spoken_nepali	google_ne_lr_2018	candidate_latin		google_phones=k aa r . bh i ng
case	case	k e s		spoken_nepali	google_ne_lr_2018	candidate_latin		google_phones=k e s
caseys	caseys	k y aa . s i dz		spoken_nepali	google_ne_lr_2018	candidate_latin		google_phones=k y aa . s i jh
casino	casino	k y aa . s i . n o		spoken_nepali	google_ne_lr_2018	candidate_latin		google_phones=k y aa . s i . n o
caspian	caspian	k y aa s . p i . y ax n		spoken_nepali	google_ne_lr_2018	candidate_latin		google_phones=k y aa s . p i . y ax n
castle	castle	k y aa . s ax l		spoken_nepali	google_ne_lr_2018	candidate_latin		google_phones=k y aa . s ax l
castparts	castparts	k aa s tx . p aa r tx s		spoken_nepali	google_ne_lr_2018	candidate_latin		google_phones=k aa s tt . p aa r tt s
cat	cat	k y aa tx		spoken_nepali	google_ne_lr_2018	candidate_latin		google_phones=k y aa tt
catabolism	catabolism	k y aa . tx aa . b o . l i dz m		spoken_nepali	google_ne_lr_2018	candidate_latin		google_phones=k y aa . tt aa . b o . l i jh m
catalog	catalog	k y aa . tx ax . l ax g		spoken_nepali	google_ne_lr_2018	candidate_latin		google_phones=k y aa . tt ax . l ax g
catalysis	catalysis	k y aa . t ax . l aaj . s i s		spoken_nepali	google_ne_lr_2018	candidate_latin		google_phones=k y aa . t ax . l aaj . s i s
catcher	catcher	k y aa . ts ax r		spoken_nepali	google_ne_lr_2018	candidate_latin		google_phones=k y aa . ts ax r
catchment	catchment	k y aa ts . m e n tx		spoken_nepali	google_ne_lr_2018	candidate_latin		google_phones=k y aa ts . m e n tt
caterpillar	caterpillar	k y aa . tx ax r . p i . l ax r		spoken_nepali	google_ne_lr_2018	candidate_latin		google_phones=k y aa . tt ax r . p i . l ax r
catherine	catherine	k y aa . th ax . r i n		spoken_nepali	google_ne_lr_2018	candidate_latin		google_phones=k y aa . th ax . r i n
cathode	cathode	k y aa . th o dx		spoken_nepali	google_ne_lr_2018	candidate_latin		google_phones=k y aa . th o dd
cats	cats	k y aa tx s		spoken_nepali	google_ne_lr_2018	candidate_latin		google_phones=k y aa tt s
cattle	cattle	k y aa . tx ax l		spoken_nepali	google_ne_lr_2018	candidate_latin		google_phones=k y aa . tt ax l
catwoman	catwoman	k y aa tx . w u . m ax n		spoken_nepali	google_ne_lr_2018	candidate_latin		google_phones=k y aa tt . w u . m ax n
caudate	caudate	k aaw . dx e tx		spoken_nepali	google_ne_lr_2018	candidate_latin		google_phones=k aaw . dd e tt
cauliflower	cauliflower	k aaw . l i . ph l aa . w ax r		spoken_nepali	google_ne_lr_2018	candidate_latin		google_phones=k aaw . l i . ph l aa . w ax r
cava	cava	k aa . bh ax		spoken_nepali	google_ne_lr_2018	candidate_latin		google_phones=k aa . bh ax
cave	cave	k e bh		spoken_nepali	google_ne_lr_2018	candidate_latin		google_phones=k e bh
caves	caves	k e bh s		spoken_nepali	google_ne_lr_2018	candidate_latin		google_phones=k e bh s
ce	ce	ts e		spoken_nepali	google_ne_lr_2018	candidate_latin		google_phones=ts e
ceballos	ceballos	ts e . b aa . l o s		spoken_nepali	google_ne_lr_2018	candidate_latin		google_phones=ts e . b aa . l o s
cedar	cedar	s e . d ax r		spoken_nepali	google_ne_lr_2018	candidate_latin		google_phones=s e . d ax r
celanese	celanese	s i . l aa . n i dz		spoken_nepali	google_ne_lr_2018	candidate_latin		google_phones=s i . l aa . n i jh
celgene	celgene	s e l . dz i n		spoken_nepali	google_ne_lr_2018	candidate_latin		google_phones=s e l . jh i n
cell	cell	s e l		spoken_nepali	google_ne_lr_2018	candidate_latin		google_phones=s e l
cello	cello	s e . l o		spoken_nepali	google_ne_lr_2018	candidate_latin		google_phones=s e . l o
cellulase	cellulase	s e . l y u . l e dz		spoken_nepali	google_ne_lr_2018	candidate_latin		google_phones=s e . l y u . l e jh
cellulite	cellulite	s e . l y u . l aaj tx		spoken_nepali	google_ne_lr_2018	candidate_latin		google_phones=s e . l y u . l aaj tt
cellulose	cellulose	s e . l u . l o s		spoken_nepali	google_ne_lr_2018	candidate_latin		google_phones=s e . l u . l o s
celsius	celsius	s e l . s i . y ax s		spoken_nepali	google_ne_lr_2018	candidate_latin		google_phones=s e l . s i . y ax s
cement	cement	s i . m e n tx		spoken_nepali	google_ne_lr_2018	candidate_latin		google_phones=s i . m e n tt
cementum	cementum	s i . m e n . tx ax m		spoken_nepali	google_ne_lr_2018	candidate_latin		google_phones=s i . m e n . tt ax m
cena	cena	s i . n aa		spoken_nepali	google_ne_lr_2018	candidate_latin		google_phones=s i . n aa
census	census	s e n . s ax s		spoken_nepali	google_ne_lr_2018	candidate_latin		google_phones=s e n . s ax s
cent	cent	s e n tx		spoken_nepali	google_ne_lr_2018	candidate_latin		google_phones=s e n tt
center	center	s e n . tx ax r		spoken_nepali	google_ne_lr_2018	candidate_latin		google_phones=s e n . tt ax r
centerpoint	centerpoint	s e n . tx ax r . p oj n tx		spoken_nepali	google_ne_lr_2018	candidate_latin		google_phones=s e n . tt ax r . p oj n tt
centipedes	centipedes	s e n . tx i . p e dx s		spoken_nepali	google_ne_lr_2018	candidate_latin		google_phones=s e n . tt i . p e dd s
central	central	s e n . tx r ax l		spoken_nepali	google_ne_lr_2018	candidate_latin		google_phones=s e n . tt r ax l
centralisation	centralisation	s e n . tx r ax . l aaj . dz e . s ax n		spoken_nepali	google_ne_lr_2018	candidate_latin		google_phones=s e n . tt r ax . l aaj . jh e . s ax n
centre	centre	s e n . t ax r		spoken_nepali	google_ne_lr_2018	candidate_latin		google_phones=s e n . t ax r
centreville	centreville	s e n . tx ax r . bh i l		spoken_nepali	google_ne_lr_2018	candidate_latin		google_phones=s e n . tt ax r . bh i l
centrifugation	centrifugation	s e n . tx r i . ph y u . g e . s ax n		spoken_nepali	google_ne_lr_2018	candidate_latin		google_phones=s e n . tt r i . ph y u . g e . s ax n
centrino	centrino	s e n . tx r i . n o		spoken_nepali	google_ne_lr_2018	candidate_latin		google_phones=s e n . tt r i . n o
centuries	centuries	s e n . ts u . r i dz		spoken_nepali	google_ne_lr_2018	candidate_latin		google_phones=s e n . ts u . r i jh
centurylink	centurylink	s e n . ts u . r i . l i ng k		spoken_nepali	google_ne_lr_2018	candidate_latin		google_phones=s e n . ts u . r i . l i ng k
cereal	cereal	s i . r i . y ax l		spoken_nepali	google_ne_lr_2018	candidate_latin		google_phones=s i . r i . y ax l
cerebral	cerebral	s e . r e . b r ax l		spoken_nepali	google_ne_lr_2018	candidate_latin		google_phones=s e . r e . b r ax l
cerebrovascular	cerebrovascular	s e . r e . b r o . bh aa s . k u . l ax r		spoken_nepali	google_ne_lr_2018	candidate_latin		google_phones=s e . r e . b r o . bh aa s . k u . l ax r
certificate	certificate	s ax r . tx i . ph i . k e tx		spoken_nepali	google_ne_lr_2018	candidate_latin		google_phones=s ax r . tt i . ph i . k e tt
certification	certification	s ax r . tx i . ph i . k e . s ax n		spoken_nepali	google_ne_lr_2018	candidate_latin		google_phones=s ax r . tt i . ph i . k e . s ax n
cervix	cervix	s ax r . bh i k s		spoken_nepali	google_ne_lr_2018	candidate_latin		google_phones=s ax r . bh i k s
cessna	cessna	s e s . n aa		spoken_nepali	google_ne_lr_2018	candidate_latin		google_phones=s e s . n aa
cetraria	cetraria	s e . tx r aa . r i . y aa		spoken_nepali	google_ne_lr_2018	candidate_latin		google_phones=s e . tt r aa . r i . y aa
chaar	chaar	ts aa r		spoken_nepali	google_ne_lr_2018	candidate_latin		google_phones=ts aa r
chad	chad	ts aa dx		spoken_nepali	google_ne_lr_2018	candidate_latin		google_phones=ts aa dd
chain	chain	ts e n		spoken_nepali	google_ne_lr_2018	candidate_latin		google_phones=ts e n
chaitra	chaitra	ts axj t . t r ax		spoken_nepali	google_ne_lr_2018	candidate_latin		google_phones=ts axj t . t r ax
chakra	chakra	ts ax k . k r ax		spoken_nepali	google_ne_lr_2018	candidate_latin		google_phones=ts ax k . k r ax
chakravartin	chakravartin	ts ax k . k r ax . b ax r . t i n		spoken_nepali	google_ne_lr_2018	candidate_latin		google_phones=ts ax k . k r ax . b ax r . t i n
chale	chale	ts aa . l e		spoken_nepali	google_ne_lr_2018	candidate_latin		google_phones=ts aa . l e
chamber	chamber	ts y aa m . b ax r		spoken_nepali	google_ne_lr_2018	candidate_latin		google_phones=ts y aa m . b ax r
chameleon	chameleon	k y aa . m e . l i . y ax n		spoken_nepali	google_ne_lr_2018	candidate_latin		google_phones=k y aa . m e . l i . y ax n
champa	champa	ts ax m . p aa		spoken_nepali	google_ne_lr_2018	candidate_latin		google_phones=ts ax m . p aa
champapur	champapur	ts ax m . p aa . p u r		spoken_nepali	google_ne_lr_2018	candidate_latin		google_phones=ts ax m . p aa . p u r
champions	champions	ts y aa m . p i . y ax n s		spoken_nepali	google_ne_lr_2018	candidate_latin		google_phones=ts y aa m . p i . y ax n s
championships	championships	ts y aa m . p i . y ax n . s i p s		spoken_nepali	google_ne_lr_2018	candidate_latin		google_phones=ts y aa m . p i . y ax n . s i p s
chanakya	chanakya	ts aa . n ax k . k y ax		spoken_nepali	google_ne_lr_2018	candidate_latin		google_phones=ts aa . nn ax k . k y ax
chanchala	chanchala	ts ax n . ts ax . l aa		spoken_nepali	google_ne_lr_2018	candidate_latin		google_phones=ts ax n . ts ax . l aa
chand	chand	ts ax n d		spoken_nepali	google_ne_lr_2018	candidate_latin		google_phones=ts ax n d
chandigarh	chandigarh	ts ax n . dx i . g ax dxh		spoken_nepali	google_ne_lr_2018	candidate_latin		google_phones=ts ax n . dd i . g ax ddh
chandra	chandra	ts ax n . d r ax		spoken_nepali	google_ne_lr_2018	candidate_latin		google_phones=ts ax n . d r ax
chandragupta	chandragupta	ts ax n d . d r ax . g u p . t ax		spoken_nepali	google_ne_lr_2018	candidate_latin		google_phones=ts ax n d . d r ax . g u p . t ax
chandraprabha	chandraprabha	ts ax n . d r ax . p r ax . bh aa		spoken_nepali	google_ne_lr_2018	candidate_latin		google_phones=ts ax n . d r ax . p r ax . bh aa
changchun	changchun	ts aa ng . ts u n		spoken_nepali	google_ne_lr_2018	candidate_latin		google_phones=ts aa ng . ts u n
change	change	ts e n dz		spoken_nepali	google_ne_lr_2018	candidate_latin		google_phones=ts e n jh
channa	channa	ts ax . n aa		spoken_nepali	google_ne_lr_2018	candidate_latin		google_phones=ts ax . n aa
channel	channel	ts y aa . n ax l		spoken_nepali	google_ne_lr_2018	candidate_latin		google_phones=ts y aa . n ax l
channels	channels	ts y aa . n ax l s		spoken_nepali	google_ne_lr_2018	candidate_latin		google_phones=ts y aa . n ax l s
chaplin	chaplin	ts y aa p . l i n		spoken_nepali	google_ne_lr_2018	candidate_latin		google_phones=ts y aa p . l i n
char	char	ts aa r		spoken_nepali	google_ne_lr_2018	candidate_latin		google_phones=ts aa r
character	character	k y aa . r e k . tx ax r		spoken_nepali	google_ne_lr_2018	candidate_latin		google_phones=k y aa . r e k . tt ax r
characterization	characterization	k y aa . r e k . tx ax . r aaj . dz e . s ax n		spoken_nepali	google_ne_lr_2018	candidate_latin		google_phones=k y aa . r e k . tt ax . r aaj . jh e . s ax n
charaka	charaka	ts ax . r ax . k ax		spoken_nepali	google_ne_lr_2018	candidate_latin		google_phones=ts ax . r ax . k ax
charan	charan	ts ax . r ax n		spoken_nepali	google_ne_lr_2018	candidate_latin		google_phones=ts ax . r ax nn
charge	charge	ts aa r dz		spoken_nepali	google_ne_lr_2018	candidate_latin		google_phones=ts aa r jh
charles	charles	ts aa r l s		spoken_nepali	google_ne_lr_2018	candidate_latin		google_phones=ts aa r l s
chart	chart	ts aa r tx		spoken_nepali	google_ne_lr_2018	candidate_latin		google_phones=ts aa r tt
charter	charter	ts aa r . tx ax r		spoken_nepali	google_ne_lr_2018	candidate_latin		google_phones=ts aa r . tt ax r
chase	chase	ts e s		spoken_nepali	google_ne_lr_2018	candidate_latin		google_phones=ts e s
chat	chat	ts y aa tx		spoken_nepali	google_ne_lr_2018	candidate_latin		google_phones=ts y aa tt
chauffeur	chauffeur	ts aaw . ph ax r		spoken_nepali	google_ne_lr_2018	candidate_latin		google_phones=ts aaw . ph ax r
chaugai	chaugai	ts axw . g aaj		spoken_nepali	google_ne_lr_2018	candidate_latin		google_phones=ts axw . g aaj
chaulagain	chaulagain	ts axw . l aa . g aajn		spoken_nepali	google_ne_lr_2018	candidate_latin		google_phones=ts axw . l aa . g aajn
chawla	chawla	ts aa . w ax . l aa		spoken_nepali	google_ne_lr_2018	candidate_latin		google_phones=ts aa . w ax . l aa
checker	checker	ts e . k ax r		spoken_nepali	google_ne_lr_2018	candidate_latin		google_phones=ts e . k ax r
checklist	checklist	ts e k . l i s tx		spoken_nepali	google_ne_lr_2018	candidate_latin		google_phones=ts e k . l i s tt
checksum	checksum	ts e k . s ax m		spoken_nepali	google_ne_lr_2018	candidate_latin		google_phones=ts e k . s ax m
cheers	cheers	ts i . y ax r s		spoken_nepali	google_ne_lr_2018	candidate_latin		google_phones=ts i . y ax r s
cheese	cheese	ts i dz		spoken_nepali	google_ne_lr_2018	candidate_latin		google_phones=ts i jh
chef	chef	s e ph		spoken_nepali	google_ne_lr_2018	candidate_latin		google_phones=s e ph
chemical	chemical	k e . m i . k ax l		spoken_nepali	google_ne_lr_2018	candidate_latin		google_phones=k e . m i . k ax l
chemicals	chemicals	k e . m i . k ax l s		spoken_nepali	google_ne_lr_2018	candidate_latin		google_phones=k e . m i . k ax l s
chemist	chemist	k e . m i s tx		spoken_nepali	google_ne_lr_2018	candidate_latin		google_phones=k e . m i s tt
chemosynthesis	chemosynthesis	k e . m o . s i n . th e . s i s		spoken_nepali	google_ne_lr_2018	candidate_latin		google_phones=k e . m o . s i n . th e . s i s
chesapeake	chesapeake	ts e . s ax . p i k		spoken_nepali	google_ne_lr_2018	candidate_latin		google_phones=ts e . s ax . p i k
chess	chess	ts e s		spoken_nepali	google_ne_lr_2018	candidate_latin		google_phones=ts e s
chevron	chevron	ts e bh . r ax n		spoken_nepali	google_ne_lr_2018	candidate_latin		google_phones=ts e bh . r ax n
chewing	chewing	ts i . w i ng		spoken_nepali	google_ne_lr_2018	candidate_latin		google_phones=ts i . w i ng
chhabiraj	chhabiraj	tsh ax . b i . r aa dz		spoken_nepali	google_ne_lr_2018	candidate_latin		google_phones=tsh ax . b i . r aa jh
chhinnamasta	chhinnamasta	tsh i n . n ax . m ax s . t aa		spoken_nepali	google_ne_lr_2018	candidate_latin		google_phones=tsh i n . n ax . m ax s . t aa
chhote	chhote	tsh o . tx e		spoken_nepali	google_ne_lr_2018	candidate_latin		google_phones=tsh o . tt e
chhulthim	chhulthim	tsh u l . th i m		spoken_nepali	google_ne_lr_2018	candidate_latin		google_phones=tsh u l . th i m
chicago	chicago	s i . k aa . g o		spoken_nepali	google_ne_lr_2018	candidate_latin		google_phones=s i . k aa . g o
chicken	chicken	ts i . k ax n		spoken_nepali	google_ne_lr_2018	candidate_latin		google_phones=ts i . k ax n
chickenpox	chickenpox	ts i . k e n . p ax k s		spoken_nepali	google_ne_lr_2018	candidate_latin		google_phones=ts i . k e n . p ax k s
chief	chief	ts i ph		spoken_nepali	google_ne_lr_2018	candidate_latin		google_phones=ts i ph
child	child	ts aaj l dx		spoken_nepali	google_ne_lr_2018	candidate_latin		google_phones=ts aaj l dd
childhood	childhood	ts aaj l dx . h u dx		spoken_nepali	google_ne_lr_2018	candidate_latin		google_phones=ts aaj l dd . h u dd
children	children	ts i l . dx r e n		spoken_nepali	google_ne_lr_2018	candidate_latin		google_phones=ts i l . dd r e n
chilime	chilime	ts i . l i . m e		spoken_nepali	google_ne_lr_2018	candidate_latin		google_phones=ts i . l i . m e
chin	chin	ts i n		spoken_nepali	google_ne_lr_2018	candidate_latin		google_phones=ts i n
chinese	chinese	ts aaj . n i dz		spoken_nepali	google_ne_lr_2018	candidate_latin		google_phones=ts aaj . n i jh
chipset	chipset	ts i p . s e tx		spoken_nepali	google_ne_lr_2018	candidate_latin		google_phones=ts i p . s e tt
chitra	chitra	ts i t . t r ax		spoken_nepali	google_ne_lr_2018	candidate_latin		google_phones=ts i t . t r ax
chitrakar	chitrakar	ts i t . t r ax . k aa r		spoken_nepali	google_ne_lr_2018	candidate_latin		google_phones=ts i t . t r ax . k aa r
chitrawan	chitrawan	ts i t . t r ax . w ax n		spoken_nepali	google_ne_lr_2018	candidate_latin		google_phones=ts i t . t r ax . w ax n
chittagong	chittagong	ts i tx . tx aa . g o ng		spoken_nepali	google_ne_lr_2018	candidate_latin		google_phones=ts i tt . tt aa . g o ng
chitwan	chitwan	ts i . t ax . w ax n		spoken_nepali	google_ne_lr_2018	candidate_latin		google_phones=ts i . t ax . w ax n
chloride	chloride	k l o . r aaj dx		spoken_nepali	google_ne_lr_2018	candidate_latin		google_phones=k l o . r aaj dd
chlorine	chlorine	k l o . r i n		spoken_nepali	google_ne_lr_2018	candidate_latin		google_phones=k l o . r i n
chloroplast	chloroplast	k l o . r o . p l aa s tx		spoken_nepali	google_ne_lr_2018	candidate_latin		google_phones=k l o . r o . p l aa s tt
choking	choking	ts o . k i ng		spoken_nepali	google_ne_lr_2018	candidate_latin		google_phones=ts o . k i ng
chole	chole	tsh o . l e		spoken_nepali	google_ne_lr_2018	candidate_latin		google_phones=tsh o . l e
cholesterol	cholesterol	k o . l e s . tx e . r ax l		spoken_nepali	google_ne_lr_2018	candidate_latin		google_phones=k o . l e s . tt e . r ax l
cholesteryl	cholesteryl	k o . l e s . tx e . r ax l		spoken_nepali	google_ne_lr_2018	candidate_latin		google_phones=k o . l e s . tt e . r ax l
chop	chop	ts ax p		spoken_nepali	google_ne_lr_2018	candidate_latin		google_phones=ts ax p
chopra	chopra	ts o p . dx aa		spoken_nepali	google_ne_lr_2018	candidate_latin		google_phones=ts o p . dd aa
chopsticks	chopsticks	ts ax p . s tx i k s		spoken_nepali	google_ne_lr_2018	candidate_latin		google_phones=ts ax p . s tt i k s
chord	chord	k o r dx		spoken_nepali	google_ne_lr_2018	candidate_latin		google_phones=k o r dd
choreutics	choreutics	k o . r u . tx i k s		spoken_nepali	google_ne_lr_2018	candidate_latin		google_phones=k o . r u . tt i k s
chris	chris	k r i s		spoken_nepali	google_ne_lr_2018	candidate_latin		google_phones=k r i s
christ	christ	k r aaj s tx		spoken_nepali	google_ne_lr_2018	candidate_latin		google_phones=k r aaj s tt
christian	christian	k r i s . ts i . y ax n		spoken_nepali	google_ne_lr_2018	candidate_latin		google_phones=k r i s . ts i . y ax n
christmas	christmas	k r i s . m ax s		spoken_nepali	google_ne_lr_2018	candidate_latin		google_phones=k r i s . m ax s
chromatid	chromatid	k r o . m aa . tx i dx		spoken_nepali	google_ne_lr_2018	candidate_latin		google_phones=k r o . m aa . tt i dd
chromatin	chromatin	k r o . m y aa . t i n		spoken_nepali	google_ne_lr_2018	candidate_latin		google_phones=k r o . m y aa . t i n
chromatophore	chromatophore	k r o . m y aa . tx o . ph o r		spoken_nepali	google_ne_lr_2018	candidate_latin		google_phones=k r o . m y aa . tt o . ph o r
chrome	chrome	k r o m		spoken_nepali	google_ne_lr_2018	candidate_latin		google_phones=k r o m
chromebox	chromebox	k r o m . b ax k s		spoken_nepali	google_ne_lr_2018	candidate_latin		google_phones=k r o m . b ax k s
chromosome	chromosome	k r o . m o . dz o m		spoken_nepali	google_ne_lr_2018	candidate_latin		google_phones=k r o . m o . jh o m
chronicle	chronicle	k r o . n i . k ax l		spoken_nepali	google_ne_lr_2018	candidate_latin		google_phones=k r o . n i . k ax l
chubb	chubb	tsh ax b		spoken_nepali	google_ne_lr_2018	candidate_latin		google_phones=tsh ax b
cichlid	cichlid	ts e k . l i dx		spoken_nepali	google_ne_lr_2018	candidate_latin		google_phones=ts e k . l i dd
cigna	cigna	s i g . n aa		spoken_nepali	google_ne_lr_2018	candidate_latin		google_phones=s i g . n aa
cinderella	cinderella	s i n . dx ax . r e . l aa		spoken_nepali	google_ne_lr_2018	candidate_latin		google_phones=s i n . dd ax . r e . l aa
cinemax	cinemax	s i . n e . m y aa k s		spoken_nepali	google_ne_lr_2018	candidate_latin		google_phones=s i . n e . m y aa k s
circle	circle	s ax r . k ax l		spoken_nepali	google_ne_lr_2018	candidate_latin		google_phones=s ax r . k ax l
circuit	circuit	s ax r . k i tx		spoken_nepali	google_ne_lr_2018	candidate_latin		google_phones=s ax r . k i tt
circuits	circuits	s ax r . k i tx s		spoken_nepali	google_ne_lr_2018	candidate_latin		google_phones=s ax r . k i tt s
circumcision	circumcision	s ax r . k ax m . s i . dz ax n		spoken_nepali	google_ne_lr_2018	candidate_latin		google_phones=s ax r . k ax m . s i . jh ax n
circumference	circumference	s ax r . k ax m . ph e . r e n s		spoken_nepali	google_ne_lr_2018	candidate_latin		google_phones=s ax r . k ax m . ph e . r e n s
circus	circus	s ax r . k ax s		spoken_nepali	google_ne_lr_2018	candidate_latin		google_phones=s ax r . k ax s
cisco	cisco	s i s . k o		spoken_nepali	google_ne_lr_2018	candidate_latin		google_phones=s i s . k o
citadel	citadel	s i . tx ax . dx e l		spoken_nepali	google_ne_lr_2018	candidate_latin		google_phones=s i . tt ax . dd e l
citibank	citibank	s i . tx i . b y aa ng k		spoken_nepali	google_ne_lr_2018	candidate_latin		google_phones=s i . tt i . b y aa ng k
citigroup	citigroup	s i . tx i . g r u p		spoken_nepali	google_ne_lr_2018	candidate_latin		google_phones=s i . tt i . g r u p
citizen	citizen	s i . tx i . dz ax n		spoken_nepali	google_ne_lr_2018	candidate_latin		google_phones=s i . tt i . jh ax n
citizenship	citizenship	s i . tx i . dz ax n . s i p		spoken_nepali	google_ne_lr_2018	candidate_latin		google_phones=s i . tt i . jh ax n . s i p
citric	citric	s axj . tx r i k		spoken_nepali	google_ne_lr_2018	candidate_latin		google_phones=s axj . tt r i k
citrix	citrix	s aaj . tx r i k s		spoken_nepali	google_ne_lr_2018	candidate_latin		google_phones=s aaj . tt r i k s
civet	civet	s i . bh e tx		spoken_nepali	google_ne_lr_2018	candidate_latin		google_phones=s i . bh e tt
civil	civil	s i . bh i l		spoken_nepali	google_ne_lr_2018	candidate_latin		google_phones=s i . bh i l
civilian	civilian	s i . bh i . l i . y ax n		spoken_nepali	google_ne_lr_2018	candidate_latin		google_phones=s i . bh i . l i . y ax n
civilization	civilization	s i . bh i . l aaj . dz e . s ax n		spoken_nepali	google_ne_lr_2018	candidate_latin		google_phones=s i . bh i . l aaj . jh e . s ax n
ck	ck	s i . k e		spoken_nepali	google_ne_lr_2018	candidate_latin		google_phones=s i . k e
clamp	clamp	k l y aa m p		spoken_nepali	google_ne_lr_2018	candidate_latin		google_phones=k l y aa m p
clan	clan	k l aa n		spoken_nepali	google_ne_lr_2018	candidate_latin		google_phones=k l aa n
clap	clap	k l y aa p		spoken_nepali	google_ne_lr_2018	candidate_latin		google_phones=k l y aa p
class	class	k l aa s		spoken_nepali	google_ne_lr_2018	candidate_latin		google_phones=k l aa s
classic	classic	k l aa . s i k		spoken_nepali	google_ne_lr_2018	candidate_latin		google_phones=k l aa . s i k
classical	classical	k l aa . s i . k ax l		spoken_nepali	google_ne_lr_2018	candidate_latin		google_phones=k l aa . s i . k ax l
classics	classics	k l aa . s i k s		spoken_nepali	google_ne_lr_2018	candidate_latin		google_phones=k l aa . s i k s
classification	classification	k l aa . s i . ph i . k e . s ax n		spoken_nepali	google_ne_lr_2018	candidate_latin		google_phones=k l aa . s i . ph i . k e . s ax n
classloader	classloader	k l aa s . l o . dx ax r		spoken_nepali	google_ne_lr_2018	candidate_latin		google_phones=k l aa s . l o . dd ax r
classroom	classroom	k l aa s . r u m		spoken_nepali	google_ne_lr_2018	candidate_latin		google_phones=k l aa s . r u m
clean	clean	k l i n		spoken_nepali	google_ne_lr_2018	candidate_latin		google_phones=k l i n
cleaner	cleaner	k l i . n ax r		spoken_nepali	google_ne_lr_2018	candidate_latin		google_phones=k l i . n ax r
cleaning	cleaning	k l i . n i ng		spoken_nepali	google_ne_lr_2018	candidate_latin		google_phones=k l i . n i ng
cleanliness	cleanliness	k l i n . l i . n e s		spoken_nepali	google_ne_lr_2018	candidate_latin		google_phones=k l i n . l i . n e s
clear	clear	k l i . y ax r		spoken_nepali	google_ne_lr_2018	candidate_latin		google_phones=k l i . y ax r
cliffs	cliffs	k l i ph s		spoken_nepali	google_ne_lr_2018	candidate_latin		google_phones=k l i ph s
climate	climate	k l aaj . m e tx		spoken_nepali	google_ne_lr_2018	candidate_latin		google_phones=k l aaj . m e tt
climax	climax	k l aaj . m y aa k s		spoken_nepali	google_ne_lr_2018	candidate_latin		google_phones=k l aaj . m y aa k s
climbing	climbing	k l aaj m . b i ng		spoken_nepali	google_ne_lr_2018	candidate_latin		google_phones=k l aaj m . b i ng
clinton	clinton	k l i n . tx ax n		spoken_nepali	google_ne_lr_2018	candidate_latin		google_phones=k l i n . tt ax n
clitoris	clitoris	k l i . tx o . r i s		spoken_nepali	google_ne_lr_2018	candidate_latin		google_phones=k l i . tt o . r i s
clock	clock	k l ax k		spoken_nepali	google_ne_lr_2018	candidate_latin		google_phones=k l ax k
cloning	cloning	k l o . n i ng		spoken_nepali	google_ne_lr_2018	candidate_latin		google_phones=k l o . n i ng
clorox	clorox	k l o . r o k s		spoken_nepali	google_ne_lr_2018	candidate_latin		google_phones=k l o . r o k s
close	close	k l o dz		spoken_nepali	google_ne_lr_2018	candidate_latin		google_phones=k l o jh
clostridium	clostridium	k l o s . tx r i . d i . y ax m		spoken_nepali	google_ne_lr_2018	candidate_latin		google_phones=k l o s . tt r i . d i . y ax m
cloud	cloud	k l aaw dx		spoken_nepali	google_ne_lr_2018	candidate_latin		google_phones=k l aaw dd
clover	clover	k l o . bh ax r		spoken_nepali	google_ne_lr_2018	candidate_latin		google_phones=k l o . bh ax r
clown	clown	k l aaw n		spoken_nepali	google_ne_lr_2018	candidate_latin		google_phones=k l aaw n
club	club	k l ax b		spoken_nepali	google_ne_lr_2018	candidate_latin		google_phones=k l ax b
cluster	cluster	k l ax s . tx ax r		spoken_nepali	google_ne_lr_2018	candidate_latin		google_phones=k l ax s . tt ax r
clutch	clutch	k l ax ts		spoken_nepali	google_ne_lr_2018	candidate_latin		google_phones=k l ax ts
co	co	k o		spoken_nepali	google_ne_lr_2018	candidate_latin		google_phones=k o
coach	coach	k o ts		spoken_nepali	google_ne_lr_2018	candidate_latin		google_phones=k o ts
coal	coal	k o l		spoken_nepali	google_ne_lr_2018	candidate_latin		google_phones=k o l
coast	coast	k o s tx		spoken_nepali	google_ne_lr_2018	candidate_latin		google_phones=k o s tt
coaster	coaster	k o s . tx ax r		spoken_nepali	google_ne_lr_2018	candidate_latin		google_phones=k o s . tt ax r
coat	coat	k o tx		spoken_nepali	google_ne_lr_2018	candidate_latin		google_phones=k o tt
cobra	cobra	k o b . b r aa		spoken_nepali	google_ne_lr_2018	candidate_latin		google_phones=k o b . b r aa
cocacola	cocacola	k o . k aa . k o . l aa		spoken_nepali	google_ne_lr_2018	candidate_latin		google_phones=k o . k aa . k o . l aa
cocaine	cocaine	k o . k i n		spoken_nepali	google_ne_lr_2018	candidate_latin		google_phones=k o . k i n
cocktail	cocktail	k ax k . tx e l		spoken_nepali	google_ne_lr_2018	candidate_latin		google_phones=k ax k . tt e l
code	code	k o dx		spoken_nepali	google_ne_lr_2018	candidate_latin		google_phones=k o dd
codec	codec	k o . dx e k		spoken_nepali	google_ne_lr_2018	candidate_latin		google_phones=k o . dd e k
codex	codex	k o . dx e k s		spoken_nepali	google_ne_lr_2018	candidate_latin		google_phones=k o . dd e k s
codification	codification	k o . dx i . ph i . k e . s ax n		spoken_nepali	google_ne_lr_2018	candidate_latin		google_phones=k o . dd i . ph i . k e . s ax n
coding	coding	k o . dx i ng		spoken_nepali	google_ne_lr_2018	candidate_latin		google_phones=k o . dd i ng
coffea	coffea	k ax . ph i . y aa		spoken_nepali	google_ne_lr_2018	candidate_latin		google_phones=k ax . ph i . y aa
coffeehouse	coffeehouse	k ax . ph i . h aaw s		spoken_nepali	google_ne_lr_2018	candidate_latin		google_phones=k ax . ph i . h aaw s
cognitive	cognitive	k ax g . n i . tx i bh		spoken_nepali	google_ne_lr_2018	candidate_latin		google_phones=k ax g . n i . tt i bh
cognizant	cognizant	k ax g . n i . dz ax n tx		spoken_nepali	google_ne_lr_2018	candidate_latin		google_phones=k ax g . n i . jh ax n tt
cohesion	cohesion	k o . h i . dz ax n		spoken_nepali	google_ne_lr_2018	candidate_latin		google_phones=k o . h i . jh ax n
coil	coil	k oj l		spoken_nepali	google_ne_lr_2018	candidate_latin		google_phones=k oj l
coin	coin	k w aaj n		spoken_nepali	google_ne_lr_2018	candidate_latin		google_phones=k w aaj n
coir	coir	k oj r		spoken_nepali	google_ne_lr_2018	candidate_latin		google_phones=k oj r
cola	cola	k o . l aa		spoken_nepali	google_ne_lr_2018	candidate_latin		google_phones=k o . l aa
cold	cold	k o l dx		spoken_nepali	google_ne_lr_2018	candidate_latin		google_phones=k o l dd
colgatepalmolive	colgatepalmolive	k o l . g e tx . p y aa l . m o . l i bh		spoken_nepali	google_ne_lr_2018	candidate_latin		google_phones=k o l . g e tt . p y aa l . m o . l i bh
collaboration	collaboration	k o . l y aa . b o . r e . s ax n		spoken_nepali	google_ne_lr_2018	candidate_latin		google_phones=k o . l y aa . b o . r e . s ax n
collage	collage	k o . l aa dz		spoken_nepali	google_ne_lr_2018	candidate_latin		google_phones=k o . l aa jh
collateral	collateral	k o . l y aa . tx e . r ax l		spoken_nepali	google_ne_lr_2018	candidate_latin		google_phones=k o . l y aa . tt e . r ax l
collation	collation	k o . l y aa . s ax n		spoken_nepali	google_ne_lr_2018	candidate_latin		google_phones=k o . l y aa . s ax n
collecting	collecting	k ax . l e k . tx i ng		spoken_nepali	google_ne_lr_2018	candidate_latin		google_phones=k ax . l e k . tt i ng
collective	collective	k ax l . l e k . tx i bh		spoken_nepali	google_ne_lr_2018	candidate_latin		google_phones=k ax l . l e k . tt i bh
college	college	k ax . l e dz		spoken_nepali	google_ne_lr_2018	candidate_latin		google_phones=k ax . l e jh
collins	collins	k ax . l i n s		spoken_nepali	google_ne_lr_2018	candidate_latin		google_phones=k ax . l i n s
colombia	colombia	k o . l ax m . b i . y aa		spoken_nepali	google_ne_lr_2018	candidate_latin		google_phones=k o . l ax m . b i . y aa
colonel	colonel	k o . l o . n e l		spoken_nepali	google_ne_lr_2018	candidate_latin		google_phones=k o . l o . n e l
color	color	k ax . l ax r		spoken_nepali	google_ne_lr_2018	candidate_latin		google_phones=k ax . l ax r
colorectal	colorectal	k o . l o . r e k . tx ax l		spoken_nepali	google_ne_lr_2018	candidate_latin		google_phones=k o . l o . r e k . tt ax l
coloring	coloring	k ax . l ax . r i ng		spoken_nepali	google_ne_lr_2018	candidate_latin		google_phones=k ax . l ax . r i ng
colors	colors	k ax . l ax r s		spoken_nepali	google_ne_lr_2018	candidate_latin		google_phones=k ax . l ax r s
columbia	columbia	k o . l ax m . b i . y aa		spoken_nepali	google_ne_lr_2018	candidate_latin		google_phones=k o . l ax m . b i . y aa
columbus	columbus	k o . l ax m . b ax s		spoken_nepali	google_ne_lr_2018	candidate_latin		google_phones=k o . l ax m . b ax s
column	column	k o . l ax m		spoken_nepali	google_ne_lr_2018	candidate_latin		google_phones=k o . l ax m
coma	coma	k o . m aa		spoken_nepali	google_ne_lr_2018	candidate_latin		google_phones=k o . m aa
comb	comb	k ax m b		spoken_nepali	google_ne_lr_2018	candidate_latin		google_phones=k ax m b
combination	combination	k ax m . b i . n e . s ax n		spoken_nepali	google_ne_lr_2018	candidate_latin		google_phones=k ax m . b i . n e . s ax n
combing	combing	k ax m . b i ng		spoken_nepali	google_ne_lr_2018	candidate_latin		google_phones=k ax m . b i ng
combustion	combustion	k ax m . b ax s . tx ax n		spoken_nepali	google_ne_lr_2018	candidate_latin		google_phones=k ax m . b ax s . tt ax n
comcast	comcast	k ax m . k aa s tx		spoken_nepali	google_ne_lr_2018	candidate_latin		google_phones=k ax m . k aa s tt
comedian	comedian	k ax . m e . dx i . y ax n		spoken_nepali	google_ne_lr_2018	candidate_latin		google_phones=k ax . m e . dd i . y ax n
comet	comet	k ax . m i tx		spoken_nepali	google_ne_lr_2018	candidate_latin		google_phones=k ax . m i tt
comic	comic	k ax . m i k		spoken_nepali	google_ne_lr_2018	candidate_latin		google_phones=k ax . m i k
command	command	k ax . m aa n dx		spoken_nepali	google_ne_lr_2018	candidate_latin		google_phones=k ax . m aa n dd
commando	commando	k ax . m aa n . dx o		spoken_nepali	google_ne_lr_2018	candidate_latin		google_phones=k ax . m aa n . dd o
commerce	commerce	k ax . m ax r s		spoken_nepali	google_ne_lr_2018	candidate_latin		google_phones=k ax . m ax r s
commercial	commercial	k ax . m ax r . s i . y ax l		spoken_nepali	google_ne_lr_2018	candidate_latin		google_phones=k ax . m ax r . s i . y ax l
commission	commission	k ax . m i . s ax n		spoken_nepali	google_ne_lr_2018	candidate_latin		google_phones=k ax . m i . s ax n
common	common	k ax . m ax n		spoken_nepali	google_ne_lr_2018	candidate_latin		google_phones=k ax . m ax n
communication	communication	k ax . m y u . n i . k e . s ax n		spoken_nepali	google_ne_lr_2018	candidate_latin		google_phones=k ax . m y u . n i . k e . s ax n
communications	communications	k ax m . m y u . n i . k e . s ax n s		spoken_nepali	google_ne_lr_2018	candidate_latin		google_phones=k ax m . m y u . n i . k e . s ax n s
communism	communism	k ax m . m y u . n i dz m		spoken_nepali	google_ne_lr_2018	candidate_latin		google_phones=k ax m . m y u . n i jh m
communist	communist	k ax m . m y u . n i s tx		spoken_nepali	google_ne_lr_2018	candidate_latin		google_phones=k ax m . m y u . n i s tt
commutator	commutator	k ax . m y u . tx e . tx ax r		spoken_nepali	google_ne_lr_2018	candidate_latin		google_phones=k ax . m y u . tt e . tt ax r
commuting	commuting	k ax m . m y u . t i ng		spoken_nepali	google_ne_lr_2018	candidate_latin		google_phones=k ax m . m y u . t i ng
compact	compact	k ax m . p y aa k tx		spoken_nepali	google_ne_lr_2018	candidate_latin		google_phones=k ax m . p y aa k tt
companies	companies	k ax m . p ax . n i dz		spoken_nepali	google_ne_lr_2018	candidate_latin		google_phones=k ax m . p ax . n i jh
comparative	comparative	k ax m . p y aa . r e . tx i bh		spoken_nepali	google_ne_lr_2018	candidate_latin		google_phones=k ax m . p y aa . r e . tt i bh
comparison	comparison	k ax m . p y aa . r i . dz ax n		spoken_nepali	google_ne_lr_2018	candidate_latin		google_phones=k ax m . p y aa . r i . jh ax n
compassion	compassion	k ax m . p y aa . s ax n		spoken_nepali	google_ne_lr_2018	candidate_latin		google_phones=k ax m . p y aa . s ax n
competition	competition	k ax m . p i . tx i . s ax n		spoken_nepali	google_ne_lr_2018	candidate_latin		google_phones=k ax m . p i . tt i . s ax n
compiler	compiler	k ax m . p aaj . l ax r		spoken_nepali	google_ne_lr_2018	candidate_latin		google_phones=k ax m . p aaj . l ax r
complaint	complaint	k ax m . p l e n tx		spoken_nepali	google_ne_lr_2018	candidate_latin		google_phones=k ax m . p l e n tt
complan	complan	k ax m . p l aa n		spoken_nepali	google_ne_lr_2018	candidate_latin		google_phones=k ax m . p l aa n
complex	complex	k ax m . p l e k s		spoken_nepali	google_ne_lr_2018	candidate_latin		google_phones=k ax m . p l e k s
compliance	compliance	k ax m . p l aaj n s		spoken_nepali	google_ne_lr_2018	candidate_latin		google_phones=k ax m . p l aaj n s
complications	complications	k ax m . p l i . k e . s ax n s		spoken_nepali	google_ne_lr_2018	candidate_latin		google_phones=k ax m . p l i . k e . s ax n s
composer	composer	k ax m . p o . dz ax r		spoken_nepali	google_ne_lr_2018	candidate_latin		google_phones=k ax m . p o . jh ax r
composite	composite	k ax m . p o . dz i tx		spoken_nepali	google_ne_lr_2018	candidate_latin		google_phones=k ax m . p o . jh i tt
composition	composition	k ax m . p o . dz i . s ax n		spoken_nepali	google_ne_lr_2018	candidate_latin		google_phones=k ax m . p o . jh i . s ax n
compost	compost	k ax m . p o s tx		spoken_nepali	google_ne_lr_2018	candidate_latin		google_phones=k ax m . p o s tt
compound	compound	k ax m . p aaw n dx		spoken_nepali	google_ne_lr_2018	candidate_latin		google_phones=k ax m . p aaw n dd
compression	compression	k ax m . p r e . s ax n		spoken_nepali	google_ne_lr_2018	candidate_latin		google_phones=k ax m . p r e . s ax n
compressive	compressive	k ax m . p r e . s i bh		spoken_nepali	google_ne_lr_2018	candidate_latin		google_phones=k ax m . p r e . s i bh
computation	computation	k ax m . p y u . tx e . s ax n		spoken_nepali	google_ne_lr_2018	candidate_latin		google_phones=k ax m . p y u . tt e . s ax n
computer	computer	k ax m . p y u . tx ax r		spoken_nepali	google_ne_lr_2018	candidate_latin		google_phones=k ax m . p y u . tt ax r
computers	computers	k ax m . p y u . tx ax r s		spoken_nepali	google_ne_lr_2018	candidate_latin		google_phones=k ax m . p y u . tt ax r s
con	con	k o n		spoken_nepali	google_ne_lr_2018	candidate_latin		google_phones=k o n
conagra	conagra	k o . n aa g . g r aa		spoken_nepali	google_ne_lr_2018	candidate_latin		google_phones=k o . n aa g . g r aa
concave	concave	k ax n . k e bh		spoken_nepali	google_ne_lr_2018	candidate_latin		google_phones=k ax n . k e bh
conceit	conceit	k ax n . s i tx		spoken_nepali	google_ne_lr_2018	candidate_latin		google_phones=k ax n . s i tt
concentration	concentration	k ax n . s ax n . tx r e . s ax n		spoken_nepali	google_ne_lr_2018	candidate_latin		google_phones=k ax n . s ax n . tt r e . s ax n
concept	concept	k ax n . s e p tx		spoken_nepali	google_ne_lr_2018	candidate_latin		google_phones=k ax n . s e p tt
concepts	concepts	k ax n . s e p tx s		spoken_nepali	google_ne_lr_2018	candidate_latin		google_phones=k ax n . s e p tt s
concrete	concrete	k ax ng . k r i tx		spoken_nepali	google_ne_lr_2018	candidate_latin		google_phones=k ax ng . k r i tt
concurrence	concurrence	k ax n . k ax . r e n s		spoken_nepali	google_ne_lr_2018	candidate_latin		google_phones=k ax n . k ax . r e n s
condensation	condensation	k ax n . dx e n . s e . s ax n		spoken_nepali	google_ne_lr_2018	candidate_latin		google_phones=k ax n . dd e n . s e . s ax n
condensed	condensed	k ax n . dx e n s dx		spoken_nepali	google_ne_lr_2018	candidate_latin		google_phones=k ax n . dd e n s dd
conductor	conductor	k ax n . dx ax k . tx ax r		spoken_nepali	google_ne_lr_2018	candidate_latin		google_phones=k ax n . dd ax k . tt ax r
confession	confession	k ax n . ph e . s ax n		spoken_nepali	google_ne_lr_2018	candidate_latin		google_phones=k ax n . ph e . s ax n
confidence	confidence	k ax n . ph i . dx e n s		spoken_nepali	google_ne_lr_2018	candidate_latin		google_phones=k ax n . ph i . dd e n s
configuration	configuration	k ax n . ph i . g ax . r e . s ax n		spoken_nepali	google_ne_lr_2018	candidate_latin		google_phones=k ax n . ph i . g ax . r e . s ax n
confirmation	confirmation	k ax n . ph ax r . m e . s ax n		spoken_nepali	google_ne_lr_2018	candidate_latin		google_phones=k ax n . ph ax r . m e . s ax n
conflict	conflict	k ax n . ph l i k tx		spoken_nepali	google_ne_lr_2018	candidate_latin		google_phones=k ax n . ph l i k tt
congestion	congestion	k ax n . g e . s ax n		spoken_nepali	google_ne_lr_2018	candidate_latin		google_phones=k ax n . g e . s ax n
congo	congo	k ax ng . g o		spoken_nepali	google_ne_lr_2018	candidate_latin		google_phones=k ax ng . g o
congress	congress	k ax ng . g r e s		spoken_nepali	google_ne_lr_2018	candidate_latin		google_phones=k ax ng . g r e s
conic	conic	k o . n i k		spoken_nepali	google_ne_lr_2018	candidate_latin		google_phones=k o . n i k
conjugate	conjugate	k ax n . dz u . g e tx		spoken_nepali	google_ne_lr_2018	candidate_latin		google_phones=k ax n . jh u . g e tt
conjugation	conjugation	k ax n . dz u . g e . s ax n		spoken_nepali	google_ne_lr_2018	candidate_latin		google_phones=k ax n . jh u . g e . s ax n
connection	connection	k ax . n e k . s ax n		spoken_nepali	google_ne_lr_2018	candidate_latin		google_phones=k ax . n e k . s ax n
connector	connector	k ax . n e k . tx ax r		spoken_nepali	google_ne_lr_2018	candidate_latin		google_phones=k ax . n e k . tt ax r
connor	connor	k ax . n ax r		spoken_nepali	google_ne_lr_2018	candidate_latin		google_phones=k ax . n ax r
conocophillips	conocophillips	k o . n o . k o . ph i . l i p s		spoken_nepali	google_ne_lr_2018	candidate_latin		google_phones=k o . n o . k o . ph i . l i p s
conscience	conscience	k ax n . s aaj n s		spoken_nepali	google_ne_lr_2018	candidate_latin		google_phones=k ax n . s aaj n s
consciousness	consciousness	k ax n . s ax s . n e s		spoken_nepali	google_ne_lr_2018	candidate_latin		google_phones=k ax n . s ax s . n e s
conscription	conscription	k ax n s . k r i p . s ax n		spoken_nepali	google_ne_lr_2018	candidate_latin		google_phones=k ax n s . k r i p . s ax n
consent	consent	k ax n . s e n tx		spoken_nepali	google_ne_lr_2018	candidate_latin		google_phones=k ax n . s e n tt
consequence	consequence	k ax n . s i . k w e n s		spoken_nepali	google_ne_lr_2018	candidate_latin		google_phones=k ax n . s i . k w e n s
conservation	conservation	k ax n . dz ax r . bh e . s ax n		spoken_nepali	google_ne_lr_2018	candidate_latin		google_phones=k ax n . jh ax r . bh e . s ax n
conservatism	conservatism	k ax n . dz ax r . bh e . tx i dz m		spoken_nepali	google_ne_lr_2018	candidate_latin		google_phones=k ax n . jh ax r . bh e . tt i jh m
consol	consol	k ax n . s o l		spoken_nepali	google_ne_lr_2018	candidate_latin		google_phones=k ax n . s o l
console	console	k ax n . s o l		spoken_nepali	google_ne_lr_2018	candidate_latin		google_phones=k ax n . s o l
consolidated	consolidated	k ax n . s o . l i . dx e . tx e dx		spoken_nepali	google_ne_lr_2018	candidate_latin		google_phones=k ax n . s o . l i . dd e . tt e dd
consonance	consonance	k ax n . s o . n e n s		spoken_nepali	google_ne_lr_2018	candidate_latin		google_phones=k ax n . s o . n e n s
consonant	consonant	k ax n . s o . n e n tx		spoken_nepali	google_ne_lr_2018	candidate_latin		google_phones=k ax n . s o . n e n tt
consortium	consortium	k ax n . s o r . tx i . y ax m		spoken_nepali	google_ne_lr_2018	candidate_latin		google_phones=k ax n . s o r . tt i . y ax m
constant	constant	k ax n s . tx y aa n tx		spoken_nepali	google_ne_lr_2018	candidate_latin		google_phones=k ax n s . tt y aa n tt
constantine	constantine	k ax n s . tx e n . tx aaj n		spoken_nepali	google_ne_lr_2018	candidate_latin		google_phones=k ax n s . tt e n . tt aaj n
constipation	constipation	k ax n s . tx i . p e . s ax n		spoken_nepali	google_ne_lr_2018	candidate_latin		google_phones=k ax n s . tt i . p e . s ax n
constitution	constitution	k ax n s . ts i . tx y u . s ax n		spoken_nepali	google_ne_lr_2018	candidate_latin		google_phones=k ax n s . ts i . tt y u . s ax n
constitutional	constitutional	k ax n s . tx i . ts y u s . n ax l		spoken_nepali	google_ne_lr_2018	candidate_latin		google_phones=k ax n s . tt i . ts y u s . n ax l
constraint	constraint	k ax n s . tx r e n tx		spoken_nepali	google_ne_lr_2018	candidate_latin		google_phones=k ax n s . tt r e n tt
construction	construction	k ax n s . tx r ax k . s ax n		spoken_nepali	google_ne_lr_2018	candidate_latin		google_phones=k ax n s . tt r ax k . s ax n
constructionism	constructionism	k ax n s . tx r ax k . s ax . n i dz m		spoken_nepali	google_ne_lr_2018	candidate_latin		google_phones=k ax n s . tt r ax k . s ax . n i jh m
consumer	consumer	k ax n . dz y u . m ax r		spoken_nepali	google_ne_lr_2018	candidate_latin		google_phones=k ax n . jh y u . m ax r
consumption	consumption	k ax n . dz ax m p . s ax n		spoken_nepali	google_ne_lr_2018	candidate_latin		google_phones=k ax n . jh ax m p . s ax n
contact	contact	k ax n . tx y aa k tx		spoken_nepali	google_ne_lr_2018	candidate_latin		google_phones=k ax n . tt y aa k tt
contacts	contacts	k ax n . tx y aa k tx s		spoken_nepali	google_ne_lr_2018	candidate_latin		google_phones=k ax n . tt y aa k tt s
content	content	k ax n . tx e n tx		spoken_nepali	google_ne_lr_2018	candidate_latin		google_phones=k ax n . tt e n tt
contents	contents	k ax n . tx e n tx s		spoken_nepali	google_ne_lr_2018	candidate_latin		google_phones=k ax n . tt e n tt s
context	context	k ax n . tx e k s tx		spoken_nepali	google_ne_lr_2018	candidate_latin		google_phones=k ax n . tt e k s tt
continent	continent	k ax n . tx i . n e n tx		spoken_nepali	google_ne_lr_2018	candidate_latin		google_phones=k ax n . tt i . n e n tt
continental	continental	k ax n . tx i . n e n . tx ax l		spoken_nepali	google_ne_lr_2018	candidate_latin		google_phones=k ax n . tt i . n e n . tt ax l
contract	contract	k ax n . tx r y aa k tx		spoken_nepali	google_ne_lr_2018	candidate_latin		google_phones=k ax n . tt r y aa k tt
control	control	k ax n . tx r o l		spoken_nepali	google_ne_lr_2018	candidate_latin		google_phones=k ax n . tt r o l
controller	controller	k ax n . tx r o . l ax r		spoken_nepali	google_ne_lr_2018	candidate_latin		google_phones=k ax n . tt r o . l ax r
controls	controls	k ax n . tx r o l s		spoken_nepali	google_ne_lr_2018	candidate_latin		google_phones=k ax n . tt r o l s
convention	convention	k ax n . bh e n . s ax n		spoken_nepali	google_ne_lr_2018	candidate_latin		google_phones=k ax n . bh e n . s ax n
convergence	convergence	k ax n . bh ax r . dz e n s		spoken_nepali	google_ne_lr_2018	candidate_latin		google_phones=k ax n . bh ax r . jh e n s
conversation	conversation	k ax n . bh ax r . s e . s ax n		spoken_nepali	google_ne_lr_2018	candidate_latin		google_phones=k ax n . bh ax r . s e . s ax n
converse	converse	k ax n . bh ax r s		spoken_nepali	google_ne_lr_2018	candidate_latin		google_phones=k ax n . bh ax r s
convertible	convertible	k ax n . bh ax r . tx i . b ax l		spoken_nepali	google_ne_lr_2018	candidate_latin		google_phones=k ax n . bh ax r . tt i . b ax l
convict	convict	k ax n . bh i k tx		spoken_nepali	google_ne_lr_2018	candidate_latin		google_phones=k ax n . bh i k tt
conway	conway	k ax n . w e		spoken_nepali	google_ne_lr_2018	candidate_latin		google_phones=k ax n . w e
cooker	cooker	k u . k ax r		spoken_nepali	google_ne_lr_2018	candidate_latin		google_phones=k u . k ax r
cooking	cooking	k u . k i ng		spoken_nepali	google_ne_lr_2018	candidate_latin		google_phones=k u . k i ng
cooper	cooper	k u . p ax r		spoken_nepali	google_ne_lr_2018	candidate_latin		google_phones=k u . p ax r
cooperation	cooperation	k o . ax p . r e . s ax n		spoken_nepali	google_ne_lr_2018	candidate_latin		google_phones=k o . ax p . r e . s ax n
cooperative	cooperative	k o . ax p . r e . tx i bh		spoken_nepali	google_ne_lr_2018	candidate_latin		google_phones=k o . ax p . r e . tt i bh
coordinate	coordinate	k o . o r . dx i . n e tx		spoken_nepali	google_ne_lr_2018	candidate_latin		google_phones=k o . o r . dd i . n e tt
coordination	coordination	k o . ax r . dx i . n e . s ax n		spoken_nepali	google_ne_lr_2018	candidate_latin		google_phones=k o . ax r . dd i . n e . s ax n
cop	cop	k o p		spoken_nepali	google_ne_lr_2018	candidate_latin		google_phones=k o p
copa	copa	k o . p aa		spoken_nepali	google_ne_lr_2018	candidate_latin		google_phones=k o . p aa
copenhagen	copenhagen	k o . p ax n . h e . g ax n		spoken_nepali	google_ne_lr_2018	candidate_latin		google_phones=k o . p ax n . h e . g ax n
copernicus	copernicus	k o . p ax r . n i . k ax s		spoken_nepali	google_ne_lr_2018	candidate_latin		google_phones=k o . p ax r . n i . k ax s
copper	copper	k ax . p ax r		spoken_nepali	google_ne_lr_2018	candidate_latin		google_phones=k ax . p ax r
coprime	coprime	k o . p r aaj m		spoken_nepali	google_ne_lr_2018	candidate_latin		google_phones=k o . p r aaj m
copyright	copyright	k ax . p i . r aaj tx		spoken_nepali	google_ne_lr_2018	candidate_latin		google_phones=k ax . p i . r aaj tt
cord	cord	k o r dx		spoken_nepali	google_ne_lr_2018	candidate_latin		google_phones=k o r dd
cordon	cordon	k o r . dx ax n		spoken_nepali	google_ne_lr_2018	candidate_latin		google_phones=k o r . dd ax n
core	core	k o r		spoken_nepali	google_ne_lr_2018	candidate_latin		google_phones=k o r
coreldraw	coreldraw	k o . r e l . dx r ax		spoken_nepali	google_ne_lr_2018	candidate_latin		google_phones=k o . r e l . dd r ax
coremark	coremark	k o r . m aa r k		spoken_nepali	google_ne_lr_2018	candidate_latin		google_phones=k o r . m aa r k
corn	corn	k ax r n		spoken_nepali	google_ne_lr_2018	candidate_latin		google_phones=k ax r n
cornea	cornea	k o r . n i . y aa		spoken_nepali	google_ne_lr_2018	candidate_latin		google_phones=k o r . n i . y aa
corning	corning	k ax r . n i ng		spoken_nepali	google_ne_lr_2018	candidate_latin		google_phones=k ax r . n i ng
cornmeal	cornmeal	k ax r n . m i l		spoken_nepali	google_ne_lr_2018	candidate_latin		google_phones=k ax r n . m i l
cornwall	cornwall	k ax r n . w aa l		spoken_nepali	google_ne_lr_2018	candidate_latin		google_phones=k ax r n . w aa l
coronation	coronation	k o . r o . n e . s ax n		spoken_nepali	google_ne_lr_2018	candidate_latin		google_phones=k o . r o . n e . s ax n
coronavirus	coronavirus	k o . r o . n aa . bh aaj . r ax s		spoken_nepali	google_ne_lr_2018	candidate_latin		google_phones=k o . r o . n aa . bh aaj . r ax s
corp	corp	k ax r p		spoken_nepali	google_ne_lr_2018	candidate_latin		google_phones=k ax r p
corporate	corporate	k ax r . p o . r e tx		spoken_nepali	google_ne_lr_2018	candidate_latin		google_phones=k ax r . p o . r e tt
corporation	corporation	k ax r . p o . r e . s ax n		spoken_nepali	google_ne_lr_2018	candidate_latin		google_phones=k ax r . p o . r e . s ax n
corps	corps	k ax r p s		spoken_nepali	google_ne_lr_2018	candidate_latin		google_phones=k ax r p s
correia	correia	k o . r i . y aa		spoken_nepali	google_ne_lr_2018	candidate_latin		google_phones=k o . r i . y aa
corrupted	corrupted	k ax . r ax p . tx e dx		spoken_nepali	google_ne_lr_2018	candidate_latin		google_phones=k ax . r ax p . tt e dd
cortex	cortex	k o r . tx e k s		spoken_nepali	google_ne_lr_2018	candidate_latin		google_phones=k o r . tt e k s
corundum	corundum	k o . r aa n . dx ax m		spoken_nepali	google_ne_lr_2018	candidate_latin		google_phones=k o . r aa n . dd ax m
cos	cos	k o s		spoken_nepali	google_ne_lr_2018	candidate_latin		google_phones=k o s
cosmetics	cosmetics	k ax s . m e . tx i k s		spoken_nepali	google_ne_lr_2018	candidate_latin		google_phones=k ax s . m e . tt i k s
cosmic	cosmic	k ax s . m i k		spoken_nepali	google_ne_lr_2018	candidate_latin		google_phones=k ax s . m i k
cost	cost	k ax s tx		spoken_nepali	google_ne_lr_2018	candidate_latin		google_phones=k ax s tt
costco	costco	k ax s tx . k o		spoken_nepali	google_ne_lr_2018	candidate_latin		google_phones=k ax s tt . k o
costs	costs	k ax s tx s		spoken_nepali	google_ne_lr_2018	candidate_latin		google_phones=k ax s tt s
cottage	cottage	k ax . tx e dz		spoken_nepali	google_ne_lr_2018	candidate_latin		google_phones=k ax . tt e jh
cough	cough	k ax ph		spoken_nepali	google_ne_lr_2018	candidate_latin		google_phones=k ax ph
council	council	k aaw n . s i l		spoken_nepali	google_ne_lr_2018	candidate_latin		google_phones=k aaw n . s i l
countable	countable	k aaw n . tx e . b ax l		spoken_nepali	google_ne_lr_2018	candidate_latin		google_phones=k aaw n . tt e . b ax l
counterimmunoelectrophoresis	counterimmunoelectrophoresis	k aaw n . tx ax r . i m . m y u . n o . i . l e k . tx r o . ph o . r e . s i s		spoken_nepali	google_ne_lr_2018	candidate_latin		google_phones=k aaw n . tt ax r . i m . m y u . n o . i . l e k . tt r o . ph o . r e . s i s
counterweight	counterweight	k aaw n . tx ax r . w e tx		spoken_nepali	google_ne_lr_2018	candidate_latin		google_phones=k aaw n . tt ax r . w e tt
counting	counting	k aaw n . tx i ng		spoken_nepali	google_ne_lr_2018	candidate_latin		google_phones=k aaw n . tt i ng
couple	couple	k ax . p ax l		spoken_nepali	google_ne_lr_2018	candidate_latin		google_phones=k ax . p ax l
coupling	coupling	k ax p . l i ng		spoken_nepali	google_ne_lr_2018	candidate_latin		google_phones=k ax p . l i ng
court	court	k o r tx		spoken_nepali	google_ne_lr_2018	candidate_latin		google_phones=k o r tt
covalent	covalent	k o . bh y aa . l e n tx		spoken_nepali	google_ne_lr_2018	candidate_latin		google_phones=k o . bh y aa . l e n tt
cover	cover	k ax . bh ax r		spoken_nepali	google_ne_lr_2018	candidate_latin		google_phones=k ax . bh ax r
coverage	coverage	k ax . bh ax . r e dz		spoken_nepali	google_ne_lr_2018	candidate_latin		google_phones=k ax . bh ax . r e jh
crab	crab	k r y aa b		spoken_nepali	google_ne_lr_2018	candidate_latin		google_phones=k r y aa b
cracked	cracked	k r y aa k dx		spoken_nepali	google_ne_lr_2018	candidate_latin		google_phones=k r y aa k dd
cracker	cracker	k r y aa . k ax r		spoken_nepali	google_ne_lr_2018	candidate_latin		google_phones=k r y aa . k ax r
craft	craft	k r aa ph tx		spoken_nepali	google_ne_lr_2018	candidate_latin		google_phones=k r aa ph tt
crane	crane	k r e n		spoken_nepali	google_ne_lr_2018	candidate_latin		google_phones=k r e n
crash	crash	k r y aa s		spoken_nepali	google_ne_lr_2018	candidate_latin		google_phones=k r y aa s
cray	cray	k r e		spoken_nepali	google_ne_lr_2018	candidate_latin		google_phones=k r e
cream	cream	k r i m		spoken_nepali	google_ne_lr_2018	candidate_latin		google_phones=k r i m
create	create	k r i . y e tx		spoken_nepali	google_ne_lr_2018	candidate_latin		google_phones=k r i . y e tt
creative	creative	k r i . y e . tx i bh		spoken_nepali	google_ne_lr_2018	candidate_latin		google_phones=k r i . y e . tt i bh
credit	credit	k r e . dx i tx		spoken_nepali	google_ne_lr_2018	candidate_latin		google_phones=k r e . dd i tt
creswell	creswell	k r e s . w e l		spoken_nepali	google_ne_lr_2018	candidate_latin		google_phones=k r e s . w e l
cricket	cricket	k r i . k e tx		spoken_nepali	google_ne_lr_2018	candidate_latin		google_phones=k r i . k e tt
cricketer	cricketer	k r i . k e . tx ax r		spoken_nepali	google_ne_lr_2018	candidate_latin		google_phones=k r i . k e . tt ax r
crime	crime	k r aaj m		spoken_nepali	google_ne_lr_2018	candidate_latin		google_phones=k r aaj m
criminal	criminal	k r i . m i . n ax l		spoken_nepali	google_ne_lr_2018	candidate_latin		google_phones=k r i . m i . n ax l
crisis	crisis	k r aaj . s i s		spoken_nepali	google_ne_lr_2018	candidate_latin		google_phones=k r aaj . s i s
critic	critic	k r i . tx i k		spoken_nepali	google_ne_lr_2018	candidate_latin		google_phones=k r i . tt i k
critical	critical	k r i . tx i . k ax l		spoken_nepali	google_ne_lr_2018	candidate_latin		google_phones=k r i . tt i . k ax l
criticism	criticism	k r i . tx i . s i . dz ax m		spoken_nepali	google_ne_lr_2018	candidate_latin		google_phones=k r i . tt i . s i . jh ax m
croatia	croatia	k r o . e . s i . y aa		spoken_nepali	google_ne_lr_2018	candidate_latin		google_phones=k r o . e . s i . y aa
crocodilia	crocodilia	k r o . k o . dx aaj . l i . y aa		spoken_nepali	google_ne_lr_2018	candidate_latin		google_phones=k r o . k o . dd aaj . l i . y aa
croft	croft	k r ax ph tx		spoken_nepali	google_ne_lr_2018	candidate_latin		google_phones=k r ax ph tt
croods	croods	k r u dx s		spoken_nepali	google_ne_lr_2018	candidate_latin		google_phones=k r u dd s
crop	crop	k r ax p		spoken_nepali	google_ne_lr_2018	candidate_latin		google_phones=k r ax p
cross	cross	k r ax s		spoken_nepali	google_ne_lr_2018	candidate_latin		google_phones=k r ax s
crossbow	crossbow	k r ax s . b o		spoken_nepali	google_ne_lr_2018	candidate_latin		google_phones=k r ax s . b o
crow	crow	k r o w		spoken_nepali	google_ne_lr_2018	candidate_latin		google_phones=k r o w
crown	crown	k r aaw n		spoken_nepali	google_ne_lr_2018	candidate_latin		google_phones=k r aaw n
crows	crows	k r o dz		spoken_nepali	google_ne_lr_2018	candidate_latin		google_phones=k r o jh
cruise	cruise	k r u dz		spoken_nepali	google_ne_lr_2018	candidate_latin		google_phones=k r u jh
crusher	crusher	k r ax . s ax r		spoken_nepali	google_ne_lr_2018	candidate_latin		google_phones=k r ax . s ax r
crypt	crypt	k r i p tx		spoken_nepali	google_ne_lr_2018	candidate_latin		google_phones=k r i p tt
crystal	crystal	k r i s . tx ax l		spoken_nepali	google_ne_lr_2018	candidate_latin		google_phones=k r i s . tt ax l
cube	cube	k y u b		spoken_nepali	google_ne_lr_2018	candidate_latin		google_phones=k y u b
cubic	cubic	k y u . b i k		spoken_nepali	google_ne_lr_2018	candidate_latin		google_phones=k y u . b i k
cucumber	cucumber	k u . k ax m . b ax r		spoken_nepali	google_ne_lr_2018	candidate_latin		google_phones=k u . k ax m . b ax r
cultivation	cultivation	k ax l . tx i . bh e . s ax n		spoken_nepali	google_ne_lr_2018	candidate_latin		google_phones=k ax l . tt i . bh e . s ax n
cultural	cultural	k ax l . ts ax . r ax l		spoken_nepali	google_ne_lr_2018	candidate_latin		google_phones=k ax l . ts ax . r ax l
culture	culture	k ax l . ts ax r		spoken_nepali	google_ne_lr_2018	candidate_latin		google_phones=k ax l . ts ax r
cultures	cultures	k ax l . ts ax r s		spoken_nepali	google_ne_lr_2018	candidate_latin		google_phones=k ax l . ts ax r s
cummins	cummins	k y u . m i n s		spoken_nepali	google_ne_lr_2018	candidate_latin		google_phones=k y u . m i n s
cup	cup	k ax p		spoken_nepali	google_ne_lr_2018	candidate_latin		google_phones=k ax p
cupid	cupid	k y u . p i dx		spoken_nepali	google_ne_lr_2018	candidate_latin		google_phones=k y u . p i dd
curd	curd	k ax r dx		spoken_nepali	google_ne_lr_2018	candidate_latin		google_phones=k ax r dd
curl	curl	k ax r l		spoken_nepali	google_ne_lr_2018	candidate_latin		google_phones=k ax r l
curling	curling	k ax r . l i ng		spoken_nepali	google_ne_lr_2018	candidate_latin		google_phones=k ax r . l i ng
currant	currant	k ax . r e n tx		spoken_nepali	google_ne_lr_2018	candidate_latin		google_phones=k ax . r e n tt
current	current	k ax . r e n tx		spoken_nepali	google_ne_lr_2018	candidate_latin		google_phones=k ax . r e n tt
customer	customer	k ax s . tx ax . m ax r		spoken_nepali	google_ne_lr_2018	candidate_latin		google_phones=k ax s . tt ax . m ax r
cuticle	cuticle	k y u . tx i . k ax l		spoken_nepali	google_ne_lr_2018	candidate_latin		google_phones=k y u . tt i . k ax l
cutting	cutting	k ax . tx i ng		spoken_nepali	google_ne_lr_2018	candidate_latin		google_phones=k ax . tt i ng
cuttlefish	cuttlefish	k ax . tx ax l . ph i s		spoken_nepali	google_ne_lr_2018	candidate_latin		google_phones=k ax . tt ax l . ph i s
cyanide	cyanide	s aaj . n aaj dx		spoken_nepali	google_ne_lr_2018	candidate_latin		google_phones=s aaj . n aaj dd
cyberculture	cyberculture	s aaj . b ax r . k ax l . ts ax r		spoken_nepali	google_ne_lr_2018	candidate_latin		google_phones=s aaj . b ax r . k ax l . ts ax r
cybernetics	cybernetics	s aaj . b ax r . n e . tx i k s		spoken_nepali	google_ne_lr_2018	candidate_latin		google_phones=s aaj . b ax r . n e . tt i k s
cyberspace	cyberspace	s aaj . b ax r . s p e s		spoken_nepali	google_ne_lr_2018	candidate_latin		google_phones=s aaj . b ax r . s p e s
cycle	cycle	s aaj . k ax l		spoken_nepali	google_ne_lr_2018	candidate_latin		google_phones=s aaj . k ax l
cycling	cycling	s aaj k . k l i ng		spoken_nepali	google_ne_lr_2018	candidate_latin		google_phones=s aaj k . k l i ng
cycloalkane	cycloalkane	s aaj . k l o . ax l . k e n		spoken_nepali	google_ne_lr_2018	candidate_latin		google_phones=s aaj . k l o . ax l . k e n
cyclohexane	cyclohexane	s aaj . k l o . h e k . s ax n		spoken_nepali	google_ne_lr_2018	candidate_latin		google_phones=s aaj . k l o . h e k . s ax n
cylindrical	cylindrical	s i . l i n . dx r i . k ax l		spoken_nepali	google_ne_lr_2018	candidate_latin		google_phones=s i . l i n . dd r i . k ax l
cyprus	cyprus	s aaj . p r ax s		spoken_nepali	google_ne_lr_2018	candidate_latin		google_phones=s aaj . p r ax s
cytochrome	cytochrome	s aaj . tx o . k r o m		spoken_nepali	google_ne_lr_2018	candidate_latin		google_phones=s aaj . tt o . k r o m
cytokinesis	cytokinesis	s aaj . tx o . k aaj . n e . s i s		spoken_nepali	google_ne_lr_2018	candidate_latin		google_phones=s aaj . tt o . k aaj . n e . s i s
cytoplasm	cytoplasm	s aaj . tx o . p l aa dz m		spoken_nepali	google_ne_lr_2018	candidate_latin		google_phones=s aaj . tt o . p l aa jh m
czech	czech	ts e k		spoken_nepali	google_ne_lr_2018	candidate_latin		google_phones=ts e k
d	d	dx i		spoken_nepali	google_ne_lr_2018	candidate_latin		google_phones=dd i
dagblad	dagblad	dx y aa g . b l aa dx		spoken_nepali	google_ne_lr_2018	candidate_latin		google_phones=dd y aa g . b l aa dd
dahal	dahal	d aa . h aa l		spoken_nepali	google_ne_lr_2018	candidate_latin		google_phones=d aa . h aa l
dal	dal	dx aa l		spoken_nepali	google_ne_lr_2018	candidate_latin		google_phones=dd aa l
dalai	dalai	d ax . l aaj		spoken_nepali	google_ne_lr_2018	candidate_latin		google_phones=d ax . l aaj
dalal	dalal	dx ax . l aa l		spoken_nepali	google_ne_lr_2018	candidate_latin		google_phones=dd ax . l aa l
dallas	dallas	dx ax l . l aa s		spoken_nepali	google_ne_lr_2018	candidate_latin		google_phones=dd ax l . l aa s
dam	dam	dx y aa m		spoken_nepali	google_ne_lr_2018	candidate_latin		google_phones=dd y aa m
damage	damage	dx y aa . m e dz		spoken_nepali	google_ne_lr_2018	candidate_latin		google_phones=dd y aa . m e jh
damages	damages	dx y aa . m e . dz e dz		spoken_nepali	google_ne_lr_2018	candidate_latin		google_phones=dd y aa . m e . jh e jh
damaha	damaha	d ax . m aa . h aa		spoken_nepali	google_ne_lr_2018	candidate_latin		google_phones=d ax . m aa . h aa
damak	damak	d ax . m ax k		spoken_nepali	google_ne_lr_2018	candidate_latin		google_phones=d ax . m ax k
damodar	damodar	d aa . m o . d ax r		spoken_nepali	google_ne_lr_2018	candidate_latin		google_phones=d aa . m o . d ax r
dan	dan	d aa n		spoken_nepali	google_ne_lr_2018	candidate_latin		google_phones=d aa n
dana	dana	d aa . n aa		spoken_nepali	google_ne_lr_2018	candidate_latin		google_phones=d aa . n aa
danaher	danaher	d aa . n aa . h ax r		spoken_nepali	google_ne_lr_2018	candidate_latin		google_phones=d aa . n aa . h ax r
dance	dance	dx aa n s		spoken_nepali	google_ne_lr_2018	candidate_latin		google_phones=dd aa n s
dandruff	dandruff	dx y aa n . dx r ax ph		spoken_nepali	google_ne_lr_2018	candidate_latin		google_phones=dd y aa n . dd r ax ph
dangerous	dangerous	dx e n . dz ax . r ax s		spoken_nepali	google_ne_lr_2018	candidate_latin		google_phones=dd e n . jh ax . r ax s
daniel	daniel	dx y aa . n i . y ax l		spoken_nepali	google_ne_lr_2018	candidate_latin		google_phones=dd y aa . n i . y ax l
danube	danube	d aa . n u . b e		spoken_nepali	google_ne_lr_2018	candidate_latin		google_phones=d aa . n u . b e
dard	dard	dx ax r dx		spoken_nepali	google_ne_lr_2018	candidate_latin		google_phones=dd ax r dd
darden	darden	dx aa r . dx e n		spoken_nepali	google_ne_lr_2018	candidate_latin		google_phones=dd aa r . dd e n
daredevil	daredevil	dx e . y ax r . dx e . bh i l		spoken_nepali	google_ne_lr_2018	candidate_latin		google_phones=dd e . y ax r . dd e . bh i l
darjeeling	darjeeling	d aa r . dz i . l i ng		spoken_nepali	google_ne_lr_2018	candidate_latin		google_phones=d aa r . jh i . l i ng
dark	dark	dx aa r k		spoken_nepali	google_ne_lr_2018	candidate_latin		google_phones=dd aa r k
darker	darker	dx aa r . k ax r		spoken_nepali	google_ne_lr_2018	candidate_latin		google_phones=dd aa r . k ax r
darkness	darkness	dx aa r k . n e s		spoken_nepali	google_ne_lr_2018	candidate_latin		google_phones=dd aa r k . n e s
darshan	darshan	d ax r . s ax n		spoken_nepali	google_ne_lr_2018	candidate_latin		google_phones=d ax r . s ax n
darwin	darwin	dx aa r . b i n		spoken_nepali	google_ne_lr_2018	candidate_latin		google_phones=dd aa r . b i n
das	das	d aa s		spoken_nepali	google_ne_lr_2018	candidate_latin		google_phones=d aa s
dasa	dasa	d ax . s aa		spoken_nepali	google_ne_lr_2018	candidate_latin		google_phones=d ax . s aa
dasharatha	dasharatha	d ax . s ax . r ax th		spoken_nepali	google_ne_lr_2018	candidate_latin		google_phones=d ax . s ax . r ax th
dass	dass	dx aa s		spoken_nepali	google_ne_lr_2018	candidate_latin		google_phones=dd aa s
data	data	dx aa . tx aa		spoken_nepali	google_ne_lr_2018	candidate_latin		google_phones=dd aa . tt aa
database	database	dx e . tx aa . b e s		spoken_nepali	google_ne_lr_2018	candidate_latin		google_phones=dd e . tt aa . b e s
datasheet	datasheet	dx e . tx aa . s i tx		spoken_nepali	google_ne_lr_2018	candidate_latin		google_phones=dd e . tt aa . s i tt
date	date	dx e tx		spoken_nepali	google_ne_lr_2018	candidate_latin		google_phones=dd e tt
daughter	daughter	dx ax . tx ax r		spoken_nepali	google_ne_lr_2018	candidate_latin		google_phones=dd ax . tt ax r
daughterboard	daughterboard	dx ax . tx ax r . b o r dx		spoken_nepali	google_ne_lr_2018	candidate_latin		google_phones=dd ax . tt ax r . b o r dd
david	david	dx e . bh i dx		spoken_nepali	google_ne_lr_2018	candidate_latin		google_phones=dd e . bh i dd
davita	davita	d e . bh i . t aa		spoken_nepali	google_ne_lr_2018	candidate_latin		google_phones=d e . bh i . t aa
dawn	dawn	d aaw n		spoken_nepali	google_ne_lr_2018	candidate_latin		google_phones=d aaw n
day	day	dx e		spoken_nepali	google_ne_lr_2018	candidate_latin		google_phones=dd e
dayal	dayal	d ax . y aa l		spoken_nepali	google_ne_lr_2018	candidate_latin		google_phones=d ax . y aa l
dayananda	dayananda	d ax . y aa . n ax n . d ax		spoken_nepali	google_ne_lr_2018	candidate_latin		google_phones=d ax . y aa . n ax n . d ax
dayavan	dayavan	d ax . y aa . w aa n		spoken_nepali	google_ne_lr_2018	candidate_latin		google_phones=d ax . y aa . w aa n
days	days	dx e dz		spoken_nepali	google_ne_lr_2018	candidate_latin		google_phones=dd e jh
de	de	d e		spoken_nepali	google_ne_lr_2018	candidate_latin		google_phones=d e
deadbeat	deadbeat	dx e dx . b i tx		spoken_nepali	google_ne_lr_2018	candidate_latin		google_phones=dd e dd . b i tt
deal	deal	dx i l		spoken_nepali	google_ne_lr_2018	candidate_latin		google_phones=dd i l
dealey	dealey	dx i . l e		spoken_nepali	google_ne_lr_2018	candidate_latin		google_phones=dd i . l e
dean	dean	dx i n		spoken_nepali	google_ne_lr_2018	candidate_latin		google_phones=dd i n
deanna	deanna	dx i n . n aa		spoken_nepali	google_ne_lr_2018	candidate_latin		google_phones=dd i n . n aa
death	death	dx e th		spoken_nepali	google_ne_lr_2018	candidate_latin		google_phones=dd e th
debate	debate	dx i . b e tx		spoken_nepali	google_ne_lr_2018	candidate_latin		google_phones=dd i . b e tt
debugging	debugging	dx i . b ax . g i ng		spoken_nepali	google_ne_lr_2018	candidate_latin		google_phones=dd i . b ax . g i ng
decarboxylation	decarboxylation	dx i . k aa r . b o k . s i . l e . s ax n		spoken_nepali	google_ne_lr_2018	candidate_latin		google_phones=dd i . k aa r . b o k . s i . l e . s ax n
decay	decay	d i . k e		spoken_nepali	google_ne_lr_2018	candidate_latin		google_phones=d i . k e
deceased	deceased	d i . s i dz dx		spoken_nepali	google_ne_lr_2018	candidate_latin		google_phones=d i . s i jh dd
decker	decker	dx e . k ax r		spoken_nepali	google_ne_lr_2018	candidate_latin		google_phones=dd e . k ax r
declination	declination	dx i . k l aaj . n e . s ax n		spoken_nepali	google_ne_lr_2018	candidate_latin		google_phones=dd i . k l aaj . n e . s ax n
decoder	decoder	dx i . k o . dx ax r		spoken_nepali	google_ne_lr_2018	candidate_latin		google_phones=dd i . k o . dd ax r
decomposer	decomposer	dx i . k ax m . p o . dz ax r		spoken_nepali	google_ne_lr_2018	candidate_latin		google_phones=dd i . k ax m . p o . jh ax r
decomposition	decomposition	dx i . k ax m . p o . dz i . s ax n		spoken_nepali	google_ne_lr_2018	candidate_latin		google_phones=dd i . k ax m . p o . jh i . s ax n
deed	deed	dx i dx		spoken_nepali	google_ne_lr_2018	candidate_latin		google_phones=dd i dd
deep	deep	dx i p		spoken_nepali	google_ne_lr_2018	candidate_latin		google_phones=dd i p
deepak	deepak	d i . p ax k		spoken_nepali	google_ne_lr_2018	candidate_latin		google_phones=d i . p ax k
deer	deer	dx i . y ax r		spoken_nepali	google_ne_lr_2018	candidate_latin		google_phones=dd i . y ax r
deere	deere	dx i . r e		spoken_nepali	google_ne_lr_2018	candidate_latin		google_phones=dd i . r e
deewana	deewana	d i . w aa . n aa		spoken_nepali	google_ne_lr_2018	candidate_latin		google_phones=d i . w aa . n aa
deez	deez	dx i dz		spoken_nepali	google_ne_lr_2018	candidate_latin		google_phones=dd i jh
defence	defence	dx i . ph e n s		spoken_nepali	google_ne_lr_2018	candidate_latin		google_phones=dd i . ph e n s
deforestation	deforestation	dx i . ph ax . r e s . tx e . s ax n		spoken_nepali	google_ne_lr_2018	candidate_latin		google_phones=dd i . ph ax . r e s . tt e . s ax n
defragmentation	defragmentation	dx i . ph r y aa g . m e n . tx e . s ax n		spoken_nepali	google_ne_lr_2018	candidate_latin		google_phones=dd i . ph r y aa g . m e n . tt e . s ax n
degeneration	degeneration	dx i . dz e . n e . r e . s ax n		spoken_nepali	google_ne_lr_2018	candidate_latin		google_phones=dd i . jh e . n e . r e . s ax n
dekh	dekh	d e kh		spoken_nepali	google_ne_lr_2018	candidate_latin		google_phones=d e kh
delay	delay	dx i . l e		spoken_nepali	google_ne_lr_2018	candidate_latin		google_phones=dd i . l e
delegation	delegation	dx e . l i . g e . s ax n		spoken_nepali	google_ne_lr_2018	candidate_latin		google_phones=dd e . l i . g e . s ax n
deletion	deletion	dx i . l i . s ax n		spoken_nepali	google_ne_lr_2018	candidate_latin		google_phones=dd i . l i . s ax n
dell	dell	dx e l		spoken_nepali	google_ne_lr_2018	candidate_latin		google_phones=dd e l
delta	delta	dx e l . tx aa		spoken_nepali	google_ne_lr_2018	candidate_latin		google_phones=dd e l . tt aa
democratization	democratization	dx e . m o . k r e . tx aaj . dz e . s ax n		spoken_nepali	google_ne_lr_2018	candidate_latin		google_phones=dd e . m o . k r e . tt aaj . jh e . s ax n
demon	demon	dx e . m o n		spoken_nepali	google_ne_lr_2018	candidate_latin		google_phones=dd e . m o n
demonic	demonic	dx e . m o . n i k		spoken_nepali	google_ne_lr_2018	candidate_latin		google_phones=dd e . m o . n i k
demonstration	demonstration	dx e . m ax n s . tx r e . s ax n		spoken_nepali	google_ne_lr_2018	candidate_latin		google_phones=dd e . m ax n s . tt r e . s ax n
denatured	denatured	dx i . n e . ts ax r dx		spoken_nepali	google_ne_lr_2018	candidate_latin		google_phones=dd i . n e . ts ax r dd
dennison	dennison	dx e . n i . s ax n		spoken_nepali	google_ne_lr_2018	candidate_latin		google_phones=dd e . n i . s ax n
denotation	denotation	dx e . n o . t e . s ax n		spoken_nepali	google_ne_lr_2018	candidate_latin		google_phones=dd e . n o . t e . s ax n
dental	dental	dx e n . tx ax l		spoken_nepali	google_ne_lr_2018	candidate_latin		google_phones=dd e n . tt ax l
department	department	dx i . p aa r tx . m e n tx		spoken_nepali	google_ne_lr_2018	candidate_latin		google_phones=dd i . p aa r tt . m e n tt
depletion	depletion	d i . p l i . s ax n		spoken_nepali	google_ne_lr_2018	candidate_latin		google_phones=d i . p l i . s ax n
deposit	deposit	dx i . p o . dz i tx		spoken_nepali	google_ne_lr_2018	candidate_latin		google_phones=dd i . p o . jh i tt
depositional	depositional	dx i . p o . dz i . s ax . n ax l		spoken_nepali	google_ne_lr_2018	candidate_latin		google_phones=dd i . p o . jh i . s ax . n ax l
depot	depot	dx i . p o		spoken_nepali	google_ne_lr_2018	candidate_latin		google_phones=dd i . p o
deprecation	deprecation	dx i p . p r i . k e . s ax n		spoken_nepali	google_ne_lr_2018	candidate_latin		google_phones=dd i p . p r i . k e . s ax n
depth	depth	dx e p th		spoken_nepali	google_ne_lr_2018	candidate_latin		google_phones=dd e p th
der	der	d e r		spoken_nepali	google_ne_lr_2018	candidate_latin		google_phones=d e r
derivative	derivative	dx e . r i . bh e . tx i bh		spoken_nepali	google_ne_lr_2018	candidate_latin		google_phones=dd e . r i . bh e . tt i bh
derivatives	derivatives	dx e . r i . bh e . tx i bh s		spoken_nepali	google_ne_lr_2018	candidate_latin		google_phones=dd e . r i . bh e . tt i bh s
descent	descent	dx i . s e n tx		spoken_nepali	google_ne_lr_2018	candidate_latin		google_phones=dd i . s e n tt
description	description	d i s . k r i p . s ax n		spoken_nepali	google_ne_lr_2018	candidate_latin		google_phones=d i s . k r i p . s ax n
descriptive	descriptive	dx i s . k r i p . tx i bh		spoken_nepali	google_ne_lr_2018	candidate_latin		google_phones=dd i s . k r i p . tt i bh
desert	desert	dx e . dz ax r tx		spoken_nepali	google_ne_lr_2018	candidate_latin		google_phones=dd e . jh ax r tt
design	design	dx i . dz aaj n		spoken_nepali	google_ne_lr_2018	candidate_latin		google_phones=dd i . jh aaj n
designer	designer	dx i . dz aaj . n ax r		spoken_nepali	google_ne_lr_2018	candidate_latin		google_phones=dd i . jh aaj . n ax r
desire	desire	dx i . dz aa . y ax r		spoken_nepali	google_ne_lr_2018	candidate_latin		google_phones=dd i . jh aa . y ax r
desk	desk	dx e s k		spoken_nepali	google_ne_lr_2018	candidate_latin		google_phones=dd e s k
despicable	despicable	dx e s . p i . k e . b ax l		spoken_nepali	google_ne_lr_2018	candidate_latin		google_phones=dd e s . p i . k e . b ax l
dessert	dessert	dx e . dz ax r tx		spoken_nepali	google_ne_lr_2018	candidate_latin		google_phones=dd e . jh ax r tt
dessler	dessler	dx e s . l ax r		spoken_nepali	google_ne_lr_2018	candidate_latin		google_phones=dd e s . l ax r
destination	destination	dx e s . tx i . n e . s ax n		spoken_nepali	google_ne_lr_2018	candidate_latin		google_phones=dd e s . tt i . n e . s ax n
detection	detection	dx i . tx e k . s ax n		spoken_nepali	google_ne_lr_2018	candidate_latin		google_phones=dd i . tt e k . s ax n
detective	detective	dx i . tx e k . tx i bh		spoken_nepali	google_ne_lr_2018	candidate_latin		google_phones=dd i . tt e k . tt i bh
determination	determination	dx i . tx ax r . n i . n e . s ax n		spoken_nepali	google_ne_lr_2018	candidate_latin		google_phones=dd i . tt ax r . n i . n e . s ax n
deuda	deuda	d ew . dx aa		spoken_nepali	google_ne_lr_2018	candidate_latin		google_phones=d ew . dd aa
deutschland	deutschland	dx ax ts . l y aa n dx		spoken_nepali	google_ne_lr_2018	candidate_latin		google_phones=dd ax ts . l y aa n dd
dev	dev	d e b		spoken_nepali	google_ne_lr_2018	candidate_latin		google_phones=d e b
developed	developed	dx i . bh e . l ax p dx		spoken_nepali	google_ne_lr_2018	candidate_latin		google_phones=dd i . bh e . l ax p dd
developer	developer	dx e bh . l o . p ax r		spoken_nepali	google_ne_lr_2018	candidate_latin		google_phones=dd e bh . l o . p ax r
development	development	dx e . bh ax . l ax p . m e n tx		spoken_nepali	google_ne_lr_2018	candidate_latin		google_phones=dd e . bh ax . l ax p . m e n tt
device	device	dx i . bh aaj s		spoken_nepali	google_ne_lr_2018	candidate_latin		google_phones=dd i . bh aaj s
devices	devices	dx i . bh aaj . s e dz		spoken_nepali	google_ne_lr_2018	candidate_latin		google_phones=dd i . bh aaj . s e jh
devine	devine	dx i . bh aaj n		spoken_nepali	google_ne_lr_2018	candidate_latin		google_phones=dd i . bh aaj n
devon	devon	dx e . bh ax n		spoken_nepali	google_ne_lr_2018	candidate_latin		google_phones=dd e . bh ax n
dhaai	dhaai	dh aaj		spoken_nepali	google_ne_lr_2018	candidate_latin		google_phones=dh aaj
dhadakne	dhadakne	dh ax . dx ax k . n e		spoken_nepali	google_ne_lr_2018	candidate_latin		google_phones=dh ax . dd ax k . n e
dhading	dhading	dh aa . d i ng		spoken_nepali	google_ne_lr_2018	candidate_latin		google_phones=dh aa . d i ng
dhaka	dhaka	dxh aa . k aa		spoken_nepali	google_ne_lr_2018	candidate_latin		google_phones=ddh aa . k aa
dhakal	dhakal	dxh ax . k aa l		spoken_nepali	google_ne_lr_2018	candidate_latin		google_phones=ddh ax . k aa l
dharampal	dharampal	dh ax . r ax m . p aa l		spoken_nepali	google_ne_lr_2018	candidate_latin		google_phones=dh ax . r ax m . p aa l
dharampreet	dharampreet	dh ax . r ax m . p r i t		spoken_nepali	google_ne_lr_2018	candidate_latin		google_phones=dh ax . r ax m . p r i t
dharan	dharan	dh ax . r aa n		spoken_nepali	google_ne_lr_2018	candidate_latin		google_phones=dh ax . r aa n
dhawan	dhawan	dh ax . w ax n		spoken_nepali	google_ne_lr_2018	candidate_latin		google_phones=dh ax . w ax n
dhital	dhital	dh i . t aa l		spoken_nepali	google_ne_lr_2018	candidate_latin		google_phones=dh i . t aa l
dhungana	dhungana	dxh u ng . g aa . n aa		spoken_nepali	google_ne_lr_2018	candidate_latin		google_phones=ddh u ng . g aa . n aa
diacetyl	diacetyl	dx aaj . y ax . s i . tx ax l		spoken_nepali	google_ne_lr_2018	candidate_latin		google_phones=dd aaj . y ax . s i . tt ax l
diagnosis	diagnosis	dx aaj g . g n o . s i s		spoken_nepali	google_ne_lr_2018	candidate_latin		google_phones=dd aaj g . g n o . s i s
diagnostic	diagnostic	dx aaj . g n ax s . tx i k		spoken_nepali	google_ne_lr_2018	candidate_latin		google_phones=dd aaj . g n ax s . tt i k
diagnostics	diagnostics	dx aaj g . n o s . tx i k s		spoken_nepali	google_ne_lr_2018	candidate_latin		google_phones=dd aaj g . n o s . tt i k s
diagonal	diagonal	dx aaj . g o . n ax l		spoken_nepali	google_ne_lr_2018	candidate_latin		google_phones=dd aaj . g o . n ax l
diagram	diagram	dx aaj . g r aa m		spoken_nepali	google_ne_lr_2018	candidate_latin		google_phones=dd aaj . g r aa m
dial	dial	dx aa . y ax l		spoken_nepali	google_ne_lr_2018	candidate_latin		google_phones=dd aa . y ax l
dialog	dialog	d aaj . l o g		spoken_nepali	google_ne_lr_2018	candidate_latin		google_phones=d aaj . l o g
diamagnetism	diamagnetism	dx aaj . m y aa g . n e . tx i dz m		spoken_nepali	google_ne_lr_2018	candidate_latin		google_phones=dd aaj . m y aa g . n e . tt i jh m
diameter	diameter	dx aaj . m i . tx ax r		spoken_nepali	google_ne_lr_2018	candidate_latin		google_phones=dd aaj . m i . tt ax r
diamond	diamond	dx aaj . m ax n dx		spoken_nepali	google_ne_lr_2018	candidate_latin		google_phones=dd aaj . m ax n dd
diaphragm	diaphragm	dx aaj . ph r ax m		spoken_nepali	google_ne_lr_2018	candidate_latin		google_phones=dd aaj . ph r ax m
diazepam	diazepam	dx aaj . dz e . p y aa m		spoken_nepali	google_ne_lr_2018	candidate_latin		google_phones=dd aaj . jh e . p y aa m
dice	dice	dx aaj s		spoken_nepali	google_ne_lr_2018	candidate_latin		google_phones=dd aaj s
dickens	dickens	dx i . k e n s		spoken_nepali	google_ne_lr_2018	candidate_latin		google_phones=dd i . k e n s
dickinson	dickinson	dx i . k i n . s ax n		spoken_nepali	google_ne_lr_2018	candidate_latin		google_phones=dd i . k i n . s ax n
dicks	dicks	dx i k s		spoken_nepali	google_ne_lr_2018	candidate_latin		google_phones=dd i k s
diction	diction	dx i k . s ax n		spoken_nepali	google_ne_lr_2018	candidate_latin		google_phones=dd i k . s ax n
die	die	dx aaj		spoken_nepali	google_ne_lr_2018	candidate_latin		google_phones=dd aaj
dielectric	dielectric	dx aaj . l e k . tx r i k		spoken_nepali	google_ne_lr_2018	candidate_latin		google_phones=dd aaj . l e k . tt r i k
diesel	diesel	dx i . dz ax l		spoken_nepali	google_ne_lr_2018	candidate_latin		google_phones=dd i . jh ax l
diet	diet	dx aaj tx		spoken_nepali	google_ne_lr_2018	candidate_latin		google_phones=dd aaj tt
difference	difference	dx i ph . r e n s		spoken_nepali	google_ne_lr_2018	candidate_latin		google_phones=dd i ph . r e n s
dig	dig	dx i g		spoken_nepali	google_ne_lr_2018	candidate_latin		google_phones=dd i g
digestion	digestion	dx aaj . dz e . s ax n		spoken_nepali	google_ne_lr_2018	candidate_latin		google_phones=dd aaj . jh e . s ax n
digestive	digestive	dx aaj . dz e s . tx i bh		spoken_nepali	google_ne_lr_2018	candidate_latin		google_phones=dd aaj . jh e s . tt i bh
digit	digit	dx i . dz i tx		spoken_nepali	google_ne_lr_2018	candidate_latin		google_phones=dd i . jh i tt
digital	digital	dx i . dz i . tx ax l		spoken_nepali	google_ne_lr_2018	candidate_latin		google_phones=dd i . jh i . tt ax l
digitalis	digitalis	dx i . dz i . t y aa . l i s		spoken_nepali	google_ne_lr_2018	candidate_latin		google_phones=dd i . jh i . t y aa . l i s
dil	dil	d i l		spoken_nepali	google_ne_lr_2018	candidate_latin		google_phones=d i l
dilation	dilation	dx aaj . l e . s ax n		spoken_nepali	google_ne_lr_2018	candidate_latin		google_phones=dd aaj . l e . s ax n
dilbert	dilbert	dx i l . b ax r tx		spoken_nepali	google_ne_lr_2018	candidate_latin		google_phones=dd i l . b ax r tt
dilendra	dilendra	d i . l e n . d r ax		spoken_nepali	google_ne_lr_2018	candidate_latin		google_phones=d i . l e n . d r ax
dilip	dilip	d i . l i p		spoken_nepali	google_ne_lr_2018	candidate_latin		google_phones=d i . l i p
dill	dill	dx i l		spoken_nepali	google_ne_lr_2018	candidate_latin		google_phones=dd i l
dillards	dillards	dx i . l aa r dx s		spoken_nepali	google_ne_lr_2018	candidate_latin		google_phones=dd i . l aa r dd s
dilo	dilo	d i . l o		spoken_nepali	google_ne_lr_2018	candidate_latin		google_phones=d i . l o
dimensional	dimensional	dx aaj . m e n . s ax . n ax l		spoken_nepali	google_ne_lr_2018	candidate_latin		google_phones=dd aaj . m e n . s ax . n ax l
dimorphism	dimorphism	dx aaj . m ax r . ph i . dz ax m		spoken_nepali	google_ne_lr_2018	candidate_latin		google_phones=dd aaj . m ax r . ph i . jh ax m
dinar	dinar	d i . n aa r		spoken_nepali	google_ne_lr_2018	candidate_latin		google_phones=d i . n aa r
dinesh	dinesh	d i . n e s		spoken_nepali	google_ne_lr_2018	candidate_latin		google_phones=d i . n e s
dinner	dinner	dx i . n ax r		spoken_nepali	google_ne_lr_2018	candidate_latin		google_phones=dd i . n ax r
dinopaws	dinopaws	dx aaj . n o . p ax dz		spoken_nepali	google_ne_lr_2018	candidate_latin		google_phones=dd aaj . n o . p ax jh
dinosaur	dinosaur	dx aaj . n o . s ax r		spoken_nepali	google_ne_lr_2018	candidate_latin		google_phones=dd aaj . n o . s ax r
dioxide	dioxide	dx aaj . ax k . s aaj dx		spoken_nepali	google_ne_lr_2018	candidate_latin		google_phones=dd aaj . ax k . s aaj dd
dip	dip	d i p		spoken_nepali	google_ne_lr_2018	candidate_latin		google_phones=d i p
dipa	dipa	d i . p aa		spoken_nepali	google_ne_lr_2018	candidate_latin		google_phones=d i . p aa
dipendra	dipendra	d i . p e n . d r ax		spoken_nepali	google_ne_lr_2018	candidate_latin		google_phones=d i . p e n . d r ax
diploma	diploma	dx i p . p l o . m aa		spoken_nepali	google_ne_lr_2018	candidate_latin		google_phones=dd i p . p l o . m aa
direct	direct	dx aaj . r e k tx		spoken_nepali	google_ne_lr_2018	candidate_latin		google_phones=dd aaj . r e k tt
directive	directive	dx aaj . r e k . tx i bh		spoken_nepali	google_ne_lr_2018	candidate_latin		google_phones=dd aaj . r e k . tt i bh
disadvantaged	disadvantaged	dx i s . e dx . bh aa n . tx e dz dx		spoken_nepali	google_ne_lr_2018	candidate_latin		google_phones=dd i s . e dd . bh aa n . tt e jh dd
disappointment	disappointment	dx i s . e . p oj n tx . m e n tx		spoken_nepali	google_ne_lr_2018	candidate_latin		google_phones=dd i s . e . p oj n tt . m e n tt
disaster	disaster	dx i . dz aa s . tx ax r		spoken_nepali	google_ne_lr_2018	candidate_latin		google_phones=dd i . jh aa s . tt ax r
disc	disc	dx i s k		spoken_nepali	google_ne_lr_2018	candidate_latin		google_phones=dd i s k
discharge	discharge	dx i s . ts aa r dz		spoken_nepali	google_ne_lr_2018	candidate_latin		google_phones=dd i s . ts aa r jh
disco	disco	dx i s . k o		spoken_nepali	google_ne_lr_2018	candidate_latin		google_phones=dd i s . k o
discount	discount	dx i s . k aaw n tx		spoken_nepali	google_ne_lr_2018	candidate_latin		google_phones=dd i s . k aaw n tt
discounts	discounts	dx i s . k aaw n tx s		spoken_nepali	google_ne_lr_2018	candidate_latin		google_phones=dd i s . k aaw n tt s
discover	discover	dx i s . k ax . bh ax r		spoken_nepali	google_ne_lr_2018	candidate_latin		google_phones=dd i s . k ax . bh ax r
disease	disease	dx i . dz i dz		spoken_nepali	google_ne_lr_2018	candidate_latin		google_phones=dd i . jh i jh
disgust	disgust	dx i s . g ax s tx		spoken_nepali	google_ne_lr_2018	candidate_latin		google_phones=dd i s . g ax s tt
dish	dish	dx i s		spoken_nepali	google_ne_lr_2018	candidate_latin		google_phones=dd i s
disintegration	disintegration	d i s . i n . tx i . g r e . s ax n		spoken_nepali	google_ne_lr_2018	candidate_latin		google_phones=d i s . i n . tt i . g r e . s ax n
disk	disk	dx i s k		spoken_nepali	google_ne_lr_2018	candidate_latin		google_phones=dd i s k
disorder	disorder	dx i s . ax r . dx ax r		spoken_nepali	google_ne_lr_2018	candidate_latin		google_phones=dd i s . ax r . dd ax r
dispersion	dispersion	dx i s . p ax r . s ax n		spoken_nepali	google_ne_lr_2018	candidate_latin		google_phones=dd i s . p ax r . s ax n
displaced	displaced	dx i s . p l e s dx		spoken_nepali	google_ne_lr_2018	candidate_latin		google_phones=dd i s . p l e s dd
display	display	dx i s . p l e		spoken_nepali	google_ne_lr_2018	candidate_latin		google_phones=dd i s . p l e
disposable	disposable	dx i s . p o . dz e . b ax l		spoken_nepali	google_ne_lr_2018	candidate_latin		google_phones=dd i s . p o . jh e . b ax l
disposal	disposal	dx i s . p o . dz ax l		spoken_nepali	google_ne_lr_2018	candidate_latin		google_phones=dd i s . p o . jh ax l
disputes	disputes	d i s . p y u tx s		spoken_nepali	google_ne_lr_2018	candidate_latin		google_phones=d i s . p y u tt s
dissection	dissection	dx aaj . s e k . s ax n		spoken_nepali	google_ne_lr_2018	candidate_latin		google_phones=dd aaj . s e k . s ax n
distance	distance	dx i s . tx y aa n s		spoken_nepali	google_ne_lr_2018	candidate_latin		google_phones=dd i s . tt y aa n s
distillation	distillation	dx i s . tx i . l e . s ax n		spoken_nepali	google_ne_lr_2018	candidate_latin		google_phones=dd i s . tt i . l e . s ax n
distribution	distribution	dx i s . tx r i . b y u . s ax n		spoken_nepali	google_ne_lr_2018	candidate_latin		google_phones=dd i s . tt r i . b y u . s ax n
district	district	dx i s . tx r i k tx		spoken_nepali	google_ne_lr_2018	candidate_latin		google_phones=dd i s . tt r i k tt
ditch	ditch	dx i ts		spoken_nepali	google_ne_lr_2018	candidate_latin		google_phones=dd i ts
divergence	divergence	dx aaj . bh ax r . dz e n s		spoken_nepali	google_ne_lr_2018	candidate_latin		google_phones=dd aaj . bh ax r . jh e n s
divide	divide	dx i . bh aaj dx		spoken_nepali	google_ne_lr_2018	candidate_latin		google_phones=dd i . bh aaj dd
divider	divider	dx i . bh aaj . dx ax r		spoken_nepali	google_ne_lr_2018	candidate_latin		google_phones=dd i . bh aaj . dd ax r
divine	divine	dx i . bh aaj n		spoken_nepali	google_ne_lr_2018	candidate_latin		google_phones=dd i . bh aaj n
division	division	dx i . bh i . dz ax n		spoken_nepali	google_ne_lr_2018	candidate_latin		google_phones=dd i . bh i . jh ax n
divisions	divisions	dx i . bh i . dz ax n s		spoken_nepali	google_ne_lr_2018	candidate_latin		google_phones=dd i . bh i . jh ax n s
diwas	diwas	d i . w ax s		spoken_nepali	google_ne_lr_2018	candidate_latin		google_phones=d i . w ax s
dixit	dixit	d i k . tsh i t		spoken_nepali	google_ne_lr_2018	candidate_latin		google_phones=d i k . tsh i t
doc	doc	dx ax k		spoken_nepali	google_ne_lr_2018	candidate_latin		google_phones=dd ax k
doctor	doctor	dx aa k . tx ax r		spoken_nepali	google_ne_lr_2018	candidate_latin		google_phones=dd aa k . tt ax r
document	document	dx ax . k u . m e n tx		spoken_nepali	google_ne_lr_2018	candidate_latin		google_phones=dd ax . k u . m e n tt
documentation	documentation	dx ax . k u . m e n . tx e . s ax n		spoken_nepali	google_ne_lr_2018	candidate_latin		google_phones=dd ax . k u . m e n . tt e . s ax n
dodhara	dodhara	d o . dh aa . r aa		spoken_nepali	google_ne_lr_2018	candidate_latin		google_phones=d o . dh aa . r aa
dog	dog	dx ax g		spoken_nepali	google_ne_lr_2018	candidate_latin		google_phones=dd ax g
dogs	dogs	dx ax g dz		spoken_nepali	google_ne_lr_2018	candidate_latin		google_phones=dd ax g jh
doko	doko	dx o . k o		spoken_nepali	google_ne_lr_2018	candidate_latin		google_phones=dd o . k o
doll	doll	dx ax l		spoken_nepali	google_ne_lr_2018	candidate_latin		google_phones=dd ax l
dollar	dollar	dx ax . l ax r		spoken_nepali	google_ne_lr_2018	candidate_latin		google_phones=dd ax . l ax r
domain	domain	dx o . m e n		spoken_nepali	google_ne_lr_2018	candidate_latin		google_phones=dd o . m e n
dome	dome	dx o m		spoken_nepali	google_ne_lr_2018	candidate_latin		google_phones=dd o m
domestic	domestic	dx o . m e s . tx i k		spoken_nepali	google_ne_lr_2018	candidate_latin		google_phones=dd o . m e s . tt i k
dominance	dominance	dx o . m i . n e n s		spoken_nepali	google_ne_lr_2018	candidate_latin		google_phones=dd o . m i . n e n s
dominion	dominion	dx o . m i . n i . y ax n		spoken_nepali	google_ne_lr_2018	candidate_latin		google_phones=dd o . m i . n i . y ax n
dominoes	dominoes	dx o . m i . n o dz		spoken_nepali	google_ne_lr_2018	candidate_latin		google_phones=dd o . m i . n o jh
domtar	domtar	dx o m . tx aa r		spoken_nepali	google_ne_lr_2018	candidate_latin		google_phones=dd o m . tt aa r
don	don	dx ax n		spoken_nepali	google_ne_lr_2018	candidate_latin		google_phones=dd ax n
dona	dona	dx o . n aa		spoken_nepali	google_ne_lr_2018	candidate_latin		google_phones=dd o . n aa
donation	donation	dx o . n e . s ax n		spoken_nepali	google_ne_lr_2018	candidate_latin		google_phones=dd o . n e . s ax n
donsah	donsah	dx o n . s aa		spoken_nepali	google_ne_lr_2018	candidate_latin		google_phones=dd o n . s aa
doodle	doodle	dx u . dx ax l		spoken_nepali	google_ne_lr_2018	candidate_latin		google_phones=dd u . dd ax l
door	door	dx o r		spoken_nepali	google_ne_lr_2018	candidate_latin		google_phones=dd o r
dortmund	dortmund	dx ax r tx . m aaw n dx		spoken_nepali	google_ne_lr_2018	candidate_latin		google_phones=dd ax r tt . m aaw n dd
dos	dos	d o s		spoken_nepali	google_ne_lr_2018	candidate_latin		google_phones=d o s
dosa	dosa	dx o . s aa		spoken_nepali	google_ne_lr_2018	candidate_latin		google_phones=dd o . s aa
doubt	doubt	dx aaw tx		spoken_nepali	google_ne_lr_2018	candidate_latin		google_phones=dd aaw tt
dover	dover	dx o . bh ax r		spoken_nepali	google_ne_lr_2018	candidate_latin		google_phones=dd o . bh ax r
dow	dow	dx aaw		spoken_nepali	google_ne_lr_2018	candidate_latin		google_phones=dd aaw
down	down	dx aaw n		spoken_nepali	google_ne_lr_2018	candidate_latin		google_phones=dd aaw n
download	download	dx aaw n . l o dx		spoken_nepali	google_ne_lr_2018	candidate_latin		google_phones=dd aaw n . l o dd
downtown	downtown	dx aaw n . tx aaw n		spoken_nepali	google_ne_lr_2018	candidate_latin		google_phones=dd aaw n . tt aaw n
dozer	dozer	dx o . dz ax r		spoken_nepali	google_ne_lr_2018	candidate_latin		google_phones=dd o . jh ax r
dr	dr	dx ax k . tx ax r		spoken_nepali	google_ne_lr_2018	candidate_latin		google_phones=dd ax k . tt ax r
dragon	dragon	dx r y aa . g ax n		spoken_nepali	google_ne_lr_2018	candidate_latin		google_phones=dd r y aa . g ax n
dragons	dragons	dx r y aa . g ax n s		spoken_nepali	google_ne_lr_2018	candidate_latin		google_phones=dd r y aa . g ax n s
drainage	drainage	dx r e . n e dz		spoken_nepali	google_ne_lr_2018	candidate_latin		google_phones=dd r e . n e jh
drama	drama	dx r aa . m aa		spoken_nepali	google_ne_lr_2018	candidate_latin		google_phones=dd r aa . m aa
dravid	dravid	d r ax . b i dx		spoken_nepali	google_ne_lr_2018	candidate_latin		google_phones=d r ax . b i dd
drawing	drawing	dx r ax . i ng		spoken_nepali	google_ne_lr_2018	candidate_latin		google_phones=dd r ax . i ng
dreadlocks	dreadlocks	dx r e dx . l ax k s		spoken_nepali	google_ne_lr_2018	candidate_latin		google_phones=dd r e dd . l ax k s
dreams	dreams	dx r i m s		spoken_nepali	google_ne_lr_2018	candidate_latin		google_phones=dd r i m s
dreamworks	dreamworks	dx r i m . w ax r k s		spoken_nepali	google_ne_lr_2018	candidate_latin		google_phones=dd r i m . w ax r k s
dress	dress	dx r e s		spoken_nepali	google_ne_lr_2018	candidate_latin		google_phones=dd r e s
drift	drift	dx r i ph tx		spoken_nepali	google_ne_lr_2018	candidate_latin		google_phones=dd r i ph tt
drill	drill	dx r i l		spoken_nepali	google_ne_lr_2018	candidate_latin		google_phones=dd r i l
drink	drink	dx r i ng k		spoken_nepali	google_ne_lr_2018	candidate_latin		google_phones=dd r i ng k
drinking	drinking	dx r i ng . k i ng		spoken_nepali	google_ne_lr_2018	candidate_latin		google_phones=dd r i ng . k i ng
drive	drive	d r aaj bh		spoken_nepali	google_ne_lr_2018	candidate_latin		google_phones=d r aaj bh
driver	driver	dx r aaj . bh ax r		spoken_nepali	google_ne_lr_2018	candidate_latin		google_phones=dd r aaj . bh ax r
dromotropic	dromotropic	dx r o . m o . tx r o . p i k		spoken_nepali	google_ne_lr_2018	candidate_latin		google_phones=dd r o . m o . tt r o . p i k
drona	drona	d r o . n aa		spoken_nepali	google_ne_lr_2018	candidate_latin		google_phones=d r o . nn aa
drop	drop	dx r ax p		spoken_nepali	google_ne_lr_2018	candidate_latin		google_phones=dd r ax p
drug	drug	dx r ax g		spoken_nepali	google_ne_lr_2018	candidate_latin		google_phones=dd r ax g
drugs	drugs	dx r ax g s		spoken_nepali	google_ne_lr_2018	candidate_latin		google_phones=dd r ax g s
druk	druk	d r u k		spoken_nepali	google_ne_lr_2018	candidate_latin		google_phones=d r u k
drums	drums	dx r ax m s		spoken_nepali	google_ne_lr_2018	candidate_latin		google_phones=dd r ax m s
drunken	drunken	dx r ax ng . k ax n		spoken_nepali	google_ne_lr_2018	candidate_latin		google_phones=dd r ax ng . k ax n
drushyam	drushyam	d r i s . s y ax m		spoken_nepali	google_ne_lr_2018	candidate_latin		google_phones=d r i s . s y ax m
dry	dry	dx r aaj		spoken_nepali	google_ne_lr_2018	candidate_latin		google_phones=dd r aaj
drying	drying	dx r aaj ng		spoken_nepali	google_ne_lr_2018	candidate_latin		google_phones=dd r aaj ng
dryland	dryland	dx r aaj . l y aa n dx		spoken_nepali	google_ne_lr_2018	candidate_latin		google_phones=dd r aaj . l y aa n dd
drywall	drywall	dx r aaj . w aa l		spoken_nepali	google_ne_lr_2018	candidate_latin		google_phones=dd r aaj . w aa l
dubai	dubai	d u . b axj		spoken_nepali	google_ne_lr_2018	candidate_latin		google_phones=d u . b axj
dublin	dublin	dx ax b . l i n		spoken_nepali	google_ne_lr_2018	candidate_latin		google_phones=dd ax b . l i n
duct	duct	dx ax k tx		spoken_nepali	google_ne_lr_2018	candidate_latin		google_phones=dd ax k tt
dude	dude	dx y u dx		spoken_nepali	google_ne_lr_2018	candidate_latin		google_phones=dd y u dd
dugar	dugar	d u . g ax r		spoken_nepali	google_ne_lr_2018	candidate_latin		google_phones=d u . g ax r
duke	duke	dx y u k		spoken_nepali	google_ne_lr_2018	candidate_latin		google_phones=dd y u k
dum	dum	dx ax m		spoken_nepali	google_ne_lr_2018	candidate_latin		google_phones=dd ax m
dummies	dummies	dx ax . m i dz		spoken_nepali	google_ne_lr_2018	candidate_latin		google_phones=dd ax . m i jh
dumping	dumping	dx ax m . p i ng		spoken_nepali	google_ne_lr_2018	candidate_latin		google_phones=dd ax m . p i ng
dunai	dunai	d u . n axj		spoken_nepali	google_ne_lr_2018	candidate_latin		google_phones=d u . n axj
dungeons	dungeons	dx ax n . dz i . y ax n s		spoken_nepali	google_ne_lr_2018	candidate_latin		google_phones=dd ax n . jh i . y ax n s
duration	duration	dx y u . r e . s ax n		spoken_nepali	google_ne_lr_2018	candidate_latin		google_phones=dd y u . r e . s ax n
durga	durga	d u r . g aa		spoken_nepali	google_ne_lr_2018	candidate_latin		google_phones=d u r . g aa
dusk	dusk	dx ax s k		spoken_nepali	google_ne_lr_2018	candidate_latin		google_phones=dd ax s k
dussehra	dussehra	d ax . s e . r aa		spoken_nepali	google_ne_lr_2018	candidate_latin		google_phones=d ax . s e . r aa
dust	dust	dx ax s tx		spoken_nepali	google_ne_lr_2018	candidate_latin		google_phones=dd ax s tt
dutch	dutch	dx ax ts		spoken_nepali	google_ne_lr_2018	candidate_latin		google_phones=dd ax ts
dvd	dvd			spoken_nepali	google_ne_lr_2018	candidate_latin		google_phones=
dylan	dylan	dx aaj . l ax n		spoken_nepali	google_ne_lr_2018	candidate_latin		google_phones=dd aaj . l ax n
dynamics	dynamics	dx aaj . n aa . m i k s		spoken_nepali	google_ne_lr_2018	candidate_latin		google_phones=dd aaj . n aa . m i k s
dynamite	dynamite	dx aaj . n aa . m aaj tx		spoken_nepali	google_ne_lr_2018	candidate_latin		google_phones=dd aaj . n aa . m aaj tt
dynamo	dynamo	dx aaj . n ax . m o		spoken_nepali	google_ne_lr_2018	candidate_latin		google_phones=dd aaj . n ax . m o
dysphagia	dysphagia	dx i s . ph e . g i . y aa		spoken_nepali	google_ne_lr_2018	candidate_latin		google_phones=dd i s . ph e . g i . y aa
e	e	i		spoken_nepali	google_ne_lr_2018	candidate_latin		google_phones=i
earrings	earrings	i . y ax r . r i ng s		spoken_nepali	google_ne_lr_2018	candidate_latin		google_phones=i . y ax r . r i ng s
earth	earth	ax r th		spoken_nepali	google_ne_lr_2018	candidate_latin		google_phones=ax r th
earthquake	earthquake	ax r th . k w e k		spoken_nepali	google_ne_lr_2018	candidate_latin		google_phones=ax r th . k w e k
earworm	earworm	i . y ax r . w ax r m		spoken_nepali	google_ne_lr_2018	candidate_latin		google_phones=i . y ax r . w ax r m
east	east	i s tx		spoken_nepali	google_ne_lr_2018	candidate_latin		google_phones=i s tt
eastern	eastern	i s . tx ax r n		spoken_nepali	google_ne_lr_2018	candidate_latin		google_phones=i s . tt ax r n
eastman	eastman	i s tx . m y aa n		spoken_nepali	google_ne_lr_2018	candidate_latin		google_phones=i s tt . m y aa n
eating	eating	i . tx i ng		spoken_nepali	google_ne_lr_2018	candidate_latin		google_phones=i . tt i ng
ebay	ebay	i . b e		spoken_nepali	google_ne_lr_2018	candidate_latin		google_phones=i . b e
ebola	ebola	i . b o . l aa		spoken_nepali	google_ne_lr_2018	candidate_latin		google_phones=i . b o . l aa
ecash	ecash	i . k y aa s		spoken_nepali	google_ne_lr_2018	candidate_latin		google_phones=i . k y aa s
echo	echo	i . k o		spoken_nepali	google_ne_lr_2018	candidate_latin		google_phones=i . k o
echoes	echoes	i . k o dz		spoken_nepali	google_ne_lr_2018	candidate_latin		google_phones=i . k o jh
eclipse	eclipse	i k . k l i p s		spoken_nepali	google_ne_lr_2018	candidate_latin		google_phones=i k . k l i p s
ecolab	ecolab	i . k o . l y aa b		spoken_nepali	google_ne_lr_2018	candidate_latin		google_phones=i . k o . l y aa b
ecological	ecological	i . k o . l o . g i . k ax l		spoken_nepali	google_ne_lr_2018	candidate_latin		google_phones=i . k o . l o . g i . k ax l
economic	economic	e . k o . n o . m i k		spoken_nepali	google_ne_lr_2018	candidate_latin		google_phones=e . k o . n o . m i k
economics	economics	i . k o . n o . m i k s		spoken_nepali	google_ne_lr_2018	candidate_latin		google_phones=i . k o . n o . m i k s
edge	edge	e dz		spoken_nepali	google_ne_lr_2018	candidate_latin		google_phones=e jh
edible	edible	e . dx i . b ax l		spoken_nepali	google_ne_lr_2018	candidate_latin		google_phones=e . dd i . b ax l
edinburg	edinburg	e . dx i n . b ax r g		spoken_nepali	google_ne_lr_2018	candidate_latin		google_phones=e . dd i n . b ax r g
edinson	edinson	e . dx i n . s ax n		spoken_nepali	google_ne_lr_2018	candidate_latin		google_phones=e . dd i n . s ax n
edison	edison	e . dx i . s ax n		spoken_nepali	google_ne_lr_2018	candidate_latin		google_phones=e . dd i . s ax n
editing	editing	e . dx i . tx i ng		spoken_nepali	google_ne_lr_2018	candidate_latin		google_phones=e . dd i . tt i ng
edition	edition	e . dx i . s ax n		spoken_nepali	google_ne_lr_2018	candidate_latin		google_phones=e . dd i . s ax n
editor	editor	e . dx i . tx ax r		spoken_nepali	google_ne_lr_2018	candidate_latin		google_phones=e . dd i . tt ax r
education	education	e . dz u . k e . s ax n		spoken_nepali	google_ne_lr_2018	candidate_latin		google_phones=e . jh u . k e . s ax n
educational	educational	e . dz u . k e . s ax . n ax l		spoken_nepali	google_ne_lr_2018	candidate_latin		google_phones=e . jh u . k e . s ax . n ax l
effect	effect	i . ph e k tx		spoken_nepali	google_ne_lr_2018	candidate_latin		google_phones=i . ph e k tt
effects	effects	i . ph e k tx s		spoken_nepali	google_ne_lr_2018	candidate_latin		google_phones=i . ph e k tt s
egton	egton	e g . tx ax n		spoken_nepali	google_ne_lr_2018	candidate_latin		google_phones=e g . tt ax n
egyptian	egyptian	i . dz i p . tx i . y ax n		spoken_nepali	google_ne_lr_2018	candidate_latin		google_phones=i . jh i p . tt i . y ax n
ejaculation	ejaculation	i . dz y aa . k y u . l e . s ax n		spoken_nepali	google_ne_lr_2018	candidate_latin		google_phones=i . jh y aa . k y u . l e . s ax n
ek	ek	e k		spoken_nepali	google_ne_lr_2018	candidate_latin		google_phones=e k
elastic	elastic	i . l aa s . tx i k		spoken_nepali	google_ne_lr_2018	candidate_latin		google_phones=i . l aa s . tt i k
elbow	elbow	e l . b o		spoken_nepali	google_ne_lr_2018	candidate_latin		google_phones=e l . b o
elder	elder	e l . dx ax r		spoken_nepali	google_ne_lr_2018	candidate_latin		google_phones=e l . dd ax r
election	election	i . l e k . s ax n		spoken_nepali	google_ne_lr_2018	candidate_latin		google_phones=i . l e k . s ax n
elections	elections	i . l e k . s ax n		spoken_nepali	google_ne_lr_2018	candidate_latin		google_phones=i . l e k . s ax n
electra	electra	i . l e k . tx r aa		spoken_nepali	google_ne_lr_2018	candidate_latin		google_phones=i . l e k . tt r aa
electric	electric	i . l e k . tx r i k		spoken_nepali	google_ne_lr_2018	candidate_latin		google_phones=i . l e k . tt r i k
electrical	electrical	i l . l e k . tx r i . k ax l		spoken_nepali	google_ne_lr_2018	candidate_latin		google_phones=i l . l e k . tt r i . k ax l
electrician	electrician	i . l e k . tx r i . s i . y ax n		spoken_nepali	google_ne_lr_2018	candidate_latin		google_phones=i . l e k . tt r i . s i . y ax n
electro	electro	i . l e k . tx r o		spoken_nepali	google_ne_lr_2018	candidate_latin		google_phones=i . l e k . tt r o
electrolytic	electrolytic	i . l e k . tx r o . l y aaj . tx i k		spoken_nepali	google_ne_lr_2018	candidate_latin		google_phones=i . l e k . tt r o . l y aaj . tt i k
electron	electron	i . l e k . tx r o n		spoken_nepali	google_ne_lr_2018	candidate_latin		google_phones=i . l e k . tt r o n
electronic	electronic	i . l e k . tx r o . n i k		spoken_nepali	google_ne_lr_2018	candidate_latin		google_phones=i . l e k . tt r o . n i k
electronics	electronics	i l . l e k . tx r o . n i k s		spoken_nepali	google_ne_lr_2018	candidate_latin		google_phones=i l . l e k . tt r o . n i k s
electrostatics	electrostatics	i . l e k . tx r o . s tx aa . tx i k s		spoken_nepali	google_ne_lr_2018	candidate_latin		google_phones=i . l e k . tt r o . s tt aa . tt i k s
element	element	i . l e . m e n tx		spoken_nepali	google_ne_lr_2018	candidate_latin		google_phones=i . l e . m e n tt
elephant	elephant	e . l i . ph e n tx		spoken_nepali	google_ne_lr_2018	candidate_latin		google_phones=e . l i . ph e n tt
eli	eli	i . l aaj		spoken_nepali	google_ne_lr_2018	candidate_latin		google_phones=i . l aaj
elixir	elixir	i . l i k . s ax r		spoken_nepali	google_ne_lr_2018	candidate_latin		google_phones=i . l i k . s ax r
elizabeth	elizabeth	e . l i . dz aa . b e th		spoken_nepali	google_ne_lr_2018	candidate_latin		google_phones=e . l i . jh aa . b e th
embalming	embalming	i m . b l e . m i ng		spoken_nepali	google_ne_lr_2018	candidate_latin		google_phones=i m . b l e . m i ng
embezzlement	embezzlement	e m . b e . dz ax l . m e n tx		spoken_nepali	google_ne_lr_2018	candidate_latin		google_phones=e m . b e . jh ax l . m e n tt
embolism	embolism	i m . b o . l i dz m		spoken_nepali	google_ne_lr_2018	candidate_latin		google_phones=i m . b o . l i jh m
emcor	emcor	e m . k o r		spoken_nepali	google_ne_lr_2018	candidate_latin		google_phones=e m . k o r
emerson	emerson	i . m ax r . s ax n		spoken_nepali	google_ne_lr_2018	candidate_latin		google_phones=i . m ax r . s ax n
emigration	emigration	e . m i . g r e . s ax n		spoken_nepali	google_ne_lr_2018	candidate_latin		google_phones=e . m i . g r e . s ax n
eminem	eminem	i . m i . n e m		spoken_nepali	google_ne_lr_2018	candidate_latin		google_phones=i . m i . n e m
emirate	emirate	i . m i . r e tx		spoken_nepali	google_ne_lr_2018	candidate_latin		google_phones=i . m i . r e tt
emission	emission	i . m i . s ax n		spoken_nepali	google_ne_lr_2018	candidate_latin		google_phones=i . m i . s ax n
emma	emma	e m . m aa		spoken_nepali	google_ne_lr_2018	candidate_latin		google_phones=e m . m aa
emmerdale	emmerdale	i . m ax r . dx e l		spoken_nepali	google_ne_lr_2018	candidate_latin		google_phones=i . m ax r . dd e l
emotive	emotive	i . m o . tx i bh		spoken_nepali	google_ne_lr_2018	candidate_latin		google_phones=i . m o . tt i bh
emperor	emperor	e m . p ax . r ax r		spoken_nepali	google_ne_lr_2018	candidate_latin		google_phones=e m . p ax . r ax r
emphasis	emphasis	i m . ph y aa . s i s		spoken_nepali	google_ne_lr_2018	candidate_latin		google_phones=i m . ph y aa . s i s
empire	empire	e m . p aa . y ax r		spoken_nepali	google_ne_lr_2018	candidate_latin		google_phones=e m . p aa . y ax r
empirical	empirical	e m . p i . r i . k ax l		spoken_nepali	google_ne_lr_2018	candidate_latin		google_phones=e m . p i . r i . k ax l
employment	employment	i m . p l oj . m e n tx		spoken_nepali	google_ne_lr_2018	candidate_latin		google_phones=i m . p l oj . m e n tt
empowerment	empowerment	i m . p aa . w ax r . m e n tx		spoken_nepali	google_ne_lr_2018	candidate_latin		google_phones=i m . p aa . w ax r . m e n tt
emusic	emusic	i . m y u . dz i k		spoken_nepali	google_ne_lr_2018	candidate_latin		google_phones=i . m y u . jh i k
enamel	enamel	i . n aa . m e l		spoken_nepali	google_ne_lr_2018	candidate_latin		google_phones=i . n aa . m e l
enchant	enchant	e n . ts y aa n tx		spoken_nepali	google_ne_lr_2018	candidate_latin		google_phones=e n . ts y aa n tt
encoding	encoding	i n . k o . dx i ng		spoken_nepali	google_ne_lr_2018	candidate_latin		google_phones=i n . k o . dd i ng
encounter	encounter	i n . k aaw n . tx ax r		spoken_nepali	google_ne_lr_2018	candidate_latin		google_phones=i n . k aaw n . tt ax r
end	end	e n dx		spoken_nepali	google_ne_lr_2018	candidate_latin		google_phones=e n dd
endangered	endangered	i n . dx e n . dz ax r dx		spoken_nepali	google_ne_lr_2018	candidate_latin		google_phones=i n . dd e n . jh ax r dd
endocardium	endocardium	e n . dx o . k aa r . dx i . y ax m		spoken_nepali	google_ne_lr_2018	candidate_latin		google_phones=e n . dd o . k aa r . dd i . y ax m
endocrine	endocrine	e n . dx o . k r aaj n		spoken_nepali	google_ne_lr_2018	candidate_latin		google_phones=e n . dd o . k r aaj n
enforcement	enforcement	i n . ph o r s . m e n tx		spoken_nepali	google_ne_lr_2018	candidate_latin		google_phones=i n . ph o r s . m e n tt
engine	engine	i n . dz i n		spoken_nepali	google_ne_lr_2018	candidate_latin		google_phones=i n . jh i n
engineer	engineer	i n . dz i . n i . y ax r		spoken_nepali	google_ne_lr_2018	candidate_latin		google_phones=i n . jh i . n i . y ax r
engineering	engineering	i n . dz i . n i . y ax . r i ng		spoken_nepali	google_ne_lr_2018	candidate_latin		google_phones=i n . jh i . n i . y ax . r i ng
england	england	i ng . l y aa n dx		spoken_nepali	google_ne_lr_2018	candidate_latin		google_phones=i ng . l y aa n dd
english	english	i ng . l i s		spoken_nepali	google_ne_lr_2018	candidate_latin		google_phones=i ng . l i s
enhancer	enhancer	i n . h y aa n . s ax r		spoken_nepali	google_ne_lr_2018	candidate_latin		google_phones=i n . h y aa n . s ax r
enlightenment	enlightenment	i n . l aaj . tx ax n . m e n tx		spoken_nepali	google_ne_lr_2018	candidate_latin		google_phones=i n . l aaj . tt ax n . m e n tt
enough	enough	i . n ax ph		spoken_nepali	google_ne_lr_2018	candidate_latin		google_phones=i . n ax ph
enrique	enrique	e n . r i k		spoken_nepali	google_ne_lr_2018	candidate_latin		google_phones=e n . r i k
enslin	enslin	e n . s l i n		spoken_nepali	google_ne_lr_2018	candidate_latin		google_phones=e n . s l i n
enterprise	enterprise	i n . tx ax r . p r aaj dz		spoken_nepali	google_ne_lr_2018	candidate_latin		google_phones=i n . tt ax r . p r aaj jh
enterprises	enterprises	i n . tx ax r . p r aaj . dz e dz		spoken_nepali	google_ne_lr_2018	candidate_latin		google_phones=i n . tt ax r . p r aaj . jh e jh
entertainment	entertainment	i n . tx ax r . tx e n . m e n tx		spoken_nepali	google_ne_lr_2018	candidate_latin		google_phones=i n . tt ax r . tt e n . m e n tt
entriyaan	entriyaan	i n . tx r i . y aa n		spoken_nepali	google_ne_lr_2018	candidate_latin		google_phones=i n . tt r i . y aa n
entrust	entrust	e n . tx r ax s tx		spoken_nepali	google_ne_lr_2018	candidate_latin		google_phones=e n . tt r ax s tt
enumeration	enumeration	i . n y u . m e . r e . s ax n		spoken_nepali	google_ne_lr_2018	candidate_latin		google_phones=i . n y u . m e . r e . s ax n
environment	environment	i n . bh aaj . r ax . m e n tx		spoken_nepali	google_ne_lr_2018	candidate_latin		google_phones=i n . bh aaj . r ax . m e n tt
environmental	environmental	i n . bh aaj . r ax n . m e n . tx ax l		spoken_nepali	google_ne_lr_2018	candidate_latin		google_phones=i n . bh aaj . r ax n . m e n . tt ax l
epages	epages	i . p e . dz e dz		spoken_nepali	google_ne_lr_2018	candidate_latin		google_phones=i . p e . jh e jh
epicenter	epicenter	i . p i . s e n . tx ax r		spoken_nepali	google_ne_lr_2018	candidate_latin		google_phones=i . p i . s e n . tt ax r
epidermis	epidermis	i . p i . d ax r . m i s		spoken_nepali	google_ne_lr_2018	candidate_latin		google_phones=i . p i . d ax r . m i s
epithelium	epithelium	i . p i . th e . l i . y ax m		spoken_nepali	google_ne_lr_2018	candidate_latin		google_phones=i . p i . th e . l i . y ax m
epsom	epsom	e p . s ax m		spoken_nepali	google_ne_lr_2018	candidate_latin		google_phones=e p . s ax m
equal	equal	i k . k w e l		spoken_nepali	google_ne_lr_2018	candidate_latin		google_phones=i k . k w e l
equation	equation	i k . k w e . s ax n		spoken_nepali	google_ne_lr_2018	candidate_latin		google_phones=i k . k w e . s ax n
equations	equations	i k . k w e . s ax n s		spoken_nepali	google_ne_lr_2018	candidate_latin		google_phones=i k . k w e . s ax n s
equilibrium	equilibrium	i k . k w i . l i . b r i . y ax m		spoken_nepali	google_ne_lr_2018	candidate_latin		google_phones=i k . k w i . l i . b r i . y ax m
equipment	equipment	i k . k w i p . m e n tx		spoken_nepali	google_ne_lr_2018	candidate_latin		google_phones=i k . k w i p . m e n tt
era	era	e . r aa		spoken_nepali	google_ne_lr_2018	candidate_latin		google_phones=e . r aa
eriska	eriska	e . r i s . k aa		spoken_nepali	google_ne_lr_2018	candidate_latin		google_phones=e . r i s . k aa
erogenous	erogenous	e . r o . dz e . n ax s		spoken_nepali	google_ne_lr_2018	candidate_latin		google_phones=e . r o . jh e . n ax s
erotic	erotic	e . r o . tx i k		spoken_nepali	google_ne_lr_2018	candidate_latin		google_phones=e . r o . tt i k
error	error	e . r ax r		spoken_nepali	google_ne_lr_2018	candidate_latin		google_phones=e . r ax r
eruption	eruption	i . r ax p . s ax n		spoken_nepali	google_ne_lr_2018	candidate_latin		google_phones=i . r ax p . s ax n
erythropoietin	erythropoietin	i . r i . th r o . p oj . tx i n		spoken_nepali	google_ne_lr_2018	candidate_latin		google_phones=i . r i . th r o . p oj . tt i n
esophagitis	esophagitis	e . s o . ph e . g aaj . tx i s		spoken_nepali	google_ne_lr_2018	candidate_latin		google_phones=e . s o . ph e . g aaj . tt i s
estate	estate	i s . tx e tx		spoken_nepali	google_ne_lr_2018	candidate_latin		google_phones=i s . tt e tt
ester	ester	i s . tx ax r		spoken_nepali	google_ne_lr_2018	candidate_latin		google_phones=i s . tt ax r
estimation	estimation	i s . tx i . m e . s ax n		spoken_nepali	google_ne_lr_2018	candidate_latin		google_phones=i s . tt i . m e . s ax n
estimator	estimator	i s . tx i . m e . tx ax r		spoken_nepali	google_ne_lr_2018	candidate_latin		google_phones=i s . tt i . m e . tt ax r
eternal	eternal	i . tx ax r . n ax l		spoken_nepali	google_ne_lr_2018	candidate_latin		google_phones=i . tt ax r . n ax l
ethane	ethane	i . th e n		spoken_nepali	google_ne_lr_2018	candidate_latin		google_phones=i . th e n
ethical	ethical	i . th i . k ax l		spoken_nepali	google_ne_lr_2018	candidate_latin		google_phones=i . th i . k ax l
ethics	ethics	i . th i k s		spoken_nepali	google_ne_lr_2018	candidate_latin		google_phones=i . th i k s
ethyl	ethyl	i . th i l		spoken_nepali	google_ne_lr_2018	candidate_latin		google_phones=i . th i l
europe	europe	y u . r o p		spoken_nepali	google_ne_lr_2018	candidate_latin		google_phones=y u . r o p
european	european	y u . r o . p i . y ax n		spoken_nepali	google_ne_lr_2018	candidate_latin		google_phones=y u . r o . p i . y ax n
euthymia	euthymia	y u . th i . m i . y aa		spoken_nepali	google_ne_lr_2018	candidate_latin		google_phones=y u . th i . m i . y aa
eve	eve	i bh		spoken_nepali	google_ne_lr_2018	candidate_latin		google_phones=i bh
event	event	i . bh e n tx		spoken_nepali	google_ne_lr_2018	candidate_latin		google_phones=i . bh e n tt
everest	everest	e bh . r e s tx		spoken_nepali	google_ne_lr_2018	candidate_latin		google_phones=e bh . r e s tt
everything	everything	e . bh r i . th i ng		spoken_nepali	google_ne_lr_2018	candidate_latin		google_phones=e . bh r i . th i ng
evidence	evidence	i . bh i . dx e n s		spoken_nepali	google_ne_lr_2018	candidate_latin		google_phones=i . bh i . dd e n s
evolution	evolution	e . bh o . l y u . s ax n		spoken_nepali	google_ne_lr_2018	candidate_latin		google_phones=e . bh o . l y u . s ax n
ex	ex	e k s		spoken_nepali	google_ne_lr_2018	candidate_latin		google_phones=e k s
exam	exam	e g . dz aa m		spoken_nepali	google_ne_lr_2018	candidate_latin		google_phones=e g . jh aa m
example	example	e g . dz aa m . p ax l		spoken_nepali	google_ne_lr_2018	candidate_latin		google_phones=e g . jh aa m . p ax l
exchange	exchange	e k s . ts e n dz		spoken_nepali	google_ne_lr_2018	candidate_latin		google_phones=e k s . ts e n jh
exchanger	exchanger	e k s . ts e n . dz ax r		spoken_nepali	google_ne_lr_2018	candidate_latin		google_phones=e k s . ts e n . jh ax r
excision	excision	e k . s i . dz ax n		spoken_nepali	google_ne_lr_2018	candidate_latin		google_phones=e k . s i . jh ax n
excretion	excretion	e k s . k r i . s ax n		spoken_nepali	google_ne_lr_2018	candidate_latin		google_phones=e k s . k r i . s ax n
excuse	excuse	e k s . k y u dz		spoken_nepali	google_ne_lr_2018	candidate_latin		google_phones=e k s . k y u jh
executable	executable	i k . dz i . k y u . tx e . b ax l		spoken_nepali	google_ne_lr_2018	candidate_latin		google_phones=i k . jh i . k y u . tt e . b ax l
execution	execution	e k . dz i . k y u . s ax n		spoken_nepali	google_ne_lr_2018	candidate_latin		google_phones=e k . jh i . k y u . s ax n
executive	executive	i k . dz i . k y u . tx i bh		spoken_nepali	google_ne_lr_2018	candidate_latin		google_phones=i k . jh i . k y u . tt i bh
exelon	exelon	e k . s e . l o n		spoken_nepali	google_ne_lr_2018	candidate_latin		google_phones=e k . s e . l o n
exercise	exercise	e k . s ax r . s aaj dz		spoken_nepali	google_ne_lr_2018	candidate_latin		google_phones=e k . s ax r . s aaj jh
exeter	exeter	e k . s e . tx ax r		spoken_nepali	google_ne_lr_2018	candidate_latin		google_phones=e k . s e . tt ax r
exhibitionism	exhibitionism	i k . dz i . b i . s ax . n i . dz ax m		spoken_nepali	google_ne_lr_2018	candidate_latin		google_phones=i k . jh i . b i . s ax . n i . jh ax m
existence	existence	e g . dz i s . tx e n s		spoken_nepali	google_ne_lr_2018	candidate_latin		google_phones=e g . jh i s . tt e n s
expectation	expectation	e k s . p e k . tx e . s ax n		spoken_nepali	google_ne_lr_2018	candidate_latin		google_phones=e k s . p e k . tt e . s ax n
expectations	expectations	e k s . p e k . tx e . s ax n s		spoken_nepali	google_ne_lr_2018	candidate_latin		google_phones=e k s . p e k . tt e . s ax n s
expeditors	expeditors	e k s . p e . dx i . tx ax r s		spoken_nepali	google_ne_lr_2018	candidate_latin		google_phones=e k s . p e . dd i . tt ax r s
expelled	expelled	e k s . p e l dx		spoken_nepali	google_ne_lr_2018	candidate_latin		google_phones=e k s . p e l dd
experience	experience	e k s . p e . r i . y e n s		spoken_nepali	google_ne_lr_2018	candidate_latin		google_phones=e k s . p e . r i . y e n s
experiment	experiment	e k s . p e . r i . m e n tx		spoken_nepali	google_ne_lr_2018	candidate_latin		google_phones=e k s . p e . r i . m e n tt
explanation	explanation	e k s . p l aa . n e . s ax n		spoken_nepali	google_ne_lr_2018	candidate_latin		google_phones=e k s . p l aa . n e . s ax n
exploration	exploration	e k s . p l o . r e . s ax n		spoken_nepali	google_ne_lr_2018	candidate_latin		google_phones=e k s . p l o . r e . s ax n
explosion	explosion	e k s . p l o . dz ax n		spoken_nepali	google_ne_lr_2018	candidate_latin		google_phones=e k s . p l o . jh ax n
export	export	e k s . p o r tx		spoken_nepali	google_ne_lr_2018	candidate_latin		google_phones=e k s . p o r tt
exposure	exposure	e k s . p o . dz ax r		spoken_nepali	google_ne_lr_2018	candidate_latin		google_phones=e k s . p o . jh ax r
express	express	e k s . p r e s		spoken_nepali	google_ne_lr_2018	candidate_latin		google_phones=e k s . p r e s
extinction	extinction	e k s . tx i ng . s ax n		spoken_nepali	google_ne_lr_2018	candidate_latin		google_phones=e k s . tt i ng . s ax n
extinguisher	extinguisher	e k s . tx i ng . g w i . s ax r		spoken_nepali	google_ne_lr_2018	candidate_latin		google_phones=e k s . tt i ng . g w i . s ax r
extraversion	extraversion	e k s . tx r aa . bh ax r . s ax n		spoken_nepali	google_ne_lr_2018	candidate_latin		google_phones=e k s . tt r aa . bh ax r . s ax n
extreme	extreme	e k s . tx r i m		spoken_nepali	google_ne_lr_2018	candidate_latin		google_phones=e k s . tt r i m
exxon	exxon	e k . s ax n		spoken_nepali	google_ne_lr_2018	candidate_latin		google_phones=e k . s ax n
eye	eye	aaj		spoken_nepali	google_ne_lr_2018	candidate_latin		google_phones=aaj
eyed	eyed	aaj dx		spoken_nepali	google_ne_lr_2018	candidate_latin		google_phones=aaj dd
eyes	eyes	aaj dz		spoken_nepali	google_ne_lr_2018	candidate_latin		google_phones=aaj jh
f	f	e ph		spoken_nepali	google_ne_lr_2018	candidate_latin		google_phones=e ph
fa	fa	ph aa		spoken_nepali	google_ne_lr_2018	candidate_latin		google_phones=ph aa
facebook	facebook	ph e s . b u k		spoken_nepali	google_ne_lr_2018	candidate_latin		google_phones=ph e s . b u k
faces	faces	ph e . s e dz		spoken_nepali	google_ne_lr_2018	candidate_latin		google_phones=ph e . s e jh
facetune	facetune	ph e s . tx y u n		spoken_nepali	google_ne_lr_2018	candidate_latin		google_phones=ph e s . tt y u n
facial	facial	ph e . s i . y ax l		spoken_nepali	google_ne_lr_2018	candidate_latin		google_phones=ph e . s i . y ax l
facilitation	facilitation	ph y aa . s i . l i . tx e . s ax n		spoken_nepali	google_ne_lr_2018	candidate_latin		google_phones=ph y aa . s i . l i . tt e . s ax n
factor	factor	ph y aa k . tx ax r		spoken_nepali	google_ne_lr_2018	candidate_latin		google_phones=ph y aa k . tt ax r
faded	faded	ph e . dx e dx		spoken_nepali	google_ne_lr_2018	candidate_latin		google_phones=ph e . dd e dd
failure	failure	ph e . l ax r		spoken_nepali	google_ne_lr_2018	candidate_latin		google_phones=ph e . l ax r
fair	fair	ph e . y ax r		spoken_nepali	google_ne_lr_2018	candidate_latin		google_phones=ph e . y ax r
faith	faith	ph e th		spoken_nepali	google_ne_lr_2018	candidate_latin		google_phones=ph e th
fake	fake	ph e k		spoken_nepali	google_ne_lr_2018	candidate_latin		google_phones=ph e k
falcao	falcao	ph aa l . k aa . o		spoken_nepali	google_ne_lr_2018	candidate_latin		google_phones=ph aa l . k aa . o
falco	falco	ph aa l . k o		spoken_nepali	google_ne_lr_2018	candidate_latin		google_phones=ph aa l . k o
fall	fall	ph ax l		spoken_nepali	google_ne_lr_2018	candidate_latin		google_phones=ph ax l
falls	falls	ph aa l s		spoken_nepali	google_ne_lr_2018	candidate_latin		google_phones=ph aa l s
famousauthors	famousauthors	ph e . m ax s . ax . th ax r s		spoken_nepali	google_ne_lr_2018	candidate_latin		google_phones=ph e . m ax s . ax . th ax r s
fan	fan	ph y aa n		spoken_nepali	google_ne_lr_2018	candidate_latin		google_phones=ph y aa n
fanaticism	fanaticism	ph y aa . n aa . tx i . s i . dz ax m		spoken_nepali	google_ne_lr_2018	candidate_latin		google_phones=ph y aa . n aa . tt i . s i . jh ax m
fanta	fanta	ph y aa n . tx aa		spoken_nepali	google_ne_lr_2018	candidate_latin		google_phones=ph y aa n . tt aa
far	far	ph aa r		spoken_nepali	google_ne_lr_2018	candidate_latin		google_phones=ph aa r
fargo	fargo	ph aa r . g o		spoken_nepali	google_ne_lr_2018	candidate_latin		google_phones=ph aa r . g o
farm	farm	ph aa r m		spoken_nepali	google_ne_lr_2018	candidate_latin		google_phones=ph aa r m
farmer	farmer	ph aa r . m ax r		spoken_nepali	google_ne_lr_2018	candidate_latin		google_phones=ph aa r . m ax r
farming	farming	ph aa r . m i ng		spoken_nepali	google_ne_lr_2018	candidate_latin		google_phones=ph aa r . m i ng
fashion	fashion	ph e . s ax n		spoken_nepali	google_ne_lr_2018	candidate_latin		google_phones=ph e . s ax n
fast	fast	ph aa s tx		spoken_nepali	google_ne_lr_2018	candidate_latin		google_phones=ph aa s tt
fasting	fasting	ph aa s . tx i ng		spoken_nepali	google_ne_lr_2018	candidate_latin		google_phones=ph aa s . tt i ng
fat	fat	ph y aa tx		spoken_nepali	google_ne_lr_2018	candidate_latin		google_phones=ph y aa tt
fatalism	fatalism	ph y aa . tx aa . l i dz m		spoken_nepali	google_ne_lr_2018	candidate_latin		google_phones=ph y aa . tt aa . l i jh m
fateh	fateh	ph ax . t e . h ax		spoken_nepali	google_ne_lr_2018	candidate_latin		google_phones=ph ax . t e . h ax
fatehpur	fatehpur	ph ax . t e . h ax . p u r		spoken_nepali	google_ne_lr_2018	candidate_latin		google_phones=ph ax . t e . h ax . p u r
fatigue	fatigue	ph ax . tx i g		spoken_nepali	google_ne_lr_2018	candidate_latin		google_phones=ph ax . tt i g
faults	faults	ph ax l tx s		spoken_nepali	google_ne_lr_2018	candidate_latin		google_phones=ph ax l tt s
federation	federation	ph e dx . r e . s ax n		spoken_nepali	google_ne_lr_2018	candidate_latin		google_phones=ph e dd . r e . s ax n
federer	federer	ph e . dx e . r ax r		spoken_nepali	google_ne_lr_2018	candidate_latin		google_phones=ph e . dd e . r ax r
federico	federico	ph e . dx e . r i . k o		spoken_nepali	google_ne_lr_2018	candidate_latin		google_phones=ph e . dd e . r i . k o
fedex	fedex	ph e . dx e k s		spoken_nepali	google_ne_lr_2018	candidate_latin		google_phones=ph e . dd e k s
feedback	feedback	ph i dx . b y aa k		spoken_nepali	google_ne_lr_2018	candidate_latin		google_phones=ph i dd . b y aa k
feeling	feeling	ph i . l i ng		spoken_nepali	google_ne_lr_2018	candidate_latin		google_phones=ph i . l i ng
fellow	fellow	ph e . l o		spoken_nepali	google_ne_lr_2018	candidate_latin		google_phones=ph e . l o
female	female	ph i . m e l		spoken_nepali	google_ne_lr_2018	candidate_latin		google_phones=ph i . m e l
feminine	feminine	ph e . m i . n i n		spoken_nepali	google_ne_lr_2018	candidate_latin		google_phones=ph e . m i . n i n
femur	femur	ph e . m ax r		spoken_nepali	google_ne_lr_2018	candidate_latin		google_phones=ph e . m ax r
fermentation	fermentation	ph ax r . m e n . tx e . s ax n		spoken_nepali	google_ne_lr_2018	candidate_latin		google_phones=ph ax r . m e n . tt e . s ax n
ferric	ferric	ph e . r i k		spoken_nepali	google_ne_lr_2018	candidate_latin		google_phones=ph e . r i k
ferrimagnetism	ferrimagnetism	ph e . r i . m y aa g . n e . tx i . dz ax m		spoken_nepali	google_ne_lr_2018	candidate_latin		google_phones=ph e . r i . m y aa g . n e . tt i . jh ax m
ferrous	ferrous	ph e . r ax s		spoken_nepali	google_ne_lr_2018	candidate_latin		google_phones=ph e . r ax s
festival	festival	ph e s . tx i . bh ax l		spoken_nepali	google_ne_lr_2018	candidate_latin		google_phones=ph e s . tt i . bh ax l
fetishism	fetishism	ph e . tx i . s i dz m		spoken_nepali	google_ne_lr_2018	candidate_latin		google_phones=ph e . tt i . s i jh m
fever	fever	ph i . b ax r		spoken_nepali	google_ne_lr_2018	candidate_latin		google_phones=ph i . b ax r
fiber	fiber	ph aaj . b ax r		spoken_nepali	google_ne_lr_2018	candidate_latin		google_phones=ph aaj . b ax r
fibrillation	fibrillation	ph aaj . b r i . l e . s ax n		spoken_nepali	google_ne_lr_2018	candidate_latin		google_phones=ph aaj . b r i . l e . s ax n
fiction	fiction	ph i k . s ax n		spoken_nepali	google_ne_lr_2018	candidate_latin		google_phones=ph i k . s ax n
field	field	ph i l dx		spoken_nepali	google_ne_lr_2018	candidate_latin		google_phones=ph i l dd
fifa	fifa	ph i . ph aa		spoken_nepali	google_ne_lr_2018	candidate_latin		google_phones=ph i . ph aa
fifth	fifth	ph i ph th		spoken_nepali	google_ne_lr_2018	candidate_latin		google_phones=ph i ph th
fight	fight	ph aaj tx		spoken_nepali	google_ne_lr_2018	candidate_latin		google_phones=ph aaj tt
figures	figures	ph i . g ax r s		spoken_nepali	google_ne_lr_2018	candidate_latin		google_phones=ph i . g ax r s
file	file	ph aaj l		spoken_nepali	google_ne_lr_2018	candidate_latin		google_phones=ph aaj l
filename	filename	ph aaj l . n e m		spoken_nepali	google_ne_lr_2018	candidate_latin		google_phones=ph aaj l . n e m
film	film	ph i l m		spoken_nepali	google_ne_lr_2018	candidate_latin		google_phones=ph i l m
films	films	ph i l m s		spoken_nepali	google_ne_lr_2018	candidate_latin		google_phones=ph i l m s
final	final	ph aaj . n ax l		spoken_nepali	google_ne_lr_2018	candidate_latin		google_phones=ph aaj . n ax l
finance	finance	p aaj . n aa n s		spoken_nepali	google_ne_lr_2018	candidate_latin		google_phones=p aaj . n aa n s
financial	financial	ph aaj . n aa n . s i . y ax l		spoken_nepali	google_ne_lr_2018	candidate_latin		google_phones=ph aaj . n aa n . s i . y ax l
finder	finder	ph aaj n . dx ax r		spoken_nepali	google_ne_lr_2018	candidate_latin		google_phones=ph aaj n . dd ax r
fine	fine	ph aaj n		spoken_nepali	google_ne_lr_2018	candidate_latin		google_phones=ph aaj n
finite	finite	ph aaj . n aaj tx		spoken_nepali	google_ne_lr_2018	candidate_latin		google_phones=ph aaj . n aaj tt
finlan	finlan	ph i n . l y aa n		spoken_nepali	google_ne_lr_2018	candidate_latin		google_phones=ph i n . l y aa n
finland	finland	ph i n . l y aa n dx		spoken_nepali	google_ne_lr_2018	candidate_latin		google_phones=ph i n . l y aa n dd
finnish	finnish	ph i . n i s		spoken_nepali	google_ne_lr_2018	candidate_latin		google_phones=ph i . n i s
fire	fire	ph aa . y ax r		spoken_nepali	google_ne_lr_2018	candidate_latin		google_phones=ph aa . y ax r
firefox	firefox	ph aa . y ax r . ph ax k s		spoken_nepali	google_ne_lr_2018	candidate_latin		google_phones=ph aa . y ax r . ph ax k s
firewall	firewall	ph aa . y ax r . w aa l		spoken_nepali	google_ne_lr_2018	candidate_latin		google_phones=ph aa . y ax r . w aa l
firm	firm	ph ax r m		spoken_nepali	google_ne_lr_2018	candidate_latin		google_phones=ph ax r m
first	first	ph ax s tx		spoken_nepali	google_ne_lr_2018	candidate_latin		google_phones=ph ax s tt
firstpost	firstpost	ph ax s tx . p o s tx		spoken_nepali	google_ne_lr_2018	candidate_latin		google_phones=ph ax s tt . p o s tt
fish	fish	ph i s		spoken_nepali	google_ne_lr_2018	candidate_latin		google_phones=ph i s
fisher	fisher	ph i . s ax r		spoken_nepali	google_ne_lr_2018	candidate_latin		google_phones=ph i . s ax r
fisherman	fisherman	ph i . s ax r . m y aa n		spoken_nepali	google_ne_lr_2018	candidate_latin		google_phones=ph i . s ax r . m y aa n
fishing	fishing	ph i . s i ng		spoken_nepali	google_ne_lr_2018	candidate_latin		google_phones=ph i . s i ng
fishtail	fishtail	ph i s . tx e l		spoken_nepali	google_ne_lr_2018	candidate_latin		google_phones=ph i s . tt e l
fistula	fistula	ph i s . tx u . l aa		spoken_nepali	google_ne_lr_2018	candidate_latin		google_phones=ph i s . tt u . l aa
fit	fit	ph i tx		spoken_nepali	google_ne_lr_2018	candidate_latin		google_phones=ph i tt
fitness	fitness	ph i tx . n e s		spoken_nepali	google_ne_lr_2018	candidate_latin		google_phones=ph i tt . n e s
fitting	fitting	ph i . tx i ng		spoken_nepali	google_ne_lr_2018	candidate_latin		google_phones=ph i . tt i ng
five	five	ph aaj b		spoken_nepali	google_ne_lr_2018	candidate_latin		google_phones=ph aaj b
fixation	fixation	ph i k . s e . s ax n		spoken_nepali	google_ne_lr_2018	candidate_latin		google_phones=ph i k . s e . s ax n
flag	flag	ph l y aa g		spoken_nepali	google_ne_lr_2018	candidate_latin		google_phones=ph l y aa g
flakes	flakes	ph l e k s		spoken_nepali	google_ne_lr_2018	candidate_latin		google_phones=ph l e k s
flame	flame	ph l e m		spoken_nepali	google_ne_lr_2018	candidate_latin		google_phones=ph l e m
flapper	flapper	ph l y aa . p ax r		spoken_nepali	google_ne_lr_2018	candidate_latin		google_phones=ph l y aa . p ax r
flash	flash	ph l y aa s		spoken_nepali	google_ne_lr_2018	candidate_latin		google_phones=ph l y aa s
flashcard	flashcard	ph l y aa s . k aa r dx		spoken_nepali	google_ne_lr_2018	candidate_latin		google_phones=ph l y aa s . k aa r dd
flashlight	flashlight	ph y aa s . l aaj tx		spoken_nepali	google_ne_lr_2018	candidate_latin		google_phones=ph y aa s . l aaj tt
flat	flat	ph l aa tx		spoken_nepali	google_ne_lr_2018	candidate_latin		google_phones=ph l aa tt
flattened	flattened	ph l y aa . tx e n dx		spoken_nepali	google_ne_lr_2018	candidate_latin		google_phones=ph l y aa . tt e n dd
flight	flight	ph l aaj tx		spoken_nepali	google_ne_lr_2018	candidate_latin		google_phones=ph l aaj tt
float	float	ph l ax tx		spoken_nepali	google_ne_lr_2018	candidate_latin		google_phones=ph l ax tt
floating	floating	ph l o . tx i ng		spoken_nepali	google_ne_lr_2018	candidate_latin		google_phones=ph l o . tt i ng
flooring	flooring	ph l o . r i ng		spoken_nepali	google_ne_lr_2018	candidate_latin		google_phones=ph l o . r i ng
flour	flour	ph l o r		spoken_nepali	google_ne_lr_2018	candidate_latin		google_phones=ph l o r
flow	flow	ph l o		spoken_nepali	google_ne_lr_2018	candidate_latin		google_phones=ph l o
floyd	floyd	ph l oj dx		spoken_nepali	google_ne_lr_2018	candidate_latin		google_phones=ph l oj dd
fluid	fluid	ph l y u dx		spoken_nepali	google_ne_lr_2018	candidate_latin		google_phones=ph l y u dd
fluoride	fluoride	ph l o . r aaj dx		spoken_nepali	google_ne_lr_2018	candidate_latin		google_phones=ph l o . r aaj dd
fluphenazine	fluphenazine	ph l u . ph e . n aa . dz aaj n		spoken_nepali	google_ne_lr_2018	candidate_latin		google_phones=ph l u . ph e . n aa . jh aaj n
flushing	flushing	ph l ax . s i ng		spoken_nepali	google_ne_lr_2018	candidate_latin		google_phones=ph l ax . s i ng
flytrap	flytrap	ph l aaj . tx r y aa p		spoken_nepali	google_ne_lr_2018	candidate_latin		google_phones=ph l aaj . tt r y aa p
fm	fm	e ph . e m		spoken_nepali	google_ne_lr_2018	candidate_latin		google_phones=e ph . e m
focus	focus	ph o . k ax s		spoken_nepali	google_ne_lr_2018	candidate_latin		google_phones=ph o . k ax s
food	food	ph u dx		spoken_nepali	google_ne_lr_2018	candidate_latin		google_phones=ph u dd
foods	foods	ph u dx s		spoken_nepali	google_ne_lr_2018	candidate_latin		google_phones=ph u dd s
foot	foot	ph u tx		spoken_nepali	google_ne_lr_2018	candidate_latin		google_phones=ph u tt
football	football	ph u tx . b ax l		spoken_nepali	google_ne_lr_2018	candidate_latin		google_phones=ph u tt . b ax l
footloose	footloose	ph u tx . l u dz		spoken_nepali	google_ne_lr_2018	candidate_latin		google_phones=ph u tt . l u jh
footprint	footprint	ph u tx . p r i n tx		spoken_nepali	google_ne_lr_2018	candidate_latin		google_phones=ph u tt . p r i n tt
footytube	footytube	ph u . tx i . tx y u b		spoken_nepali	google_ne_lr_2018	candidate_latin		google_phones=ph u . tt i . tt y u b
for	for	ph o r		spoken_nepali	google_ne_lr_2018	candidate_latin		google_phones=ph o r
force	force	ph o r s		spoken_nepali	google_ne_lr_2018	candidate_latin		google_phones=ph o r s
forces	forces	ph o r . s e dz		spoken_nepali	google_ne_lr_2018	candidate_latin		google_phones=ph o r . s e jh
ford	ford	ph o r dx		spoken_nepali	google_ne_lr_2018	candidate_latin		google_phones=ph o r dd
fordham	fordham	ph o r . dh aa m		spoken_nepali	google_ne_lr_2018	candidate_latin		google_phones=ph o r . dh aa m
forecasting	forecasting	ph o r . k aa s . tx i ng		spoken_nepali	google_ne_lr_2018	candidate_latin		google_phones=ph o r . k aa s . tt i ng
forehead	forehead	ph o r . h e dx		spoken_nepali	google_ne_lr_2018	candidate_latin		google_phones=ph o r . h e dd
foreign	foreign	ph ax . r e n		spoken_nepali	google_ne_lr_2018	candidate_latin		google_phones=ph ax . r e n
foreigner	foreigner	ph o . r e . n ax r		spoken_nepali	google_ne_lr_2018	candidate_latin		google_phones=ph o . r e . n ax r
forest	forest	ph ax . r e s tx		spoken_nepali	google_ne_lr_2018	candidate_latin		google_phones=ph ax . r e s tt
forester	forester	ph ax . r e s . tx ax r		spoken_nepali	google_ne_lr_2018	candidate_latin		google_phones=ph ax . r e s . tt ax r
forever	forever	ph o r . e . bh ax r		spoken_nepali	google_ne_lr_2018	candidate_latin		google_phones=ph o r . e . bh ax r
forgiveness	forgiveness	ph o r . g i bh . n e s		spoken_nepali	google_ne_lr_2018	candidate_latin		google_phones=ph o r . g i bh . n e s
fork	fork	ph o r k		spoken_nepali	google_ne_lr_2018	candidate_latin		google_phones=ph o r k
forks	forks	ph o r k s		spoken_nepali	google_ne_lr_2018	candidate_latin		google_phones=ph o r k s
form	form	ph ax r m		spoken_nepali	google_ne_lr_2018	candidate_latin		google_phones=ph ax r m
formal	formal	ph ax r . m ax l		spoken_nepali	google_ne_lr_2018	candidate_latin		google_phones=ph ax r . m ax l
format	format	ph ax r . m y aa tx		spoken_nepali	google_ne_lr_2018	candidate_latin		google_phones=ph ax r . m y aa tt
formatting	formatting	ph ax r . m y aa . tx i ng		spoken_nepali	google_ne_lr_2018	candidate_latin		google_phones=ph ax r . m y aa . tt i ng
formula	formula	ph ax r . m u . l aa		spoken_nepali	google_ne_lr_2018	candidate_latin		google_phones=ph ax r . m u . l aa
fornix	fornix	ph o r . n i k s		spoken_nepali	google_ne_lr_2018	candidate_latin		google_phones=ph o r . n i k s
fortress	fortress	ph o r tx . tx r e s		spoken_nepali	google_ne_lr_2018	candidate_latin		google_phones=ph o r tt . tt r e s
fortune	fortune	ph ax r . ts u n		spoken_nepali	google_ne_lr_2018	candidate_latin		google_phones=ph ax r . ts u n
forum	forum	ph o . r ax m		spoken_nepali	google_ne_lr_2018	candidate_latin		google_phones=ph o . r ax m
forward	forward	ph o r . w aa r dx		spoken_nepali	google_ne_lr_2018	candidate_latin		google_phones=ph o r . w aa r dd
foster	foster	ph o s . tx ax r		spoken_nepali	google_ne_lr_2018	candidate_latin		google_phones=ph o s . tt ax r
found	found	ph aaw n dx		spoken_nepali	google_ne_lr_2018	candidate_latin		google_phones=ph aaw n dd
foundation	foundation	ph aaw n . dx e . s ax n		spoken_nepali	google_ne_lr_2018	candidate_latin		google_phones=ph aaw n . dd e . s ax n
fountain	fountain	ph aaw n . tx e n		spoken_nepali	google_ne_lr_2018	candidate_latin		google_phones=ph aaw n . tt e n
fourfiveseconds	fourfiveseconds	ph o r . ph aaj bh . s e . k ax n dx s		spoken_nepali	google_ne_lr_2018	candidate_latin		google_phones=ph o r . ph aaj bh . s e . k ax n dd s
fox	fox	ph ax k s		spoken_nepali	google_ne_lr_2018	candidate_latin		google_phones=ph ax k s
fractional	fractional	ph r y aa k . s ax . n ax l		spoken_nepali	google_ne_lr_2018	candidate_latin		google_phones=ph r y aa k . s ax . n ax l
fracture	fracture	ph r y aa k . ts ax r		spoken_nepali	google_ne_lr_2018	candidate_latin		google_phones=ph r y aa k . ts ax r
fracturing	fracturing	ph r y aa k . ts ax . r i ng		spoken_nepali	google_ne_lr_2018	candidate_latin		google_phones=ph r y aa k . ts ax . r i ng
frank	frank	ph r y aa ng k		spoken_nepali	google_ne_lr_2018	candidate_latin		google_phones=ph r y aa ng k
franklin	franklin	ph r y aa ng k . l i n		spoken_nepali	google_ne_lr_2018	candidate_latin		google_phones=ph r y aa ng k . l i n
fred	fred	ph r e dx		spoken_nepali	google_ne_lr_2018	candidate_latin		google_phones=ph r e dd
freedom	freedom	ph r i . dx ax m		spoken_nepali	google_ne_lr_2018	candidate_latin		google_phones=ph r i . dd ax m
freeportmcmoran	freeportmcmoran	ph r i . p o r tx . m y aa k . m o . r ax n		spoken_nepali	google_ne_lr_2018	candidate_latin		google_phones=ph r i . p o r tt . m y aa k . m o . r ax n
freezing	freezing	ph r i . dz i ng		spoken_nepali	google_ne_lr_2018	candidate_latin		google_phones=ph r i . jh i ng
french	french	ph r e n ts		spoken_nepali	google_ne_lr_2018	candidate_latin		google_phones=ph r e n ts
friday	friday	ph r aaj . dx e		spoken_nepali	google_ne_lr_2018	candidate_latin		google_phones=ph r aaj . dd e
fried	fried	ph r aaj dx		spoken_nepali	google_ne_lr_2018	candidate_latin		google_phones=ph r aaj dd
friend	friend	ph r e n dx		spoken_nepali	google_ne_lr_2018	candidate_latin		google_phones=ph r e n dd
friends	friends	ph r e n dx s		spoken_nepali	google_ne_lr_2018	candidate_latin		google_phones=ph r e n dd s
friendship	friendship	ph r e dx . s i p		spoken_nepali	google_ne_lr_2018	candidate_latin		google_phones=ph r e dd . s i p
from	from	ph r ax m		spoken_nepali	google_ne_lr_2018	candidate_latin		google_phones=ph r ax m
front	front	ph r ax n tx		spoken_nepali	google_ne_lr_2018	candidate_latin		google_phones=ph r ax n tt
frontal	frontal	ph r ax n . tx ax l		spoken_nepali	google_ne_lr_2018	candidate_latin		google_phones=ph r ax n . tt ax l
frontenac	frontenac	ph r ax n . tx e . n y aa k		spoken_nepali	google_ne_lr_2018	candidate_latin		google_phones=ph r ax n . tt e . n y aa k
frozen	frozen	ph r o . dz ax n		spoken_nepali	google_ne_lr_2018	candidate_latin		google_phones=ph r o . jh ax n
fruits	fruits	ph r u tx s		spoken_nepali	google_ne_lr_2018	candidate_latin		google_phones=ph r u tt s
fuel	fuel	ph y u l		spoken_nepali	google_ne_lr_2018	candidate_latin		google_phones=ph y u l
fujifilm	fujifilm	ph u . dz i . ph i l m		spoken_nepali	google_ne_lr_2018	candidate_latin		google_phones=ph u . jh i . ph i l m
full	full	ph u l		spoken_nepali	google_ne_lr_2018	candidate_latin		google_phones=ph u l
funchal	funchal	ph ax n . ts ax l		spoken_nepali	google_ne_lr_2018	candidate_latin		google_phones=ph ax n . ts ax l
function	function	ph ax ng k . s ax n		spoken_nepali	google_ne_lr_2018	candidate_latin		google_phones=ph ax ng k . s ax n
functional	functional	ph ax ng . s ax . n ax l		spoken_nepali	google_ne_lr_2018	candidate_latin		google_phones=ph ax ng . s ax . n ax l
fund	fund	ph ax n dx		spoken_nepali	google_ne_lr_2018	candidate_latin		google_phones=ph ax n dd
fundamentals	fundamentals	ph ax n . dx aa . m e n . tx ax l s		spoken_nepali	google_ne_lr_2018	candidate_latin		google_phones=ph ax n . dd aa . m e n . tt ax l s
funeral	funeral	ph y u . n ax . r ax l		spoken_nepali	google_ne_lr_2018	candidate_latin		google_phones=ph y u . n ax . r ax l
funnel	funnel	ph ax . n e l		spoken_nepali	google_ne_lr_2018	candidate_latin		google_phones=ph ax . n e l
futsal	futsal	ph u tx . s aa l		spoken_nepali	google_ne_lr_2018	candidate_latin		google_phones=ph u tt . s aa l
future	future	ph y u . ts ax r		spoken_nepali	google_ne_lr_2018	candidate_latin		google_phones=ph y u . ts ax r
g	g	dz i		spoken_nepali	google_ne_lr_2018	candidate_latin		google_phones=jh i
gaindakot	gaindakot	g axjn . dx aa . k o tx		spoken_nepali	google_ne_lr_2018	candidate_latin		google_phones=g axjn . dd aa . k o tt
galina	galina	g aa . l i . n aa		spoken_nepali	google_ne_lr_2018	candidate_latin		google_phones=g aa . l i . n aa
gall	gall	g ax l		spoken_nepali	google_ne_lr_2018	candidate_latin		google_phones=g ax l
gallbladder	gallbladder	g ax l . b l y aa . dx ax r		spoken_nepali	google_ne_lr_2018	candidate_latin		google_phones=g ax l . b l y aa . dd ax r
gallstone	gallstone	g ax l . s tx o n		spoken_nepali	google_ne_lr_2018	candidate_latin		google_phones=g ax l . s tt o n
galvanic	galvanic	g y aa l . bh ax . n i k		spoken_nepali	google_ne_lr_2018	candidate_latin		google_phones=g y aa l . bh ax . n i k
gambit	gambit	g aa m . b i tx		spoken_nepali	google_ne_lr_2018	candidate_latin		google_phones=g aa m . b i tt
gamble	gamble	g y aa m . b ax l		spoken_nepali	google_ne_lr_2018	candidate_latin		google_phones=g y aa m . b ax l
game	game	g e m		spoken_nepali	google_ne_lr_2018	candidate_latin		google_phones=g e m
gamer	gamer	g e . m ax r		spoken_nepali	google_ne_lr_2018	candidate_latin		google_phones=g e . m ax r
games	games	g e m s		spoken_nepali	google_ne_lr_2018	candidate_latin		google_phones=g e m s
gamestop	gamestop	g e m . s tx ax p		spoken_nepali	google_ne_lr_2018	candidate_latin		google_phones=g e m . s tt ax p
gamezone	gamezone	g e m . dz o n		spoken_nepali	google_ne_lr_2018	candidate_latin		google_phones=g e m . jh o n
gamma	gamma	g aa . m aa		spoken_nepali	google_ne_lr_2018	candidate_latin		google_phones=g aa . m aa
gander	gander	g y aa n . dx ax r		spoken_nepali	google_ne_lr_2018	candidate_latin		google_phones=g y aa n . dd ax r
ganesha	ganesha	g ax . n e . s ax		spoken_nepali	google_ne_lr_2018	candidate_latin		google_phones=g ax . n e . s ax
ganga	ganga	g ax ng . g aa		spoken_nepali	google_ne_lr_2018	candidate_latin		google_phones=g ax ng . g aa
gangaa	gangaa	g ax ng . g aa		spoken_nepali	google_ne_lr_2018	candidate_latin		google_phones=g ax ng . g aa
gangan	gangan	g ax n . g ax n		spoken_nepali	google_ne_lr_2018	candidate_latin		google_phones=g ax n . g ax n
gangster	gangster	g y aa ng s . tx ax r		spoken_nepali	google_ne_lr_2018	candidate_latin		google_phones=g y aa ng s . tt ax r
ganjawala	ganjawala	g aan n . dz aa . w aa . l aa		spoken_nepali	google_ne_lr_2018	candidate_latin		google_phones=g aan n . jh aa . w aa . l aa
gannett	gannett	g y aa . n e tx		spoken_nepali	google_ne_lr_2018	candidate_latin		google_phones=g y aa . n e tt
gap	gap	g y aa p		spoken_nepali	google_ne_lr_2018	candidate_latin		google_phones=g y aa p
garbage	garbage	g aa r . b e dz		spoken_nepali	google_ne_lr_2018	candidate_latin		google_phones=g aa r . b e jh
garden	garden	g aa r . dx e n		spoken_nepali	google_ne_lr_2018	candidate_latin		google_phones=g aa r . dd e n
gardens	gardens	g aa r . dx e n s		spoken_nepali	google_ne_lr_2018	candidate_latin		google_phones=g aa r . dd e n s
garg	garg	g ax r g		spoken_nepali	google_ne_lr_2018	candidate_latin		google_phones=g ax r g
garima	garima	g ax . r i . m aa		spoken_nepali	google_ne_lr_2018	candidate_latin		google_phones=g ax . r i . m aa
garrison	garrison	g y aa . r i . s ax n		spoken_nepali	google_ne_lr_2018	candidate_latin		google_phones=g y aa . r i . s ax n
gas	gas	g y aa s		spoken_nepali	google_ne_lr_2018	candidate_latin		google_phones=g y aa s
gasification	gasification	g y aa . s i . ph i . k e . s ax n		spoken_nepali	google_ne_lr_2018	candidate_latin		google_phones=g y aa . s i . ph i . k e . s ax n
gastric	gastric	g y aa s . tx r i k		spoken_nepali	google_ne_lr_2018	candidate_latin		google_phones=g y aa s . tt r i k
gastrulation	gastrulation	g y aa s . tx r u . l e . s ax n		spoken_nepali	google_ne_lr_2018	candidate_latin		google_phones=g y aa s . tt r u . l e . s ax n
gata	gata	g aa . tx aa		spoken_nepali	google_ne_lr_2018	candidate_latin		google_phones=g aa . tt aa
gate	gate	g e tx		spoken_nepali	google_ne_lr_2018	candidate_latin		google_phones=g e tt
gates	gates	g e tx s		spoken_nepali	google_ne_lr_2018	candidate_latin		google_phones=g e tt s
gatesfoundation	gatesfoundation	g e tx s . ph aaw n . dx e . s ax n		spoken_nepali	google_ne_lr_2018	candidate_latin		google_phones=g e tt s . ph aaw n . dd e . s ax n
gatorade	gatorade	g y aa . tx o . r e d		spoken_nepali	google_ne_lr_2018	candidate_latin		google_phones=g y aa . tt o . r e d
gaucho	gaucho	g aaw . ts o		spoken_nepali	google_ne_lr_2018	candidate_latin		google_phones=g aaw . ts o
gauge	gauge	g e dz		spoken_nepali	google_ne_lr_2018	candidate_latin		google_phones=g e jh
gaumata	gaumata	g axw . m aa . t aa		spoken_nepali	google_ne_lr_2018	candidate_latin		google_phones=g axw . m aa . t aa
gaur	gaur	g axw r		spoken_nepali	google_ne_lr_2018	candidate_latin		google_phones=g axw r
gautama	gautama	g axw . t ax . m ax		spoken_nepali	google_ne_lr_2018	candidate_latin		google_phones=g axw . t ax . m ax
gavin	gavin	g y aa . bh i n		spoken_nepali	google_ne_lr_2018	candidate_latin		google_phones=g y aa . bh i n
gaya	gaya	g ax . y aa		spoken_nepali	google_ne_lr_2018	candidate_latin		google_phones=g ax . y aa
geeta	geeta	g i . t aa		spoken_nepali	google_ne_lr_2018	candidate_latin		google_phones=g i . t aa
geminis	geminis	dz e . m i . n i s		spoken_nepali	google_ne_lr_2018	candidate_latin		google_phones=jh e . m i . n i s
gender	gender	dz e n . dx ax r		spoken_nepali	google_ne_lr_2018	candidate_latin		google_phones=jh e n . dd ax r
general	general	dz e . n ax . r ax l		spoken_nepali	google_ne_lr_2018	candidate_latin		google_phones=jh e . n ax . r ax l
generals	generals	g e . n e . r ax l s		spoken_nepali	google_ne_lr_2018	candidate_latin		google_phones=g e . n e . r ax l s
generation	generation	dz e . n e . r e . s ax n		spoken_nepali	google_ne_lr_2018	candidate_latin		google_phones=jh e . n e . r e . s ax n
generative	generative	dz e . n e . r e . tx i bh		spoken_nepali	google_ne_lr_2018	candidate_latin		google_phones=jh e . n e . r e . tt i bh
generator	generator	dz e . n e . r e . tx ax r		spoken_nepali	google_ne_lr_2018	candidate_latin		google_phones=jh e . n e . r e . tt ax r
generic	generic	dz e . n e . r i k		spoken_nepali	google_ne_lr_2018	candidate_latin		google_phones=jh e . n e . r i k
genetic	genetic	g e . n e . tx i k		spoken_nepali	google_ne_lr_2018	candidate_latin		google_phones=g e . n e . tt i k
genetics	genetics	dz e . n e . tx i k s		spoken_nepali	google_ne_lr_2018	candidate_latin		google_phones=jh e . n e . tt i k s
genomics	genomics	dz e . n o . m i k s		spoken_nepali	google_ne_lr_2018	candidate_latin		google_phones=jh e . n o . m i k s
gentleman	gentleman	dz e n . tx ax l . m y aa n		spoken_nepali	google_ne_lr_2018	candidate_latin		google_phones=jh e n . tt ax l . m y aa n
genuine	genuine	dz e . n y u n		spoken_nepali	google_ne_lr_2018	candidate_latin		google_phones=jh e . n y u n
genworth	genworth	dz e n . w ax r th		spoken_nepali	google_ne_lr_2018	candidate_latin		google_phones=jh e n . w ax r th
geographic	geographic	dz i . y o . g r aa . ph i k		spoken_nepali	google_ne_lr_2018	candidate_latin		google_phones=jh i . y o . g r aa . ph i k
geopolitics	geopolitics	dz i . y o . p o . l i . tx i k s		spoken_nepali	google_ne_lr_2018	candidate_latin		google_phones=jh i . y o . p o . l i . tt i k s
georgetown	georgetown	dz ax r dz . tx aaw n		spoken_nepali	google_ne_lr_2018	candidate_latin		google_phones=jh ax r jh . tt aaw n
germ	germ	dz ax r m		spoken_nepali	google_ne_lr_2018	candidate_latin		google_phones=jh ax r m
germans	germans	dz ax r . m ax n s		spoken_nepali	google_ne_lr_2018	candidate_latin		google_phones=jh ax r . m ax n s
geronimo	geronimo	dz e . r o . n i . m o		spoken_nepali	google_ne_lr_2018	candidate_latin		google_phones=jh e . r o . n i . m o
ghale	ghale	gh ax . l e		spoken_nepali	google_ne_lr_2018	candidate_latin		google_phones=gh ax . l e
ghar	ghar	gh ax r		spoken_nepali	google_ne_lr_2018	candidate_latin		google_phones=gh ax r
gharial	gharial	gh ax . r i . y aa l		spoken_nepali	google_ne_lr_2018	candidate_latin		google_phones=gh ax . r i . y aa l
ghatotkacha	ghatotkacha	gh ax . tx o t . k ax ts		spoken_nepali	google_ne_lr_2018	candidate_latin		google_phones=gh ax . tt o t . k ax ts
ghazal	ghazal	gh ax . dz ax l		spoken_nepali	google_ne_lr_2018	candidate_latin		google_phones=gh ax . jh ax l
ghimire	ghimire	gh i . m i . r e		spoken_nepali	google_ne_lr_2018	candidate_latin		google_phones=gh i . m i . r e
ghost	ghost	g o s tx		spoken_nepali	google_ne_lr_2018	candidate_latin		google_phones=g o s tt
ghumman	ghumman	gh u m . m ax n		spoken_nepali	google_ne_lr_2018	candidate_latin		google_phones=gh u m . m ax n
giant	giant	dz aaj n tx		spoken_nepali	google_ne_lr_2018	candidate_latin		google_phones=jh aaj n tt
gibson	gibson	g i b . s ax n		spoken_nepali	google_ne_lr_2018	candidate_latin		google_phones=g i b . s ax n
giffen	giffen	g i . ph ax n		spoken_nepali	google_ne_lr_2018	candidate_latin		google_phones=g i . ph ax n
gigabit	gigabit	g i . g aa . b aaj tx		spoken_nepali	google_ne_lr_2018	candidate_latin		google_phones=g i . g aa . b aaj tt
gigantism	gigantism	g i . g y aa n . tx i dz m		spoken_nepali	google_ne_lr_2018	candidate_latin		google_phones=g i . g y aa n . tt i jh m
gilead	gilead	g i . l i . y ax dx		spoken_nepali	google_ne_lr_2018	candidate_latin		google_phones=g i . l i . y ax dd
gilmour	gilmour	g i l . m o r		spoken_nepali	google_ne_lr_2018	candidate_latin		google_phones=g i l . m o r
gimmick	gimmick	g i m . m i k		spoken_nepali	google_ne_lr_2018	candidate_latin		google_phones=g i m . m i k
ginger	ginger	dz i n . dz ax r		spoken_nepali	google_ne_lr_2018	candidate_latin		google_phones=jh i n . jh ax r
girik	girik	g i . r i k		spoken_nepali	google_ne_lr_2018	candidate_latin		google_phones=g i . r i k
giriraja	giriraja	g i . r i . r aa . dz aa		spoken_nepali	google_ne_lr_2018	candidate_latin		google_phones=g i . r i . r aa . jh aa
girl	girl	g ax r l		spoken_nepali	google_ne_lr_2018	candidate_latin		google_phones=g ax r l
girlfriend	girlfriend	g ax r l . ph r e n dx		spoken_nepali	google_ne_lr_2018	candidate_latin		google_phones=g ax r l . ph r e n dd
give	give	g i bh		spoken_nepali	google_ne_lr_2018	candidate_latin		google_phones=g i bh
gland	gland	g l y aa dx		spoken_nepali	google_ne_lr_2018	candidate_latin		google_phones=g l y aa dd
glik	glik	g l i k		spoken_nepali	google_ne_lr_2018	candidate_latin		google_phones=g l i k
glitch	glitch	g l i ts		spoken_nepali	google_ne_lr_2018	candidate_latin		google_phones=g l i ts
global	global	g l o . b ax l		spoken_nepali	google_ne_lr_2018	candidate_latin		google_phones=g l o . b ax l
globe	globe	g l o b		spoken_nepali	google_ne_lr_2018	candidate_latin		google_phones=g l o b
glucagon	glucagon	g l u . k y aa . g ax n		spoken_nepali	google_ne_lr_2018	candidate_latin		google_phones=g l u . k y aa . g ax n
glutinous	glutinous	g l u . tx i . n ax s		spoken_nepali	google_ne_lr_2018	candidate_latin		google_phones=g l u . tt i . n ax s
glycerol	glycerol	g l i . s ax . r o l		spoken_nepali	google_ne_lr_2018	candidate_latin		google_phones=g l i . s ax . r o l
glycogenolysis	glycogenolysis	g l aaj . k o . dz i . n o . l aaj . s i s		spoken_nepali	google_ne_lr_2018	candidate_latin		google_phones=g l aaj . k o . jh i . n o . l aaj . s i s
go	go	g o		spoken_nepali	google_ne_lr_2018	candidate_latin		google_phones=g o
goa	goa	g o . w aa		spoken_nepali	google_ne_lr_2018	candidate_latin		google_phones=g o . w aa
goal	goal	g o l		spoken_nepali	google_ne_lr_2018	candidate_latin		google_phones=g o l
goat	goat	g o tx		spoken_nepali	google_ne_lr_2018	candidate_latin		google_phones=g o tt
gobinda	gobinda	g o . b i n . d ax		spoken_nepali	google_ne_lr_2018	candidate_latin		google_phones=g o . b i n . d ax
goblet	goblet	g o b . l e tx		spoken_nepali	google_ne_lr_2018	candidate_latin		google_phones=g o b . l e tt
god	god	g ax dx		spoken_nepali	google_ne_lr_2018	candidate_latin		google_phones=g ax dd
godfred	godfred	g ax dx . ph r e dx		spoken_nepali	google_ne_lr_2018	candidate_latin		google_phones=g ax dd . ph r e dd
gods	gods	g ax dx s		spoken_nepali	google_ne_lr_2018	candidate_latin		google_phones=g ax dd s
goenka	goenka	g o . e n . k aa		spoken_nepali	google_ne_lr_2018	candidate_latin		google_phones=g o . e n . k aa
goitre	goitre	g oj . tx ax r		spoken_nepali	google_ne_lr_2018	candidate_latin		google_phones=g oj . tt ax r
gold	gold	g o l dx		spoken_nepali	google_ne_lr_2018	candidate_latin		google_phones=g o l dd
golden	golden	g o l . dx e n		spoken_nepali	google_ne_lr_2018	candidate_latin		google_phones=g o l . dd e n
goldfinger	goldfinger	g o l dx . ph i ng . g ax r		spoken_nepali	google_ne_lr_2018	candidate_latin		google_phones=g o l dd . ph i ng . g ax r
goldman	goldman	g o l dx . m y aa n		spoken_nepali	google_ne_lr_2018	candidate_latin		google_phones=g o l dd . m y aa n
golf	golf	g ax l ph		spoken_nepali	google_ne_lr_2018	candidate_latin		google_phones=g ax l ph
golmaal	golmaal	g o l . m aa l		spoken_nepali	google_ne_lr_2018	candidate_latin		google_phones=g o l . m aa l
gomutra	gomutra	g o . m u t . t r ax		spoken_nepali	google_ne_lr_2018	candidate_latin		google_phones=g o . m u t . t r ax
gonggar	gonggar	g ax ng . g ax r		spoken_nepali	google_ne_lr_2018	candidate_latin		google_phones=g ax ng . g ax r
good	good	g u dx		spoken_nepali	google_ne_lr_2018	candidate_latin		google_phones=g u dd
goods	goods	g u dx s		spoken_nepali	google_ne_lr_2018	candidate_latin		google_phones=g u dd s
goodwill	goodwill	g u dx . w i l		spoken_nepali	google_ne_lr_2018	candidate_latin		google_phones=g u dd . w i l
goodyear	goodyear	g u dx . i . y ax r		spoken_nepali	google_ne_lr_2018	candidate_latin		google_phones=g u dd . i . y ax r
google	google	g u . g ax l		spoken_nepali	google_ne_lr_2018	candidate_latin		google_phones=g u . g ax l
goose	goose	g o s		spoken_nepali	google_ne_lr_2018	candidate_latin		google_phones=g o s
gopal	gopal	g o . p aa l		spoken_nepali	google_ne_lr_2018	candidate_latin		google_phones=g o . p aa l
gopala	gopala	g o . p aa . l ax		spoken_nepali	google_ne_lr_2018	candidate_latin		google_phones=g o . p aa . l ax
gorakhdham	gorakhdham	g o . r ax kh . dh aa m		spoken_nepali	google_ne_lr_2018	candidate_latin		google_phones=g o . r ax kh . dh aa m
gorkha	gorkha	g o r . kh aa		spoken_nepali	google_ne_lr_2018	candidate_latin		google_phones=g o r . kh aa
gossip	gossip	g o . s i p		spoken_nepali	google_ne_lr_2018	candidate_latin		google_phones=g o . s i p
governance	governance	g ax . bh ax r . n e n s		spoken_nepali	google_ne_lr_2018	candidate_latin		google_phones=g ax . bh ax r . n e n s
government	government	g ax . bh ax r n . m e n tx		spoken_nepali	google_ne_lr_2018	candidate_latin		google_phones=g ax . bh ax r n . m e n tt
goyal	goyal	g o . y ax l		spoken_nepali	google_ne_lr_2018	candidate_latin		google_phones=g o . y ax l
grace	grace	g r e s		spoken_nepali	google_ne_lr_2018	candidate_latin		google_phones=g r e s
grading	grading	g r e . dx i ng		spoken_nepali	google_ne_lr_2018	candidate_latin		google_phones=g r e . dd i ng
grainger	grainger	g r e ng . g ax r		spoken_nepali	google_ne_lr_2018	candidate_latin		google_phones=g r e ng . g ax r
gram	gram	g r aa m		spoken_nepali	google_ne_lr_2018	candidate_latin		google_phones=g r aa m
grammar	grammar	g r aa . m ax r		spoken_nepali	google_ne_lr_2018	candidate_latin		google_phones=g r aa . m ax r
grammatical	grammatical	g r aa . m e . tx i . k ax l		spoken_nepali	google_ne_lr_2018	candidate_latin		google_phones=g r aa . m e . tt i . k ax l
grand	grand	g r y aa n dx		spoken_nepali	google_ne_lr_2018	candidate_latin		google_phones=g r y aa n dd
graph	graph	g r aa ph		spoken_nepali	google_ne_lr_2018	candidate_latin		google_phones=g r aa ph
graphic	graphic	g r aa . ph i k		spoken_nepali	google_ne_lr_2018	candidate_latin		google_phones=g r aa . ph i k
graphics	graphics	g r aa . ph i k s		spoken_nepali	google_ne_lr_2018	candidate_latin		google_phones=g r aa . ph i k s
graphing	graphing	g r aa . ph i ng		spoken_nepali	google_ne_lr_2018	candidate_latin		google_phones=g r aa . ph i ng
gravel	gravel	g r y aa . bh ax l		spoken_nepali	google_ne_lr_2018	candidate_latin		google_phones=g r y aa . bh ax l
gravitation	gravitation	g r y aa . bh i . tx e . s ax n		spoken_nepali	google_ne_lr_2018	candidate_latin		google_phones=g r y aa . bh i . tt e . s ax n
gravitational	gravitational	g r y aa . bh i . tx e . s ax . n ax l		spoken_nepali	google_ne_lr_2018	candidate_latin		google_phones=g r y aa . bh i . tt e . s ax . n ax l
graybar	graybar	g r e . b aa r		spoken_nepali	google_ne_lr_2018	candidate_latin		google_phones=g r e . b aa r
great	great	g r e tx		spoken_nepali	google_ne_lr_2018	candidate_latin		google_phones=g r e tt
green	green	g r i n		spoken_nepali	google_ne_lr_2018	candidate_latin		google_phones=g r i n
grenade	grenade	g r i . n e dx		spoken_nepali	google_ne_lr_2018	candidate_latin		google_phones=g r i . n e dd
gretel	gretel	g r e . tx e l		spoken_nepali	google_ne_lr_2018	candidate_latin		google_phones=g r e . tt e l
griffith	griffith	g r i . ph i th		spoken_nepali	google_ne_lr_2018	candidate_latin		google_phones=g r i . ph i th
grihastha	grihastha	g r i . h ax s . th ax		spoken_nepali	google_ne_lr_2018	candidate_latin		google_phones=g r i . h ax s . th ax
grom	grom	g r o m		spoken_nepali	google_ne_lr_2018	candidate_latin		google_phones=g r o m
group	group	g r u p		spoken_nepali	google_ne_lr_2018	candidate_latin		google_phones=g r u p
groups	groups	g r u p s		spoken_nepali	google_ne_lr_2018	candidate_latin		google_phones=g r u p s
grover	grover	g r o . bh ax r		spoken_nepali	google_ne_lr_2018	candidate_latin		google_phones=g r o . bh ax r
growth	growth	g r o th		spoken_nepali	google_ne_lr_2018	candidate_latin		google_phones=g r o th
grumman	grumman	g r u m . m y aa n		spoken_nepali	google_ne_lr_2018	candidate_latin		google_phones=g r u m . m y aa n
guardian	guardian	g aa r . dz i . y ax n		spoken_nepali	google_ne_lr_2018	candidate_latin		google_phones=g aa r . jh i . y ax n
guava	guava	g w aa . bh aa		spoken_nepali	google_ne_lr_2018	candidate_latin		google_phones=g w aa . bh aa
guerrero	guerrero	g u . r e . r o		spoken_nepali	google_ne_lr_2018	candidate_latin		google_phones=g u . r e . r o
guide	guide	g aaj dx		spoken_nepali	google_ne_lr_2018	candidate_latin		google_phones=g aaj dd
guilt	guilt	g i l tx		spoken_nepali	google_ne_lr_2018	candidate_latin		google_phones=g i l tt
guitar	guitar	g i . tx aa r		spoken_nepali	google_ne_lr_2018	candidate_latin		google_phones=g i . tt aa r
gujrat	gujrat	g u dz . r aa t		spoken_nepali	google_ne_lr_2018	candidate_latin		google_phones=g u jh . r aa t
gul	gul	g ax l		spoken_nepali	google_ne_lr_2018	candidate_latin		google_phones=g ax l
gulf	gulf	g ax l ph		spoken_nepali	google_ne_lr_2018	candidate_latin		google_phones=g ax l ph
gum	gum	g ax m		spoken_nepali	google_ne_lr_2018	candidate_latin		google_phones=g ax m
gun	gun	g ax n		spoken_nepali	google_ne_lr_2018	candidate_latin		google_phones=g ax n
gunship	gunship	g ax n . s i p		spoken_nepali	google_ne_lr_2018	candidate_latin		google_phones=g ax n . s i p
gupta	gupta	g u p . t aa		spoken_nepali	google_ne_lr_2018	candidate_latin		google_phones=g u p . t aa
gurcharan	gurcharan	g u r . ts ax . r ax n		spoken_nepali	google_ne_lr_2018	candidate_latin		google_phones=g u r . ts ax . r ax n
gurdas	gurdas	g u r . d aa s		spoken_nepali	google_ne_lr_2018	candidate_latin		google_phones=g u r . d aa s
gurkha	gurkha	g o r . kh aa		spoken_nepali	google_ne_lr_2018	candidate_latin		google_phones=g o r . kh aa
gurkhas	gurkhas	g o r . kh aa dz		spoken_nepali	google_ne_lr_2018	candidate_latin		google_phones=g o r . kh aa jh
gurukul	gurukul	g u . r u . k u l		spoken_nepali	google_ne_lr_2018	candidate_latin		google_phones=g u . r u . k u l
gurukula	gurukula	g u . r u . k u . l ax		spoken_nepali	google_ne_lr_2018	candidate_latin		google_phones=g u . r u . k u . l ax
gurung	gurung	g u . r u ng		spoken_nepali	google_ne_lr_2018	candidate_latin		google_phones=g u . r u ng
guy	guy	g aaj		spoken_nepali	google_ne_lr_2018	candidate_latin		google_phones=g aaj
gyanendra	gyanendra	g y aa . n e n . d r ax		spoken_nepali	google_ne_lr_2018	candidate_latin		google_phones=g y aa . n e n . d r ax
gymnastics	gymnastics	dz i m . n y aa s . tx i k s		spoken_nepali	google_ne_lr_2018	candidate_latin		google_phones=jh i m . n y aa s . tt i k s
gymnosperm	gymnosperm	g i m . n o . s p ax r m		spoken_nepali	google_ne_lr_2018	candidate_latin		google_phones=g i m . n o . s p ax r m
gyrase	gyrase	g aaj . r e dz		spoken_nepali	google_ne_lr_2018	candidate_latin		google_phones=g aaj . r e jh
gyrate	gyrate	dz aaj . r e tx		spoken_nepali	google_ne_lr_2018	candidate_latin		google_phones=jh aaj . r e tt
h	h	e ts		spoken_nepali	google_ne_lr_2018	candidate_latin		google_phones=e ts
haasan	haasan	h aa . s ax n		spoken_nepali	google_ne_lr_2018	candidate_latin		google_phones=h aa . s ax n
habit	habit	h y aa . b i tx		spoken_nepali	google_ne_lr_2018	candidate_latin		google_phones=h y aa . b i tt
habits	habits	h y aa . b i tx s		spoken_nepali	google_ne_lr_2018	candidate_latin		google_phones=h y aa . b i tt s
hack	hack	h y aa k		spoken_nepali	google_ne_lr_2018	candidate_latin		google_phones=h y aa k
hacker	hacker	h y aa . k ax r		spoken_nepali	google_ne_lr_2018	candidate_latin		google_phones=h y aa . k ax r
hackers	hackers	h y aa . k ax r s		spoken_nepali	google_ne_lr_2018	candidate_latin		google_phones=h y aa . k ax r s
hacking	hacking	h y aa . k i ng		spoken_nepali	google_ne_lr_2018	candidate_latin		google_phones=h y aa . k i ng
hadid	hadid	h aa . dx i dx		spoken_nepali	google_ne_lr_2018	candidate_latin		google_phones=h aa . dd i dd
haemal	haemal	h aaj . m ax l		spoken_nepali	google_ne_lr_2018	candidate_latin		google_phones=h aaj . m ax l
haemophilia	haemophilia	h e . m o . ph i . l i . y aa		spoken_nepali	google_ne_lr_2018	candidate_latin		google_phones=h e . m o . ph i . l i . y aa
hahnemann	hahnemann	h aa . n e . m ax n		spoken_nepali	google_ne_lr_2018	candidate_latin		google_phones=h aa . n e . m ax n
hai	hai	h aaj		spoken_nepali	google_ne_lr_2018	candidate_latin		google_phones=h aaj
hainan	hainan	h aaj . n aa n		spoken_nepali	google_ne_lr_2018	candidate_latin		google_phones=h aaj . n aa n
hair	hair	h e . ax r		spoken_nepali	google_ne_lr_2018	candidate_latin		google_phones=h e . ax r
haisha	haisha	h axj . s aa		spoken_nepali	google_ne_lr_2018	candidate_latin		google_phones=h axj . s aa
hakuna	hakuna	h aa . k u . n aa		spoken_nepali	google_ne_lr_2018	candidate_latin		google_phones=h aa . k u . n aa
halder	halder	h aa l . dx ax r		spoken_nepali	google_ne_lr_2018	candidate_latin		google_phones=h aa l . dd ax r
hall	hall	h ax l		spoken_nepali	google_ne_lr_2018	candidate_latin		google_phones=h ax l
halla	halla	h ax l . l aa		spoken_nepali	google_ne_lr_2018	candidate_latin		google_phones=h ax l . l aa
halliburton	halliburton	h y aa . l i . b ax r . tx ax n		spoken_nepali	google_ne_lr_2018	candidate_latin		google_phones=h y aa . l i . b ax r . tt ax n
halogenation	halogenation	h y aa . l o . dz i . n e . s ax n		spoken_nepali	google_ne_lr_2018	candidate_latin		google_phones=h y aa . l o . jh i . n e . s ax n
hamala	hamala	h ax . m ax . l aa		spoken_nepali	google_ne_lr_2018	candidate_latin		google_phones=h ax . m ax . l aa
hamilton	hamilton	h y aa . m i l . tx ax n		spoken_nepali	google_ne_lr_2018	candidate_latin		google_phones=h y aa . m i l . tt ax n
hamstring	hamstring	h y aa m s . tx r i ng		spoken_nepali	google_ne_lr_2018	candidate_latin		google_phones=h y aa m s . tt r i ng
hand	hand	h y aa n dx		spoken_nepali	google_ne_lr_2018	candidate_latin		google_phones=h y aa n dd
handbrake	handbrake	h y aa n dx . b r e k		spoken_nepali	google_ne_lr_2018	candidate_latin		google_phones=h y aa n dd . b r e k
handicap	handicap	h y aa n . dx i . k y aa p		spoken_nepali	google_ne_lr_2018	candidate_latin		google_phones=h y aa n . dd i . k y aa p
handwriting	handwriting	h y aa n dx . r aaj . tx i ng		spoken_nepali	google_ne_lr_2018	candidate_latin		google_phones=h y aa n dd . r aaj . tt i ng
handwritten	handwritten	h y aa n dx . r i . tx ax n		spoken_nepali	google_ne_lr_2018	candidate_latin		google_phones=h y aa n dd . r i . tt ax n
hang	hang	h y aa ng		spoken_nepali	google_ne_lr_2018	candidate_latin		google_phones=h y aa ng
hansel	hansel	h y aa n . s e l		spoken_nepali	google_ne_lr_2018	candidate_latin		google_phones=h y aa n . s e l
happiness	happiness	h y aa . p i . n e s		spoken_nepali	google_ne_lr_2018	candidate_latin		google_phones=h y aa . p i . n e s
haptoglobin	haptoglobin	h y aa p . tx o . g l o . b i n		spoken_nepali	google_ne_lr_2018	candidate_latin		google_phones=h y aa p . tt o . g l o . b i n
harassment	harassment	h y aa . r ax s . m e n tx		spoken_nepali	google_ne_lr_2018	candidate_latin		google_phones=h y aa . r ax s . m e n tt
harbin	harbin	h aa r . b i n		spoken_nepali	google_ne_lr_2018	candidate_latin		google_phones=h aa r . b i n
harbinger	harbinger	h ax r . b i ng . g ax r		spoken_nepali	google_ne_lr_2018	candidate_latin		google_phones=h ax r . b i ng . g ax r
hardcore	hardcore	h aa r dx . k o r		spoken_nepali	google_ne_lr_2018	candidate_latin		google_phones=h aa r dd . k o r
hardik	hardik	h aa r . d i k		spoken_nepali	google_ne_lr_2018	candidate_latin		google_phones=h aa r . d i k
hardware	hardware	h aa r dx . w e r		spoken_nepali	google_ne_lr_2018	candidate_latin		google_phones=h aa r dd . w e r
hare	hare	h e . y ax r		spoken_nepali	google_ne_lr_2018	candidate_latin		google_phones=h e . y ax r
harikrishna	harikrishna	h ax . r i . k r i s . n ax		spoken_nepali	google_ne_lr_2018	candidate_latin		google_phones=h ax . r i . k r i s . n ax
harishchandra	harishchandra	h ax . r i s . ts ax n . d r ax		spoken_nepali	google_ne_lr_2018	candidate_latin		google_phones=h ax . r i s . ts ax n . d r ax
harleydavidson	harleydavidson	h aa r . l i . dx e . bh i dx . s ax n		spoken_nepali	google_ne_lr_2018	candidate_latin		google_phones=h aa r . l i . dd e . bh i dd . s ax n
harp	harp	h aa r p		spoken_nepali	google_ne_lr_2018	candidate_latin		google_phones=h aa r p
harper	harper	h aa r . p ax r		spoken_nepali	google_ne_lr_2018	candidate_latin		google_phones=h aa r . p ax r
harris	harris	h y aa . r i s		spoken_nepali	google_ne_lr_2018	candidate_latin		google_phones=h y aa . r i s
harsh	harsh	h aa r s		spoken_nepali	google_ne_lr_2018	candidate_latin		google_phones=h aa r s
harshad	harshad	h ax r . s ax d		spoken_nepali	google_ne_lr_2018	candidate_latin		google_phones=h ax r . s ax d
hartford	hartford	h aa r tx . ph o r dx		spoken_nepali	google_ne_lr_2018	candidate_latin		google_phones=h aa r tt . ph o r dd
haryana	haryana	h ax r . y aa . n aa		spoken_nepali	google_ne_lr_2018	candidate_latin		google_phones=h ax r . y aa . n aa
hasina	hasina	h ax . s i . n aa		spoken_nepali	google_ne_lr_2018	candidate_latin		google_phones=h ax . s i . n aa
hassan	hassan	h ax . s ax n		spoken_nepali	google_ne_lr_2018	candidate_latin		google_phones=h ax . s ax n
hatchback	hatchback	h y aa ts . b y aa k		spoken_nepali	google_ne_lr_2018	candidate_latin		google_phones=h y aa ts . b y aa k
hatchet	hatchet	h y aa . ts e tx		spoken_nepali	google_ne_lr_2018	candidate_latin		google_phones=h y aa . ts e tt
hate	hate	h e tx		spoken_nepali	google_ne_lr_2018	candidate_latin		google_phones=h e tt
hateful	hateful	h e tx . ph u l		spoken_nepali	google_ne_lr_2018	candidate_latin		google_phones=h e tt . ph u l
hatha	hatha	h ax . th aa		spoken_nepali	google_ne_lr_2018	candidate_latin		google_phones=h ax . th aa
hathaway	hathaway	h y aa th . ax . w e		spoken_nepali	google_ne_lr_2018	candidate_latin		google_phones=h y aa th . ax . w e
haunted	haunted	h ax n . tx e dx		spoken_nepali	google_ne_lr_2018	candidate_latin		google_phones=h ax n . tt e dd
hawaii	hawaii	h ax . w aaj		spoken_nepali	google_ne_lr_2018	candidate_latin		google_phones=h ax . w aaj
hawking	hawking	h ax . k i ng		spoken_nepali	google_ne_lr_2018	candidate_latin		google_phones=h ax . k i ng
hawkins	hawkins	h ax . k i n s		spoken_nepali	google_ne_lr_2018	candidate_latin		google_phones=h ax . k i n s
hayes	hayes	h e . y ax dz		spoken_nepali	google_ne_lr_2018	candidate_latin		google_phones=h e . y ax jh
hazard	hazard	h y aa . dz aa r dx		spoken_nepali	google_ne_lr_2018	candidate_latin		google_phones=h y aa . jh aa r dd
head	head	h e dx		spoken_nepali	google_ne_lr_2018	candidate_latin		google_phones=h e dd
headache	headache	h e . dx e k		spoken_nepali	google_ne_lr_2018	candidate_latin		google_phones=h e . dd e k
headhunting	headhunting	h e dx . h ax n . tx i ng		spoken_nepali	google_ne_lr_2018	candidate_latin		google_phones=h e dd . h ax n . tt i ng
headlamp	headlamp	h e dx . l y aa m p		spoken_nepali	google_ne_lr_2018	candidate_latin		google_phones=h e dd . l y aa m p
headline	headline	h e dx . l aaj n		spoken_nepali	google_ne_lr_2018	candidate_latin		google_phones=h e dd . l aaj n
headphones	headphones	h e dx . ph o n s		spoken_nepali	google_ne_lr_2018	candidate_latin		google_phones=h e dd . ph o n s
healer	healer	h i . l ax r		spoken_nepali	google_ne_lr_2018	candidate_latin		google_phones=h i . l ax r
healing	healing	h i . l i ng		spoken_nepali	google_ne_lr_2018	candidate_latin		google_phones=h i . l i ng
health	health	h e l th		spoken_nepali	google_ne_lr_2018	candidate_latin		google_phones=h e l th
healthcare	healthcare	h e l th . k e . y ax r		spoken_nepali	google_ne_lr_2018	candidate_latin		google_phones=h e l th . k e . y ax r
hearing	hearing	h i . y ax . r i ng		spoken_nepali	google_ne_lr_2018	candidate_latin		google_phones=h i . y ax . r i ng
heart	heart	h ax r tx		spoken_nepali	google_ne_lr_2018	candidate_latin		google_phones=h ax r tt
heartbeat	heartbeat	h ax r tx . b i tx		spoken_nepali	google_ne_lr_2018	candidate_latin		google_phones=h ax r tt . b i tt
heartburn	heartburn	h ax r tx . b ax r n		spoken_nepali	google_ne_lr_2018	candidate_latin		google_phones=h ax r tt . b ax r n
heat	heat	h i tx		spoken_nepali	google_ne_lr_2018	candidate_latin		google_phones=h i tt
heath	heath	h i th		spoken_nepali	google_ne_lr_2018	candidate_latin		google_phones=h i th
heather	heather	h i . th ax r		spoken_nepali	google_ne_lr_2018	candidate_latin		google_phones=h i . th ax r
hedge	hedge	h e dz		spoken_nepali	google_ne_lr_2018	candidate_latin		google_phones=h e jh
heelan	heelan	h i . l ax n		spoken_nepali	google_ne_lr_2018	candidate_latin		google_phones=h i . l ax n
height	height	h aaj tx		spoken_nepali	google_ne_lr_2018	candidate_latin		google_phones=h aaj tt
heinz	heinz	h e n dz		spoken_nepali	google_ne_lr_2018	candidate_latin		google_phones=h e n jh
helicobacter	helicobacter	h e . l i . k o . b y aa k . tx ax r		spoken_nepali	google_ne_lr_2018	candidate_latin		google_phones=h e . l i . k o . b y aa k . tt ax r
helicoverpa	helicoverpa	h e . l i . k ax . bh ax r . p aa		spoken_nepali	google_ne_lr_2018	candidate_latin		google_phones=h e . l i . k ax . bh ax r . p aa
helipad	helipad	h e . l i . p y aa dx		spoken_nepali	google_ne_lr_2018	candidate_latin		google_phones=h e . l i . p y aa dd
helium	helium	h i . l i . y ax m		spoken_nepali	google_ne_lr_2018	candidate_latin		google_phones=h i . l i . y ax m
helmet	helmet	h e l . m e tx		spoken_nepali	google_ne_lr_2018	candidate_latin		google_phones=h e l . m e tt
help	help	h e l p		spoken_nepali	google_ne_lr_2018	candidate_latin		google_phones=h e l p
hem	hem	h e m		spoken_nepali	google_ne_lr_2018	candidate_latin		google_phones=h e m
hemisphere	hemisphere	h e . m i s . ph e . y ax r		spoken_nepali	google_ne_lr_2018	candidate_latin		google_phones=h e . m i s . ph e . y ax r
hemoptysis	hemoptysis	h i . m ax . t aaj . s i s		spoken_nepali	google_ne_lr_2018	candidate_latin		google_phones=h i . m ax . t aaj . s i s
hen	hen	h e n		spoken_nepali	google_ne_lr_2018	candidate_latin		google_phones=h e n
hepatitis	hepatitis	h e . p ax . tx aaj . tx i s		spoken_nepali	google_ne_lr_2018	candidate_latin		google_phones=h e . p ax . tt aaj . tt i s
hercules	hercules	h ax r . k u . l ax s		spoken_nepali	google_ne_lr_2018	candidate_latin		google_phones=h ax r . k u . l ax s
hermit	hermit	h ax r . m i tx		spoken_nepali	google_ne_lr_2018	candidate_latin		google_phones=h ax r . m i tt
herndon	herndon	h ax r n . dx ax n		spoken_nepali	google_ne_lr_2018	candidate_latin		google_phones=h ax r n . dd ax n
hero	hero	h i . r o		spoken_nepali	google_ne_lr_2018	candidate_latin		google_phones=h i . r o
herrick	herrick	h e . r i k		spoken_nepali	google_ne_lr_2018	candidate_latin		google_phones=h e . r i k
hertz	hertz	h ax r dz		spoken_nepali	google_ne_lr_2018	candidate_latin		google_phones=h ax r jh
herzegovina	herzegovina	h ax r . dz e . g o . bh i . n aa		spoken_nepali	google_ne_lr_2018	candidate_latin		google_phones=h ax r . jh e . g o . bh i . n aa
hess	hess	h e s		spoken_nepali	google_ne_lr_2018	candidate_latin		google_phones=h e s
hi	hi	h aaj		spoken_nepali	google_ne_lr_2018	candidate_latin		google_phones=h aaj
hidden	hidden	h i . dx ax n		spoken_nepali	google_ne_lr_2018	candidate_latin		google_phones=h i . dd ax n
hideaway	hideaway	h aaj dx . ax . w e		spoken_nepali	google_ne_lr_2018	candidate_latin		google_phones=h aaj dd . ax . w e
hifajat	hifajat	h i . ph aa . dz ax t		spoken_nepali	google_ne_lr_2018	candidate_latin		google_phones=h i . ph aa . jh ax t
higgins	higgins	h i . g i n s		spoken_nepali	google_ne_lr_2018	candidate_latin		google_phones=h i . g i n s
high	high	h aaj		spoken_nepali	google_ne_lr_2018	candidate_latin		google_phones=h aaj
higher	higher	h aaj . y ax r		spoken_nepali	google_ne_lr_2018	candidate_latin		google_phones=h aaj . y ax r
hightail	hightail	h aaj . t e l		spoken_nepali	google_ne_lr_2018	candidate_latin		google_phones=h aaj . t e l
highway	highway	h aaj . w e		spoken_nepali	google_ne_lr_2018	candidate_latin		google_phones=h aaj . w e
hijra	hijra	h i . dz ax . r aa		spoken_nepali	google_ne_lr_2018	candidate_latin		google_phones=h i . jh ax . r aa
hike	hike	h aaj k		spoken_nepali	google_ne_lr_2018	candidate_latin		google_phones=h aaj k
hill	hill	h i l		spoken_nepali	google_ne_lr_2018	candidate_latin		google_phones=h i l
hilton	hilton	h i l . tx ax n		spoken_nepali	google_ne_lr_2018	candidate_latin		google_phones=h i l . tt ax n
himal	himal	h i . m aa l		spoken_nepali	google_ne_lr_2018	candidate_latin		google_phones=h i . m aa l
himalaya	himalaya	h i . m aa . l ax . y ax		spoken_nepali	google_ne_lr_2018	candidate_latin		google_phones=h i . m aa . l ax . y ax
himalayan	himalayan	h i . m aa . l ax . y ax n		spoken_nepali	google_ne_lr_2018	candidate_latin		google_phones=h i . m aa . l ax . y ax n
himba	himba	h i m . b aa		spoken_nepali	google_ne_lr_2018	candidate_latin		google_phones=h i m . b aa
himmat	himmat	h i m . m ax tx		spoken_nepali	google_ne_lr_2018	candidate_latin		google_phones=h i m . m ax tt
himshikhar	himshikhar	h i m . s i . kh ax r		spoken_nepali	google_ne_lr_2018	candidate_latin		google_phones=h i m . s i . kh ax r
hip	hip	h i p		spoken_nepali	google_ne_lr_2018	candidate_latin		google_phones=h i p
hit	hit	h i tx		spoken_nepali	google_ne_lr_2018	candidate_latin		google_phones=h i tt
hitman	hitman	h i t . m aa n		spoken_nepali	google_ne_lr_2018	candidate_latin		google_phones=h i t . m aa n
hj	hj	e ts . dz e		spoken_nepali	google_ne_lr_2018	candidate_latin		google_phones=e ts . jh e
ho	ho	h o		spoken_nepali	google_ne_lr_2018	candidate_latin		google_phones=h o
hoax	hoax	h o k s		spoken_nepali	google_ne_lr_2018	candidate_latin		google_phones=h o k s
hola	hola	h o . l aa		spoken_nepali	google_ne_lr_2018	candidate_latin		google_phones=h o . l aa
holding	holding	h o l . dx i ng		spoken_nepali	google_ne_lr_2018	candidate_latin		google_phones=h o l . dd i ng
holdings	holdings	h o l . dx i ng s		spoken_nepali	google_ne_lr_2018	candidate_latin		google_phones=h o l . dd i ng s
hole	hole	h o l		spoken_nepali	google_ne_lr_2018	candidate_latin		google_phones=h o l
holistic	holistic	h o . l i s . tx i k		spoken_nepali	google_ne_lr_2018	candidate_latin		google_phones=h o . l i s . tt i k
hollyfrontier	hollyfrontier	h o . l i . ph r ax n . tx i . y ax r		spoken_nepali	google_ne_lr_2018	candidate_latin		google_phones=h o . l i . ph r ax n . tt i . y ax r
home	home	h o m		spoken_nepali	google_ne_lr_2018	candidate_latin		google_phones=h o m
homer	homer	h o . m ax r		spoken_nepali	google_ne_lr_2018	candidate_latin		google_phones=h o . m ax r
homework	homework	h o m . w ax r k		spoken_nepali	google_ne_lr_2018	candidate_latin		google_phones=h o m . w ax r k
honda	honda	h o n . dx aa		spoken_nepali	google_ne_lr_2018	candidate_latin		google_phones=h o n . dd aa
honeywell	honeywell	h ax . n i . w e l		spoken_nepali	google_ne_lr_2018	candidate_latin		google_phones=h ax . n i . w e l
honour	honour	ax . n ax r		spoken_nepali	google_ne_lr_2018	candidate_latin		google_phones=ax . n ax r
hookah	hookah	h u . k aa		spoken_nepali	google_ne_lr_2018	candidate_latin		google_phones=h u . k aa
hopeful	hopeful	h o p . ph u l		spoken_nepali	google_ne_lr_2018	candidate_latin		google_phones=h o p . ph u l
hopkins	hopkins	h ax p . k i n s		spoken_nepali	google_ne_lr_2018	candidate_latin		google_phones=h ax p . k i n s
horizontal	horizontal	h o . r i . dz ax n . tx ax l		spoken_nepali	google_ne_lr_2018	candidate_latin		google_phones=h o . r i . jh ax n . tt ax l
horlicks	horlicks	h ax r . l i k s		spoken_nepali	google_ne_lr_2018	candidate_latin		google_phones=h ax r . l i k s
hormel	hormel	h o r . m ax l		spoken_nepali	google_ne_lr_2018	candidate_latin		google_phones=h o r . m ax l
hormone	hormone	h ax r . m o n		spoken_nepali	google_ne_lr_2018	candidate_latin		google_phones=h ax r . m o n
horse	horse	h ax r s		spoken_nepali	google_ne_lr_2018	candidate_latin		google_phones=h ax r s
horticulture	horticulture	h ax r . tx i . k ax l . ts ax r		spoken_nepali	google_ne_lr_2018	candidate_latin		google_phones=h ax r . tt i . k ax l . ts ax r
horton	horton	h ax r . tx ax n		spoken_nepali	google_ne_lr_2018	candidate_latin		google_phones=h ax r . tt ax n
hospital	hospital	h ax s . p i . tx ax l		spoken_nepali	google_ne_lr_2018	candidate_latin		google_phones=h ax s . p i . tt ax l
host	host	h o s tx		spoken_nepali	google_ne_lr_2018	candidate_latin		google_phones=h o s tt
hostel	hostel	h o s . tx e l		spoken_nepali	google_ne_lr_2018	candidate_latin		google_phones=h o s . tt e l
hot	hot	h ax tx		spoken_nepali	google_ne_lr_2018	candidate_latin		google_phones=h ax tt
hotel	hotel	h o . tx e l		spoken_nepali	google_ne_lr_2018	candidate_latin		google_phones=h o . tt e l
hotels	hotels	h o . tx e l s		spoken_nepali	google_ne_lr_2018	candidate_latin		google_phones=h o . tt e l s
hour	hour	aa . w ax r		spoken_nepali	google_ne_lr_2018	candidate_latin		google_phones=aa . w ax r
house	house	h aaw s		spoken_nepali	google_ne_lr_2018	candidate_latin		google_phones=h aaw s
how	how	h aaw		spoken_nepali	google_ne_lr_2018	candidate_latin		google_phones=h aaw
hub	hub	h ax b		spoken_nepali	google_ne_lr_2018	candidate_latin		google_phones=h ax b
hudson	hudson	h ax dx . s ax n		spoken_nepali	google_ne_lr_2018	candidate_latin		google_phones=h ax dd . s ax n
hug	hug	h ax g		spoken_nepali	google_ne_lr_2018	candidate_latin		google_phones=h ax g
hughes	hughes	h y u dz		spoken_nepali	google_ne_lr_2018	candidate_latin		google_phones=h y u jh
hugo	hugo	h y u . g o		spoken_nepali	google_ne_lr_2018	candidate_latin		google_phones=h y u . g o
hum	hum	h ax m		spoken_nepali	google_ne_lr_2018	candidate_latin		google_phones=h ax m
human	human	h y u . m ax n		spoken_nepali	google_ne_lr_2018	candidate_latin		google_phones=h y u . m ax n
humanitarian	humanitarian	h y u . m y aa . n i . tx e . r i . y ax n		spoken_nepali	google_ne_lr_2018	candidate_latin		google_phones=h y u . m y aa . n i . tt e . r i . y ax n
humanoid	humanoid	h y u . m ax . n oj dx		spoken_nepali	google_ne_lr_2018	candidate_latin		google_phones=h y u . m ax . n oj dd
humour	humour	h y u . m ax r		spoken_nepali	google_ne_lr_2018	candidate_latin		google_phones=h y u . m ax r
hunger	hunger	h ax ng . g ax r		spoken_nepali	google_ne_lr_2018	candidate_latin		google_phones=h ax ng . g ax r
hunt	hunt	h ax n tx		spoken_nepali	google_ne_lr_2018	candidate_latin		google_phones=h ax n tt
hunters	hunters	h ax n . tx ax r s		spoken_nepali	google_ne_lr_2018	candidate_latin		google_phones=h ax n . tt ax r s
hunting	hunting	h ax n . tx i ng		spoken_nepali	google_ne_lr_2018	candidate_latin		google_phones=h ax n . tt i ng
huntington	huntington	h ax n . tx i ng . tx ax n		spoken_nepali	google_ne_lr_2018	candidate_latin		google_phones=h ax n . tt i ng . tt ax n
huntsman	huntsman	h ax n tx s . m y aa n		spoken_nepali	google_ne_lr_2018	candidate_latin		google_phones=h ax n tt s . m y aa n
hurrah	hurrah	h u . r aa h		spoken_nepali	google_ne_lr_2018	candidate_latin		google_phones=h u . r aa h
hurricane	hurricane	h ax . r i . k e n		spoken_nepali	google_ne_lr_2018	candidate_latin		google_phones=h ax . r i . k e n
hurt	hurt	h ax r tx		spoken_nepali	google_ne_lr_2018	candidate_latin		google_phones=h ax r tt
husband	husband	h ax s . b e n dx		spoken_nepali	google_ne_lr_2018	candidate_latin		google_phones=h ax s . b e n dd
hussein	hussein	h u . s e n		spoken_nepali	google_ne_lr_2018	candidate_latin		google_phones=h u . s e n
hyatt	hyatt	h y aa tx		spoken_nepali	google_ne_lr_2018	candidate_latin		google_phones=h y aa tt
hydraulic	hydraulic	h aaj . dx r ax . l i k		spoken_nepali	google_ne_lr_2018	candidate_latin		google_phones=h aaj . dd r ax . l i k
hydro	hydro	h aaj . dx r o		spoken_nepali	google_ne_lr_2018	candidate_latin		google_phones=h aaj . dd r o
hydrocephalus	hydrocephalus	h aaj . dx r o . s e . ph ax . l ax s		spoken_nepali	google_ne_lr_2018	candidate_latin		google_phones=h aaj . dd r o . s e . ph ax . l ax s
hydrogenation	hydrogenation	h aaj . dx r o . g e . n e . s ax n		spoken_nepali	google_ne_lr_2018	candidate_latin		google_phones=h aaj . dd r o . g e . n e . s ax n
hydromorphone	hydromorphone	h aaj . dx r o . m o r . ph o n		spoken_nepali	google_ne_lr_2018	candidate_latin		google_phones=h aaj . dd r o . m o r . ph o n
hydropower	hydropower	h aaj . dx r o . p aa . w ax r		spoken_nepali	google_ne_lr_2018	candidate_latin		google_phones=h aaj . dd r o . p aa . w ax r
hydroxide	hydroxide	h aaj . dx r o . ax k . s aaj dx		spoken_nepali	google_ne_lr_2018	candidate_latin		google_phones=h aaj . dd r o . ax k . s aaj dd
hydroxocobalamin	hydroxocobalamin	h aaj . d r o k . s o . k o . b y aa . l aa . m i n		spoken_nepali	google_ne_lr_2018	candidate_latin		google_phones=h aaj . d r o k . s o . k o . b y aa . l aa . m i n
hygiene	hygiene	h aaj . dz i n		spoken_nepali	google_ne_lr_2018	candidate_latin		google_phones=h aaj . jh i n
hygrometer	hygrometer	h aaj . g r o . m i . tx ax r		spoken_nepali	google_ne_lr_2018	candidate_latin		google_phones=h aaj . g r o . m i . tt ax r
hypochlorite	hypochlorite	h aaj . p o . k l o . r aaj tx		spoken_nepali	google_ne_lr_2018	candidate_latin		google_phones=h aaj . p o . k l o . r aaj tt
hypocotyl	hypocotyl	h aaj . p o . k o . tx ax l		spoken_nepali	google_ne_lr_2018	candidate_latin		google_phones=h aaj . p o . k o . tt ax l
hyponatremia	hyponatremia	h aaj . p o . n e . tx r e . m i . y aa		spoken_nepali	google_ne_lr_2018	candidate_latin		google_phones=h aaj . p o . n e . tt r e . m i . y aa
hysteresis	hysteresis	h i s . tx e . r i . s i s		spoken_nepali	google_ne_lr_2018	candidate_latin		google_phones=h i s . tt e . r i . s i s
hysteria	hysteria	h i s . tx e . r i . y aa		spoken_nepali	google_ne_lr_2018	candidate_latin		google_phones=h i s . tt e . r i . y aa
hyundai	hyundai	h y u n . dx aaj		spoken_nepali	google_ne_lr_2018	candidate_latin		google_phones=h y u n . dd aaj
i	i	aaj		spoken_nepali	google_ne_lr_2018	candidate_latin		google_phones=aaj
iamb	iamb	aaj . y aa m b		spoken_nepali	google_ne_lr_2018	candidate_latin		google_phones=aaj . y aa m b
ice	ice	aaj s		spoken_nepali	google_ne_lr_2018	candidate_latin		google_phones=aaj s
ichat	ichat	aaj . ts y aa tx		spoken_nepali	google_ne_lr_2018	candidate_latin		google_phones=aaj . ts y aa tt
idea	idea	aaj . dx i . y aa		spoken_nepali	google_ne_lr_2018	candidate_latin		google_phones=aaj . dd i . y aa
ideal	ideal	aaj . dx i . y ax l		spoken_nepali	google_ne_lr_2018	candidate_latin		google_phones=aaj . dd i . y ax l
idec	idec	i . dx e k		spoken_nepali	google_ne_lr_2018	candidate_latin		google_phones=i . dd e k
identifier	identifier	aaj . dx e n . tx i . ph aa . y ax r		spoken_nepali	google_ne_lr_2018	candidate_latin		google_phones=aaj . dd e n . tt i . ph aa . y ax r
idol	idol	aaj . dx ax l		spoken_nepali	google_ne_lr_2018	candidate_latin		google_phones=aaj . dd ax l
ignorance	ignorance	i g . n o . r e n s		spoken_nepali	google_ne_lr_2018	candidate_latin		google_phones=i g . n o . r e n s
ii	ii	aaj . aaj		spoken_nepali	google_ne_lr_2018	candidate_latin		google_phones=aaj . aaj
ilam	ilam	i . l aa m		spoken_nepali	google_ne_lr_2018	candidate_latin		google_phones=i . l aa m
illegal	illegal	i . l i . g ax l		spoken_nepali	google_ne_lr_2018	candidate_latin		google_phones=i . l i . g ax l
illinois	illinois	i . l i . n oj s		spoken_nepali	google_ne_lr_2018	candidate_latin		google_phones=i . l i . n oj s
illumination	illumination	i . l y u . m i . n e . s ax n		spoken_nepali	google_ne_lr_2018	candidate_latin		google_phones=i . l y u . m i . n e . s ax n
illustration	illustration	i . l ax s . tx r e . s ax n		spoken_nepali	google_ne_lr_2018	candidate_latin		google_phones=i . l ax s . tt r e . s ax n
illustrator	illustrator	i . l ax s . tx r e . tx ax r		spoken_nepali	google_ne_lr_2018	candidate_latin		google_phones=i . l ax s . tt r e . tt ax r
ilott	ilott	aaj . l o tx		spoken_nepali	google_ne_lr_2018	candidate_latin		google_phones=aaj . l o tt
ilyn	ilyn	i . l i n		spoken_nepali	google_ne_lr_2018	candidate_latin		google_phones=i . l i n
imac	imac	aaj . m y aa k		spoken_nepali	google_ne_lr_2018	candidate_latin		google_phones=aaj . m y aa k
image	image	i . m e dz		spoken_nepali	google_ne_lr_2018	candidate_latin		google_phones=i . m e jh
images	images	i . m e . dz e s		spoken_nepali	google_ne_lr_2018	candidate_latin		google_phones=i . m e . jh e s
imagine	imagine	i . m y aa . dz i n		spoken_nepali	google_ne_lr_2018	candidate_latin		google_phones=i . m y aa . jh i n
imino	imino	i . m i . n o		spoken_nepali	google_ne_lr_2018	candidate_latin		google_phones=i . m i . n o
immortal	immortal	i m . m o r . tx ax l		spoken_nepali	google_ne_lr_2018	candidate_latin		google_phones=i m . m o r . tt ax l
immune	immune	i . m y u n		spoken_nepali	google_ne_lr_2018	candidate_latin		google_phones=i . m y u n
immunization	immunization	i m . m y u . n aaj . dz e . s ax n		spoken_nepali	google_ne_lr_2018	candidate_latin		google_phones=i m . m y u . n aaj . jh e . s ax n
imperative	imperative	i m . p e . r e . tx i bh		spoken_nepali	google_ne_lr_2018	candidate_latin		google_phones=i m . p e . r e . tt i bh
implicit	implicit	i m . p l i . s i tx		spoken_nepali	google_ne_lr_2018	candidate_latin		google_phones=i m . p l i . s i tt
import	import	i m . p o r tx		spoken_nepali	google_ne_lr_2018	candidate_latin		google_phones=i m . p o r tt
improvement	improvement	i m . p r u bh . m e n tx		spoken_nepali	google_ne_lr_2018	candidate_latin		google_phones=i m . p r u bh . m e n tt
impulse	impulse	i m . p ax l s		spoken_nepali	google_ne_lr_2018	candidate_latin		google_phones=i m . p ax l s
imputed	imputed	i m p . p y u . tx e dx		spoken_nepali	google_ne_lr_2018	candidate_latin		google_phones=i m p . p y u . tt e dd
in	in	i n		spoken_nepali	google_ne_lr_2018	candidate_latin		google_phones=i n
inbox	inbox	i n . b ax k s		spoken_nepali	google_ne_lr_2018	candidate_latin		google_phones=i n . b ax k s
incense	incense	i n . s e n s		spoken_nepali	google_ne_lr_2018	candidate_latin		google_phones=i n . s e n s
incidence	incidence	i n . s i . dx e n s		spoken_nepali	google_ne_lr_2018	candidate_latin		google_phones=i n . s i . dd e n s
income	income	i n . k ax m		spoken_nepali	google_ne_lr_2018	candidate_latin		google_phones=i n . k ax m
incorporated	incorporated	i n . k ax r . p o . r e . tx e dx		spoken_nepali	google_ne_lr_2018	candidate_latin		google_phones=i n . k ax r . p o . r e . tt e dd
independent	independent	i n . dx i . p e n . dx e n tx		spoken_nepali	google_ne_lr_2018	candidate_latin		google_phones=i n . dd i . p e n . dd e n tt
indeterminate	indeterminate	i n . dx i . tx ax r . m i . n e tx		spoken_nepali	google_ne_lr_2018	candidate_latin		google_phones=i n . dd i . tt ax r . m i . n e tt
index	index	i n . dx e k s		spoken_nepali	google_ne_lr_2018	candidate_latin		google_phones=i n . dd e k s
india	india	i n . dx i . y aa		spoken_nepali	google_ne_lr_2018	candidate_latin		google_phones=i n . dd i . y aa
indian	indian	i n . dx i . y ax n		spoken_nepali	google_ne_lr_2018	candidate_latin		google_phones=i n . dd i . y ax n
indication	indication	i n . d i . k e . s ax n		spoken_nepali	google_ne_lr_2018	candidate_latin		google_phones=i n . d i . k e . s ax n
indies	indies	i n . dx i dz		spoken_nepali	google_ne_lr_2018	candidate_latin		google_phones=i n . dd i jh
indira	indira	i n . d i . r aa		spoken_nepali	google_ne_lr_2018	candidate_latin		google_phones=i n . d i . r aa
indirect	indirect	i n . d aaj . r e k tx		spoken_nepali	google_ne_lr_2018	candidate_latin		google_phones=i n . d aaj . r e k tt
indoor	indoor	i n . dx o r		spoken_nepali	google_ne_lr_2018	candidate_latin		google_phones=i n . dd o r
indra	indra	i n . d r ax		spoken_nepali	google_ne_lr_2018	candidate_latin		google_phones=i n . d r ax
indrajeet	indrajeet	i n . d r ax . dz i t		spoken_nepali	google_ne_lr_2018	candidate_latin		google_phones=i n . d r ax . jh i t
indrajit	indrajit	i n . d r ax . dz i t		spoken_nepali	google_ne_lr_2018	candidate_latin		google_phones=i n . d r ax . jh i t
indrapal	indrapal	i n . d r ax . p aa l		spoken_nepali	google_ne_lr_2018	candidate_latin		google_phones=i n . d r ax . p aa l
inductance	inductance	i n . dx ax k . t e n s		spoken_nepali	google_ne_lr_2018	candidate_latin		google_phones=i n . dd ax k . t e n s
induction	induction	i n . dx ax k . s ax n		spoken_nepali	google_ne_lr_2018	candidate_latin		google_phones=i n . dd ax k . s ax n
industrial	industrial	i n . dh ax s . tx r i . y ax l		spoken_nepali	google_ne_lr_2018	candidate_latin		google_phones=i n . dh ax s . tt r i . y ax l
industrialisation	industrialisation	i n . dx ax s . tx r i . y ax . l aaj . dz e . s ax n		spoken_nepali	google_ne_lr_2018	candidate_latin		google_phones=i n . dd ax s . tt r i . y ax . l aaj . jh e . s ax n
industries	industries	i n . dx ax s . tx r i dz		spoken_nepali	google_ne_lr_2018	candidate_latin		google_phones=i n . dd ax s . tt r i jh
inert	inert	i . n ax r tx		spoken_nepali	google_ne_lr_2018	candidate_latin		google_phones=i . n ax r tt
infection	infection	i n . ph e k . s ax n		spoken_nepali	google_ne_lr_2018	candidate_latin		google_phones=i n . ph e k . s ax n
inference	inference	i n . ph ax . r e n s		spoken_nepali	google_ne_lr_2018	candidate_latin		google_phones=i n . ph ax . r e n s
inferior	inferior	i n . ph e . r i . y ax r		spoken_nepali	google_ne_lr_2018	candidate_latin		google_phones=i n . ph e . r i . y ax r
infest	infest	i n . ph e s tx		spoken_nepali	google_ne_lr_2018	candidate_latin		google_phones=i n . ph e s tt
infinite	infinite	i n . ph aaj . n aaj tx		spoken_nepali	google_ne_lr_2018	candidate_latin		google_phones=i n . ph aaj . n aaj tt
info	info	i n . ph o		spoken_nepali	google_ne_lr_2018	candidate_latin		google_phones=i n . ph o
informal	informal	i n . ph ax r . m ax l		spoken_nepali	google_ne_lr_2018	candidate_latin		google_phones=i n . ph ax r . m ax l
informatics	informatics	i n . ph o r . m e . tx i k s		spoken_nepali	google_ne_lr_2018	candidate_latin		google_phones=i n . ph o r . m e . tt i k s
information	information	i n . ph ax r . m e . s ax n		spoken_nepali	google_ne_lr_2018	candidate_latin		google_phones=i n . ph ax r . m e . s ax n
infrasound	infrasound	i n . ph r aa . s aaw n dx		spoken_nepali	google_ne_lr_2018	candidate_latin		google_phones=i n . ph r aa . s aaw n dd
infrastructure	infrastructure	i n . ph r aa . s tx r ax k . ts ax r		spoken_nepali	google_ne_lr_2018	candidate_latin		google_phones=i n . ph r aa . s tt r ax k . ts ax r
ingalls	ingalls	i ng . g ax l s		spoken_nepali	google_ne_lr_2018	candidate_latin		google_phones=i ng . g ax l s
ingram	ingram	i n . g r aa m		spoken_nepali	google_ne_lr_2018	candidate_latin		google_phones=i n . g r aa m
ingredion	ingredion	i n . g r e . dx i . y ax n		spoken_nepali	google_ne_lr_2018	candidate_latin		google_phones=i n . g r e . dd i . y ax n
injection	injection	i n . dz e k . s ax n		spoken_nepali	google_ne_lr_2018	candidate_latin		google_phones=i n . jh e k . s ax n
innate	innate	i . n e tx		spoken_nepali	google_ne_lr_2018	candidate_latin		google_phones=i . n e tt
inorganic	inorganic	i n . o r . g y aa . n i k		spoken_nepali	google_ne_lr_2018	candidate_latin		google_phones=i n . o r . g y aa . n i k
ins	ins	i n s		spoken_nepali	google_ne_lr_2018	candidate_latin		google_phones=i n s
insaaf	insaaf	i n . s aa ph		spoken_nepali	google_ne_lr_2018	candidate_latin		google_phones=i n . s aa ph
insecticide	insecticide	i n . s e k . tx i . ts aaj dx		spoken_nepali	google_ne_lr_2018	candidate_latin		google_phones=i n . s e k . tt i . ts aaj dd
insemination	insemination	i n . s e . m i . n e . s ax n		spoken_nepali	google_ne_lr_2018	candidate_latin		google_phones=i n . s e . m i . n e . s ax n
insense	insense	i n . s e n s		spoken_nepali	google_ne_lr_2018	candidate_latin		google_phones=i n . s e n s
insight	insight	i n . s aaj tx		spoken_nepali	google_ne_lr_2018	candidate_latin		google_phones=i n . s aaj tt
inspiron	inspiron	i n s . p aaj . r ax n		spoken_nepali	google_ne_lr_2018	candidate_latin		google_phones=i n s . p aaj . r ax n
instinct	instinct	i n s . tx i ng k tx		spoken_nepali	google_ne_lr_2018	candidate_latin		google_phones=i n s . tt i ng k tt
institute	institute	i n s . tx i . ts y u tx		spoken_nepali	google_ne_lr_2018	candidate_latin		google_phones=i n s . tt i . ts y u tt
institution	institution	i n s . tx i . ts y u . s ax n		spoken_nepali	google_ne_lr_2018	candidate_latin		google_phones=i n s . tt i . ts y u . s ax n
institutions	institutions	i n s . tx i . ts y u . s ax n s		spoken_nepali	google_ne_lr_2018	candidate_latin		google_phones=i n s . tt i . ts y u . s ax n s
instruction	instruction	i n s . tx r ax k . s ax n		spoken_nepali	google_ne_lr_2018	candidate_latin		google_phones=i n s . tt r ax k . s ax n
instrument	instrument	i n s . tx r u . m e n tx		spoken_nepali	google_ne_lr_2018	candidate_latin		google_phones=i n s . tt r u . m e n tt
instruments	instruments	i n s . tx r u . m e n tx s		spoken_nepali	google_ne_lr_2018	candidate_latin		google_phones=i n s . tt r u . m e n tt s
insult	insult	i n . s ax l tx		spoken_nepali	google_ne_lr_2018	candidate_latin		google_phones=i n . s ax l tt
insurance	insurance	i n . s y u . r e n s		spoken_nepali	google_ne_lr_2018	candidate_latin		google_phones=i n . s y u . r e n s
integers	integers	i n . tx i . dz ax r s		spoken_nepali	google_ne_lr_2018	candidate_latin		google_phones=i n . tt i . jh ax r s
integration	integration	i n . tx i . g r e . s ax n		spoken_nepali	google_ne_lr_2018	candidate_latin		google_phones=i n . tt i . g r e . s ax n
integrys	integrys	i n . tx i . g r e dz		spoken_nepali	google_ne_lr_2018	candidate_latin		google_phones=i n . tt i . g r e jh
intel	intel	i n . tx e l		spoken_nepali	google_ne_lr_2018	candidate_latin		google_phones=i n . tt e l
intelligence	intelligence	i n . tx e . l i . dz e n s		spoken_nepali	google_ne_lr_2018	candidate_latin		google_phones=i n . tt e . l i . jh e n s
interaction	interaction	i n . tx ax . r y aa k . s ax n		spoken_nepali	google_ne_lr_2018	candidate_latin		google_phones=i n . tt ax . r y aa k . s ax n
interactive	interactive	i n . tx ax r . r y aa k . tx i bh		spoken_nepali	google_ne_lr_2018	candidate_latin		google_phones=i n . tt ax r . r y aa k . tt i bh
interest	interest	i n . tx r e s tx		spoken_nepali	google_ne_lr_2018	candidate_latin		google_phones=i n . tt r e s tt
interior	interior	i n . tx e . r i . y ax r		spoken_nepali	google_ne_lr_2018	candidate_latin		google_phones=i n . tt e . r i . y ax r
internal	internal	i n . tx ax r . n ax l		spoken_nepali	google_ne_lr_2018	candidate_latin		google_phones=i n . tt ax r . n ax l
international	international	i n . tx ax r . n e s . n ax l		spoken_nepali	google_ne_lr_2018	candidate_latin		google_phones=i n . tt ax r . n e s . n ax l
internet	internet	i n . tx ax r . n e tx		spoken_nepali	google_ne_lr_2018	candidate_latin		google_phones=i n . tt ax r . n e tt
internship	internship	i n . tx ax r n . s i p		spoken_nepali	google_ne_lr_2018	candidate_latin		google_phones=i n . tt ax r n . s i p
interpersonal	interpersonal	i n . tx ax r . p ax r . s ax . n ax l		spoken_nepali	google_ne_lr_2018	candidate_latin		google_phones=i n . tt ax r . p ax r . s ax . n ax l
interpublic	interpublic	i n . tx ax r . p ax b . l i k		spoken_nepali	google_ne_lr_2018	candidate_latin		google_phones=i n . tt ax r . p ax b . l i k
intersection	intersection	i n . tx ax r . s e k . s ax n		spoken_nepali	google_ne_lr_2018	candidate_latin		google_phones=i n . tt ax r . s e k . s ax n
intertropical	intertropical	i n . tx ax r . tx r o . p i . k ax l		spoken_nepali	google_ne_lr_2018	candidate_latin		google_phones=i n . tt ax r . tt r o . p i . k ax l
interval	interval	i n . tx ax r . bh ax l		spoken_nepali	google_ne_lr_2018	candidate_latin		google_phones=i n . tt ax r . bh ax l
interventionism	interventionism	i n . tx ax r . bh e n . s ax . n i . dz ax m		spoken_nepali	google_ne_lr_2018	candidate_latin		google_phones=i n . tt ax r . bh e n . s ax . n i . jh ax m
intervertebral	intervertebral	i n . tx ax r . bh ax r . tx i . b r ax l		spoken_nepali	google_ne_lr_2018	candidate_latin		google_phones=i n . tt ax r . bh ax r . tt i . b r ax l
intestinal	intestinal	i n . tx e s . tx aaj . n ax l		spoken_nepali	google_ne_lr_2018	candidate_latin		google_phones=i n . tt e s . tt aaj . n ax l
intolerance	intolerance	i n . tx o . l ax . r e n s		spoken_nepali	google_ne_lr_2018	candidate_latin		google_phones=i n . tt o . l ax . r e n s
intracellular	intracellular	i n . tx r aa . s e . l y u . l ax r		spoken_nepali	google_ne_lr_2018	candidate_latin		google_phones=i n . tt r aa . s e . l y u . l ax r
intramuscular	intramuscular	i n tx . tx r aa . m ax s . k u . l ax r		spoken_nepali	google_ne_lr_2018	candidate_latin		google_phones=i n tt . tt r aa . m ax s . k u . l ax r
introduction	introduction	i n . tx r o . dx ax k . s ax n		spoken_nepali	google_ne_lr_2018	candidate_latin		google_phones=i n . tt r o . dd ax k . s ax n
introversion	introversion	i n . tx r o . bh ax r . s ax n		spoken_nepali	google_ne_lr_2018	candidate_latin		google_phones=i n . tt r o . bh ax r . s ax n
invasion	invasion	i n . bh e . dz ax n		spoken_nepali	google_ne_lr_2018	candidate_latin		google_phones=i n . bh e . jh ax n
inverse	inverse	i n . bh ax r s		spoken_nepali	google_ne_lr_2018	candidate_latin		google_phones=i n . bh ax r s
inversive	inversive	i n . bh ax r . s i b		spoken_nepali	google_ne_lr_2018	candidate_latin		google_phones=i n . bh ax r . s i b
inverter	inverter	i n . bh ax r . tx ax r		spoken_nepali	google_ne_lr_2018	candidate_latin		google_phones=i n . bh ax r . tt ax r
investigation	investigation	i n . bh e s . tx i . g e . s ax n		spoken_nepali	google_ne_lr_2018	candidate_latin		google_phones=i n . bh e s . tt i . g e . s ax n
investment	investment	i n . bh e s tx . m e n tx		spoken_nepali	google_ne_lr_2018	candidate_latin		google_phones=i n . bh e s tt . m e n tt
investments	investments	i n . bh e s tx . m e n tx s		spoken_nepali	google_ne_lr_2018	candidate_latin		google_phones=i n . bh e s tt . m e n tt s
investor	investor	i n . bh e s . tx ax r		spoken_nepali	google_ne_lr_2018	candidate_latin		google_phones=i n . bh e s . tt ax r
invigilator	invigilator	i n . bh i . dz i . l e . tx ax r		spoken_nepali	google_ne_lr_2018	candidate_latin		google_phones=i n . bh i . jh i . l e . tt ax r
invocation	invocation	i n . bh o . k e . s ax n		spoken_nepali	google_ne_lr_2018	candidate_latin		google_phones=i n . bh o . k e . s ax n
iodine	iodine	aa . y o . dx i n		spoken_nepali	google_ne_lr_2018	candidate_latin		google_phones=aa . y o . dd i n
iodoform	iodoform	aaj . dx o . ph ax r m		spoken_nepali	google_ne_lr_2018	candidate_latin		google_phones=aaj . dd o . ph ax r m
ionic	ionic	aa . y o . n i k		spoken_nepali	google_ne_lr_2018	candidate_latin		google_phones=aa . y o . n i k
ionizing	ionizing	aa . y o . n aaj . dz i ng		spoken_nepali	google_ne_lr_2018	candidate_latin		google_phones=aa . y o . n aaj . jh i ng
ios	ios	aaj . o . e s		spoken_nepali	google_ne_lr_2018	candidate_latin		google_phones=aaj . o . e s
ipad	ipad	aaj . p y aa dx		spoken_nepali	google_ne_lr_2018	candidate_latin		google_phones=aaj . p y aa dd
iphone	iphone	aaj . ph o n		spoken_nepali	google_ne_lr_2018	candidate_latin		google_phones=aaj . ph o n
iphoto	iphoto	i . ph o . tx o		spoken_nepali	google_ne_lr_2018	candidate_latin		google_phones=i . ph o . tt o
iqbal	iqbal	i k . b aa l		spoken_nepali	google_ne_lr_2018	candidate_latin		google_phones=i k . b aa l
iquique	iquique	i . k i . k y aa		spoken_nepali	google_ne_lr_2018	candidate_latin		google_phones=i . k i . k y aa
iraj	iraj	i . r aa dz		spoken_nepali	google_ne_lr_2018	candidate_latin		google_phones=i . r aa jh
iron	iron	aaj . r ax n		spoken_nepali	google_ne_lr_2018	candidate_latin		google_phones=aaj . r ax n
ironic	ironic	aaj . r o . n i k		spoken_nepali	google_ne_lr_2018	candidate_latin		google_phones=aaj . r o . n i k
irritation	irritation	i . r i . tx e . s ax n		spoken_nepali	google_ne_lr_2018	candidate_latin		google_phones=i . r i . tt e . s ax n
isenberg	isenberg	i . s e n . b ax r g		spoken_nepali	google_ne_lr_2018	candidate_latin		google_phones=i . s e n . b ax r g
ishant	ishant	i . s aa n t		spoken_nepali	google_ne_lr_2018	candidate_latin		google_phones=i . s aa n t
ishita	ishita	i . s i . t aa		spoken_nepali	google_ne_lr_2018	candidate_latin		google_phones=i . s i . t aa
island	island	aaj . l y aa n dx		spoken_nepali	google_ne_lr_2018	candidate_latin		google_phones=aaj . l y aa n dd
iso	iso	aaj . e s . o		spoken_nepali	google_ne_lr_2018	candidate_latin		google_phones=aaj . e s . o
isomerization	isomerization	aaj . s o . m ax . r aaj . dz e . s ax n		spoken_nepali	google_ne_lr_2018	candidate_latin		google_phones=aaj . s o . m ax . r aaj . jh e . s ax n
isothermal	isothermal	aaj . s o . th ax r . m ax l		spoken_nepali	google_ne_lr_2018	candidate_latin		google_phones=aaj . s o . th ax r . m ax l
israelis	israelis	i dz . r aaj . l i dz		spoken_nepali	google_ne_lr_2018	candidate_latin		google_phones=i jh . r aaj . l i jh
issued	issued	i . s y u dx		spoken_nepali	google_ne_lr_2018	candidate_latin		google_phones=i . s y u dd
it	it	i tx		spoken_nepali	google_ne_lr_2018	candidate_latin		google_phones=i tt
itunes	itunes	aaj . tx y u n s		spoken_nepali	google_ne_lr_2018	candidate_latin		google_phones=aaj . tt y u n s
ivanova	ivanova	i . bh aa . n o . bh aa		spoken_nepali	google_ne_lr_2018	candidate_latin		google_phones=i . bh aa . n o . bh aa
j	j	dz e		spoken_nepali	google_ne_lr_2018	candidate_latin		google_phones=jh e
jabil	jabil	dz aa . b i l		spoken_nepali	google_ne_lr_2018	candidate_latin		google_phones=jh aa . b i l
jack	jack	dz y aa k		spoken_nepali	google_ne_lr_2018	candidate_latin		google_phones=jh y aa k
jackfruit	jackfruit	dz y aa k . ph r u tx		spoken_nepali	google_ne_lr_2018	candidate_latin		google_phones=jh y aa k . ph r u tt
jacobs	jacobs	dz y aa . k ax b s		spoken_nepali	google_ne_lr_2018	candidate_latin		google_phones=jh y aa . k ax b s
jagadam	jagadam	dz ax . g ax . dx ax m		spoken_nepali	google_ne_lr_2018	candidate_latin		google_phones=jh ax . g ax . dd ax m
jagdish	jagdish	dz ax g . d i s		spoken_nepali	google_ne_lr_2018	candidate_latin		google_phones=jh ax g . d i s
jagjit	jagjit	dz ax g . dz i t		spoken_nepali	google_ne_lr_2018	candidate_latin		google_phones=jh ax g . jh i t
jain	jain	dz axj n		spoken_nepali	google_ne_lr_2018	candidate_latin		google_phones=jh axj n
jal	jal	dz ax l		spoken_nepali	google_ne_lr_2018	candidate_latin		google_phones=jh ax l
jalota	jalota	dz ax . l o . tx aa		spoken_nepali	google_ne_lr_2018	candidate_latin		google_phones=jh ax . l o . tt aa
james	james	dz e m s		spoken_nepali	google_ne_lr_2018	candidate_latin		google_phones=jh e m s
janai	janai	dz ax . n axj		spoken_nepali	google_ne_lr_2018	candidate_latin		google_phones=jh ax . n axj
janata	janata	dz ax . n ax . t aa		spoken_nepali	google_ne_lr_2018	candidate_latin		google_phones=jh ax . n ax . t aa
jang	jang	dz ax ng		spoken_nepali	google_ne_lr_2018	candidate_latin		google_phones=jh ax ng
janice	janice	dz y aa . n i s		spoken_nepali	google_ne_lr_2018	candidate_latin		google_phones=jh y aa . n i s
japan	japan	dz aa . p aa n		spoken_nepali	google_ne_lr_2018	candidate_latin		google_phones=jh aa . p aa n
japanese	japanese	dz aa . p ax . n i dz		spoken_nepali	google_ne_lr_2018	candidate_latin		google_phones=jh aa . p ax . n i jh
jarden	jarden	dz aa r . dx e n		spoken_nepali	google_ne_lr_2018	candidate_latin		google_phones=jh aa r . dd e n
jason	jason	dz y aa . s ax n		spoken_nepali	google_ne_lr_2018	candidate_latin		google_phones=jh y aa . s ax n
jatin	jatin	dz ax . t i n		spoken_nepali	google_ne_lr_2018	candidate_latin		google_phones=jh ax . t i n
java	java	dz aa . bh aa		spoken_nepali	google_ne_lr_2018	candidate_latin		google_phones=jh aa . bh aa
jaw	jaw	dz ax		spoken_nepali	google_ne_lr_2018	candidate_latin		google_phones=jh ax
jayanta	jayanta	dz ax . y ax n . t ax		spoken_nepali	google_ne_lr_2018	candidate_latin		google_phones=jh ax . y ax n . t ax
jaycees	jaycees	dz e . s i s		spoken_nepali	google_ne_lr_2018	candidate_latin		google_phones=jh e . s i s
jean	jean	dz i n		spoken_nepali	google_ne_lr_2018	candidate_latin		google_phones=jh i n
jeddah	jeddah	dz e . d aa h		spoken_nepali	google_ne_lr_2018	candidate_latin		google_phones=jh e . d aa h
jeevan	jeevan	dz i . w ax n		spoken_nepali	google_ne_lr_2018	candidate_latin		google_phones=jh i . w ax n
jeffries	jeffries	dz e ph . r i dz		spoken_nepali	google_ne_lr_2018	candidate_latin		google_phones=jh e ph . r i jh
jensenackles	jensenackles	dz e n . s e . n aa . k ax l s		spoken_nepali	google_ne_lr_2018	candidate_latin		google_phones=jh e n . s e . n aa . k ax l s
jess	jess	dz e s		spoken_nepali	google_ne_lr_2018	candidate_latin		google_phones=jh e s
jesus	jesus	dz i . s ax s		spoken_nepali	google_ne_lr_2018	candidate_latin		google_phones=jh i . s ax s
jha	jha	dzh aa		spoken_nepali	google_ne_lr_2018	candidate_latin		google_phones=jhh aa
jiah	jiah	dz i . y aa h		spoken_nepali	google_ne_lr_2018	candidate_latin		google_phones=jh i . y aa h
jigsaw	jigsaw	dz i g . s ax		spoken_nepali	google_ne_lr_2018	candidate_latin		google_phones=jh i g . s ax
jim	jim	dz i m		spoken_nepali	google_ne_lr_2018	candidate_latin		google_phones=jh i m
jingle	jingle	dz i ng . g ax l		spoken_nepali	google_ne_lr_2018	candidate_latin		google_phones=jh i ng . g ax l
jitan	jitan	dz i . t ax n		spoken_nepali	google_ne_lr_2018	candidate_latin		google_phones=jh i . t ax n
jitensha	jitensha	dz i . t e n . s aa		spoken_nepali	google_ne_lr_2018	candidate_latin		google_phones=jh i . t e n . s aa
jivaka	jivaka	dz i . b ax . k ax		spoken_nepali	google_ne_lr_2018	candidate_latin		google_phones=jh i . b ax . k ax
jiya	jiya	dz i . y aa		spoken_nepali	google_ne_lr_2018	candidate_latin		google_phones=jh i . y aa
jm	jm	dz e . e m		spoken_nepali	google_ne_lr_2018	candidate_latin		google_phones=jh e . e m
job	job	dz ax b		spoken_nepali	google_ne_lr_2018	candidate_latin		google_phones=jh ax b
jobs	jobs	dz ax b s		spoken_nepali	google_ne_lr_2018	candidate_latin		google_phones=jh ax b s
jogging	jogging	dz ax . g i ng		spoken_nepali	google_ne_lr_2018	candidate_latin		google_phones=jh ax . g i ng
john	john	dz o n		spoken_nepali	google_ne_lr_2018	candidate_latin		google_phones=jh o n
johns	johns	dz o n s		spoken_nepali	google_ne_lr_2018	candidate_latin		google_phones=jh o n s
johnson	johnson	dz o n . s ax n		spoken_nepali	google_ne_lr_2018	candidate_latin		google_phones=jh o n . s ax n
joint	joint	dz oj n tx		spoken_nepali	google_ne_lr_2018	candidate_latin		google_phones=jh oj n tt
jon	jon	dz o n		spoken_nepali	google_ne_lr_2018	candidate_latin		google_phones=jh o n
jones	jones	dz o n s		spoken_nepali	google_ne_lr_2018	candidate_latin		google_phones=jh o n s
jordan	jordan	dz o r . dx ax n		spoken_nepali	google_ne_lr_2018	candidate_latin		google_phones=jh o r . dd ax n
joseph	joseph	dz o . s e ph		spoken_nepali	google_ne_lr_2018	candidate_latin		google_phones=jh o . s e ph
journal	journal	dz ax r . n ax l		spoken_nepali	google_ne_lr_2018	candidate_latin		google_phones=jh ax r . n ax l
joy	joy	dz oj		spoken_nepali	google_ne_lr_2018	candidate_latin		google_phones=jh oj
jpmorgan	jpmorgan	dz e . p i . m o r . g ax n		spoken_nepali	google_ne_lr_2018	candidate_latin		google_phones=jh e . p i . m o r . g ax n
juan	juan	dz u . w aa n		spoken_nepali	google_ne_lr_2018	candidate_latin		google_phones=jh u . w aa n
jubin	jubin	dz u . b i n		spoken_nepali	google_ne_lr_2018	candidate_latin		google_phones=jh u . b i n
jude	jude	dz y u dx		spoken_nepali	google_ne_lr_2018	candidate_latin		google_phones=jh y u dd
judge	judge	dz ax dz		spoken_nepali	google_ne_lr_2018	candidate_latin		google_phones=jh ax jh
judgment	judgment	dz ax dz . m e n tx		spoken_nepali	google_ne_lr_2018	candidate_latin		google_phones=jh ax jh . m e n tt
juice	juice	dz u s		spoken_nepali	google_ne_lr_2018	candidate_latin		google_phones=jh u s
juicer	juicer	dz u . s ax r		spoken_nepali	google_ne_lr_2018	candidate_latin		google_phones=jh u . s ax r
julian	julian	dz u . l i . y ax n		spoken_nepali	google_ne_lr_2018	candidate_latin		google_phones=jh u . l i . y ax n
jump	jump	dz ax m p		spoken_nepali	google_ne_lr_2018	candidate_latin		google_phones=jh ax m p
jumper	jumper	dz ax m . p ax r		spoken_nepali	google_ne_lr_2018	candidate_latin		google_phones=jh ax m . p ax r
jumpstart	jumpstart	dz ax m p . s tx aa r tx		spoken_nepali	google_ne_lr_2018	candidate_latin		google_phones=jh ax m p . s tt aa r tt
jung	jung	dz ax ng		spoken_nepali	google_ne_lr_2018	candidate_latin		google_phones=jh ax ng
jungle	jungle	dz ax ng . g ax l		spoken_nepali	google_ne_lr_2018	candidate_latin		google_phones=jh ax ng . g ax l
junglefowl	junglefowl	dz ax ng . g ax l . ph aaw l		spoken_nepali	google_ne_lr_2018	candidate_latin		google_phones=jh ax ng . g ax l . ph aaw l
junk	junk	dz ax ng k		spoken_nepali	google_ne_lr_2018	candidate_latin		google_phones=jh ax ng k
justdial	justdial	dz ax s tx . d aaj l		spoken_nepali	google_ne_lr_2018	candidate_latin		google_phones=jh ax s tt . d aaj l
justice	justice	dz ax s . tx i s		spoken_nepali	google_ne_lr_2018	candidate_latin		google_phones=jh ax s . tt i s
justin	justin	dz ax s . tx i n		spoken_nepali	google_ne_lr_2018	candidate_latin		google_phones=jh ax s . tt i n
jute	jute	dz u tx		spoken_nepali	google_ne_lr_2018	candidate_latin		google_phones=jh u tt
k	k	k e		spoken_nepali	google_ne_lr_2018	candidate_latin		google_phones=k e
kaaba	kaaba	k aa . b aa		spoken_nepali	google_ne_lr_2018	candidate_latin		google_phones=k aa . b aa
kaal	kaal	k aa l		spoken_nepali	google_ne_lr_2018	candidate_latin		google_phones=k aa l
kabir	kabir	k ax . b i r		spoken_nepali	google_ne_lr_2018	candidate_latin		google_phones=k ax . b i r
kabita	kabita	k ax . b i . t aa		spoken_nepali	google_ne_lr_2018	candidate_latin		google_phones=k ax . b i . t aa
kadam	kadam	k ax . dx ax m		spoken_nepali	google_ne_lr_2018	candidate_latin		google_phones=k ax . dd ax m
kadyrov	kadyrov	k y aa . dx i . r o b		spoken_nepali	google_ne_lr_2018	candidate_latin		google_phones=k y aa . dd i . r o b
kahala	kahala	k ax . h ax . l aa		spoken_nepali	google_ne_lr_2018	candidate_latin		google_phones=k ax . h ax . l aa
kahin	kahin	k aa . h in		spoken_nepali	google_ne_lr_2018	candidate_latin		google_phones=k aa . h in
kailash	kailash	k axj . l aa s		spoken_nepali	google_ne_lr_2018	candidate_latin		google_phones=k axj . l aa s
kala	kala	k ax . l aa		spoken_nepali	google_ne_lr_2018	candidate_latin		google_phones=k ax . l aa
kalaiyan	kalaiyan	k ax . l axj . y ax n		spoken_nepali	google_ne_lr_2018	candidate_latin		google_phones=k ax . l axj . y ax n
kalash	kalash	k ax . l ax s		spoken_nepali	google_ne_lr_2018	candidate_latin		google_phones=k ax . l ax s
kalidas	kalidas	k aa . l i . d aa s		spoken_nepali	google_ne_lr_2018	candidate_latin		google_phones=k aa . l i . d aa s
kalpana	kalpana	k ax l . p ax . n aa		spoken_nepali	google_ne_lr_2018	candidate_latin		google_phones=k ax l . p ax . n aa
kamal	kamal	k ax . m ax l		spoken_nepali	google_ne_lr_2018	candidate_latin		google_phones=k ax . m ax l
kamalnayan	kamalnayan	k ax . m ax l . n ax . y ax n		spoken_nepali	google_ne_lr_2018	candidate_latin		google_phones=k ax . m ax l . n ax . y ax n
kamara	kamara	k ax . m ax . r aa		spoken_nepali	google_ne_lr_2018	candidate_latin		google_phones=k ax . m ax . r aa
kamariya	kamariya	k ax . m ax . r i . y aa		spoken_nepali	google_ne_lr_2018	candidate_latin		google_phones=k ax . m ax . r i . y aa
kamber	kamber	k y aa m . b ax r		spoken_nepali	google_ne_lr_2018	candidate_latin		google_phones=k y aa m . b ax r
kamil	kamil	k aa . m i l		spoken_nepali	google_ne_lr_2018	candidate_latin		google_phones=k aa . m i l
kanak	kanak	k ax . n ax k		spoken_nepali	google_ne_lr_2018	candidate_latin		google_phones=k ax . n ax k
kanchan	kanchan	k ax n . ts ax n		spoken_nepali	google_ne_lr_2018	candidate_latin		google_phones=k ax n . ts ax n
kand	kand	k aa n dx		spoken_nepali	google_ne_lr_2018	candidate_latin		google_phones=k aa n dd
kane	kane	k aa . n e		spoken_nepali	google_ne_lr_2018	candidate_latin		google_phones=k aa . n e
kanishka	kanishka	k ax . n i s . k ax		spoken_nepali	google_ne_lr_2018	candidate_latin		google_phones=k ax . n i s . k ax
kanjiroba	kanjiroba	k aa n . dz i . r o . b aa		spoken_nepali	google_ne_lr_2018	candidate_latin		google_phones=k aa n . jh i . r o . b aa
kankai	kankai	k ax n . k aaj		spoken_nepali	google_ne_lr_2018	candidate_latin		google_phones=k ax n . k aaj
kanpur	kanpur	k aa n . p u r		spoken_nepali	google_ne_lr_2018	candidate_latin		google_phones=k aa n . p u r
kansas	kansas	k y aa n . s ax s		spoken_nepali	google_ne_lr_2018	candidate_latin		google_phones=k y aa n . s ax s
kantha	kantha	k ax n . txh ax		spoken_nepali	google_ne_lr_2018	candidate_latin		google_phones=k ax n . tth ax
kantipur	kantipur	k aa n . t i . p u r		spoken_nepali	google_ne_lr_2018	candidate_latin		google_phones=k aa n . t i . p u r
kanudiya	kanudiya	k ax . n u . dx i . y aa		spoken_nepali	google_ne_lr_2018	candidate_latin		google_phones=k ax . n u . dd i . y aa
kanya	kanya	k ax n . n y aa		spoken_nepali	google_ne_lr_2018	candidate_latin		google_phones=k ax n . n y aa
kapil	kapil	k ax . p i l		spoken_nepali	google_ne_lr_2018	candidate_latin		google_phones=k ax . p i l
kapital	kapital	k aa . p i . tx ax l		spoken_nepali	google_ne_lr_2018	candidate_latin		google_phones=k aa . p i . tt ax l
kapoor	kapoor	k ax . p u r		spoken_nepali	google_ne_lr_2018	candidate_latin		google_phones=k ax . p u r
kapur	kapur	k ax . p u r		spoken_nepali	google_ne_lr_2018	candidate_latin		google_phones=k ax . p u r
karaage	karaage	k ax . r aa . g e		spoken_nepali	google_ne_lr_2018	candidate_latin		google_phones=k ax . r aa . g e
karagar	karagar	k aa . r aa . g aa r		spoken_nepali	google_ne_lr_2018	candidate_latin		google_phones=k aa . r aa . g aa r
karan	karan	k ax . r ax n		spoken_nepali	google_ne_lr_2018	candidate_latin		google_phones=k ax . r ax n
karanvir	karanvir	k ax . r ax n . b i r		spoken_nepali	google_ne_lr_2018	candidate_latin		google_phones=k ax . r ax n . b i r
kareena	kareena	k ax . r i . n aa		spoken_nepali	google_ne_lr_2018	candidate_latin		google_phones=k ax . r i . n aa
karenina	karenina	k aa . r e . n i . n aa		spoken_nepali	google_ne_lr_2018	candidate_latin		google_phones=k aa . r e . n i . n aa
karina	karina	k ax . r i . n aa		spoken_nepali	google_ne_lr_2018	candidate_latin		google_phones=k ax . r i . n aa
karkash	karkash	k ax r . k ax s		spoken_nepali	google_ne_lr_2018	candidate_latin		google_phones=k ax r . k ax s
karl	karl	k aa r l		spoken_nepali	google_ne_lr_2018	candidate_latin		google_phones=k aa r l
karma	karma	k ax r . m ax		spoken_nepali	google_ne_lr_2018	candidate_latin		google_phones=k ax r . m ax
karmakar	karmakar	k ax r . m ax . k aa r		spoken_nepali	google_ne_lr_2018	candidate_latin		google_phones=k ax r . m ax . k aa r
karn	karn	k ax r . n ax		spoken_nepali	google_ne_lr_2018	candidate_latin		google_phones=k ax r . nn ax
karna	karna	k ax r . n ax		spoken_nepali	google_ne_lr_2018	candidate_latin		google_phones=k ax r . nn ax
kashmir	kashmir	k ax s . m i r		spoken_nepali	google_ne_lr_2018	candidate_latin		google_phones=k ax s . m i r
kashyap	kashyap	k ax s . s y ax p		spoken_nepali	google_ne_lr_2018	candidate_latin		google_phones=k ax s . s y ax p
kat	kat	k y aa tx		spoken_nepali	google_ne_lr_2018	candidate_latin		google_phones=k y aa tt
kate	kate	k e tx		spoken_nepali	google_ne_lr_2018	candidate_latin		google_phones=k e tt
kattel	kattel	k ax tx . tx e l		spoken_nepali	google_ne_lr_2018	candidate_latin		google_phones=k ax tt . tt e l
kaul	kaul	k axw l		spoken_nepali	google_ne_lr_2018	candidate_latin		google_phones=k axw l
kaunas	kaunas	k aaw . n aa s		spoken_nepali	google_ne_lr_2018	candidate_latin		google_phones=k aaw . n aa s
kaur	kaur	k axw r		spoken_nepali	google_ne_lr_2018	candidate_latin		google_phones=k axw r
kazakhs	kazakhs	k ax . dz aa k s		spoken_nepali	google_ne_lr_2018	candidate_latin		google_phones=k ax . jh aa k s
kc	kc			spoken_nepali	google_ne_lr_2018	candidate_latin		google_phones=
ke	ke	k e		spoken_nepali	google_ne_lr_2018	candidate_latin		google_phones=k e
kebab	kebab	k ax . b aa b		spoken_nepali	google_ne_lr_2018	candidate_latin		google_phones=k ax . b aa b
kedah	kedah	k e . d aa . h ax		spoken_nepali	google_ne_lr_2018	candidate_latin		google_phones=k e . d aa . h ax
kedar	kedar	k e . d aa r		spoken_nepali	google_ne_lr_2018	candidate_latin		google_phones=k e . d aa r
kedarnath	kedarnath	k e . d aa r . n aa th		spoken_nepali	google_ne_lr_2018	candidate_latin		google_phones=k e . d aa r . n aa th
kedia	kedia	k e . d i . y aa		spoken_nepali	google_ne_lr_2018	candidate_latin		google_phones=k e . d i . y aa
keeper	keeper	k i . p ax r		spoken_nepali	google_ne_lr_2018	candidate_latin		google_phones=k i . p ax r
kellogg	kellogg	k e . l ax g		spoken_nepali	google_ne_lr_2018	candidate_latin		google_phones=k e . l ax g
ken	ken	k e n		spoken_nepali	google_ne_lr_2018	candidate_latin		google_phones=k e n
kendall	kendall	k e n . dx ax l		spoken_nepali	google_ne_lr_2018	candidate_latin		google_phones=k e n . dd ax l
kernel	kernel	k ax r . n e l		spoken_nepali	google_ne_lr_2018	candidate_latin		google_phones=k ax r . n e l
keyboard	keyboard	k i . b o r dx		spoken_nepali	google_ne_lr_2018	candidate_latin		google_phones=k i . b o r dd
keygen	keygen	k i . dz e n		spoken_nepali	google_ne_lr_2018	candidate_latin		google_phones=k i . jh e n
khadka	khadka	kh ax dx . k aa		spoken_nepali	google_ne_lr_2018	candidate_latin		google_phones=kh ax dd . k aa
khagaraj	khagaraj	kh ax . g ax . r aa dz		spoken_nepali	google_ne_lr_2018	candidate_latin		google_phones=kh ax . g ax . r aa jh
khagol	khagol	kh ax . g o l		spoken_nepali	google_ne_lr_2018	candidate_latin		google_phones=kh ax . g o l
khalangama	khalangama	kh ax . l ax ng . g aa . m aa		spoken_nepali	google_ne_lr_2018	candidate_latin		google_phones=kh ax . l ax ng . g aa . m aa
khan	khan	kh aa n		spoken_nepali	google_ne_lr_2018	candidate_latin		google_phones=kh aa n
khanal	khanal	kh ax . n aa l		spoken_nepali	google_ne_lr_2018	candidate_latin		google_phones=kh ax . n aa l
khanna	khanna	kh ax n . n aa		spoken_nepali	google_ne_lr_2018	candidate_latin		google_phones=kh ax n . n aa
kharel	kharel	kh ax . r e l		spoken_nepali	google_ne_lr_2018	candidate_latin		google_phones=kh ax . r e l
khedira	khedira	kh e . d i . r aa		spoken_nepali	google_ne_lr_2018	candidate_latin		google_phones=kh e . d i . r aa
khemka	khemka	kh e m . k aa		spoken_nepali	google_ne_lr_2018	candidate_latin		google_phones=kh e m . k aa
kher	kher	kh e r		spoken_nepali	google_ne_lr_2018	candidate_latin		google_phones=kh e r
khosla	khosla	kh o s . l aa		spoken_nepali	google_ne_lr_2018	candidate_latin		google_phones=kh o s . l aa
khumukcham	khumukcham	kh u . m u k . ts ax m		spoken_nepali	google_ne_lr_2018	candidate_latin		google_phones=kh u . m u k . ts ax m
khurana	khurana	kh u . r aa . n aa		spoken_nepali	google_ne_lr_2018	candidate_latin		google_phones=kh u . r aa . n aa
khurpa	khurpa	kh u r . p aa		spoken_nepali	google_ne_lr_2018	candidate_latin		google_phones=kh u r . p aa
khyal	khyal	kh ax . y aa l		spoken_nepali	google_ne_lr_2018	candidate_latin		google_phones=kh ax . y aa l
kia	kia	k i . y aa		spoken_nepali	google_ne_lr_2018	candidate_latin		google_phones=k i . y aa
kiara	kiara	k i . y aa . r aa		spoken_nepali	google_ne_lr_2018	candidate_latin		google_phones=k i . y aa . r aa
kidnapping	kidnapping	k i dx . n y aa . p i ng		spoken_nepali	google_ne_lr_2018	candidate_latin		google_phones=k i dd . n y aa . p i ng
kids	kids	k i dx s		spoken_nepali	google_ne_lr_2018	candidate_latin		google_phones=k i dd s
kiewit	kiewit	k i . w i tx		spoken_nepali	google_ne_lr_2018	candidate_latin		google_phones=k i . w i tt
kilimanjaro	kilimanjaro	k i . l i . m ax n . dz ax . r o		spoken_nepali	google_ne_lr_2018	candidate_latin		google_phones=k i . l i . m ax n . jh ax . r o
killer	killer	k i . l ax r		spoken_nepali	google_ne_lr_2018	candidate_latin		google_phones=k i . l ax r
kim	kim	k i m		spoken_nepali	google_ne_lr_2018	candidate_latin		google_phones=k i m
kimberley	kimberley	k i m . b ax r . l e		spoken_nepali	google_ne_lr_2018	candidate_latin		google_phones=k i m . b ax r . l e
kimberlyclark	kimberlyclark	k i m . b ax r . l i . k l aa r k		spoken_nepali	google_ne_lr_2018	candidate_latin		google_phones=k i m . b ax r . l i . k l aa r k
kinder	kinder	k i n . dx ax r		spoken_nepali	google_ne_lr_2018	candidate_latin		google_phones=k i n . dd ax r
kindergarten	kindergarten	k i n . dx ax r . g aa r . tx e n		spoken_nepali	google_ne_lr_2018	candidate_latin		google_phones=k i n . dd ax r . g aa r . tt e n
kindness	kindness	k aaj n dx . n e s		spoken_nepali	google_ne_lr_2018	candidate_latin		google_phones=k aaj n dd . n e s
kindred	kindred	k i n . dx r e dx		spoken_nepali	google_ne_lr_2018	candidate_latin		google_phones=k i n . dd r e dd
kinetics	kinetics	k aaj . n e . tx i k s		spoken_nepali	google_ne_lr_2018	candidate_latin		google_phones=k aaj . n e . tt i k s
king	king	k i ng		spoken_nepali	google_ne_lr_2018	candidate_latin		google_phones=k i ng
kingdom	kingdom	k i ng . dx ax m		spoken_nepali	google_ne_lr_2018	candidate_latin		google_phones=k i ng . dd ax m
kingdomnomics	kingdomnomics	k i ng . d ax m . n o . m i k s		spoken_nepali	google_ne_lr_2018	candidate_latin		google_phones=k i ng . d ax m . n o . m i k s
kings	kings	k i ng s		spoken_nepali	google_ne_lr_2018	candidate_latin		google_phones=k i ng s
kingsthings	kingsthings	k i ng s . th i ng s		spoken_nepali	google_ne_lr_2018	candidate_latin		google_phones=k i ng s . th i ng s
kiran	kiran	k i . r ax n		spoken_nepali	google_ne_lr_2018	candidate_latin		google_phones=k i . r ax n
kish	kish	k i s		spoken_nepali	google_ne_lr_2018	candidate_latin		google_phones=k i s
kishan	kishan	k i . s aa n		spoken_nepali	google_ne_lr_2018	candidate_latin		google_phones=k i . s aa n
kishore	kishore	k i . s o r		spoken_nepali	google_ne_lr_2018	candidate_latin		google_phones=k i . s o r
kiss	kiss	k i s		spoken_nepali	google_ne_lr_2018	candidate_latin		google_phones=k i s
kit	kit	k i tx		spoken_nepali	google_ne_lr_2018	candidate_latin		google_phones=k i tt
kitab	kitab	k i . t aa b		spoken_nepali	google_ne_lr_2018	candidate_latin		google_phones=k i . t aa b
kitchen	kitchen	k i . ts ax n		spoken_nepali	google_ne_lr_2018	candidate_latin		google_phones=k i . ts ax n
kitkat	kitkat	k i tx . k y aa tx		spoken_nepali	google_ne_lr_2018	candidate_latin		google_phones=k i tt . k y aa tt
kkr	kkr	k e . k e . aa r		spoken_nepali	google_ne_lr_2018	candidate_latin		google_phones=k e . k e . aa r
klose	klose	k l o dz		spoken_nepali	google_ne_lr_2018	candidate_latin		google_phones=k l o jh
knights	knights	n aaj tx s		spoken_nepali	google_ne_lr_2018	candidate_latin		google_phones=n aaj tt s
knock	knock	n ax k		spoken_nepali	google_ne_lr_2018	candidate_latin		google_phones=n ax k
know	know	n o		spoken_nepali	google_ne_lr_2018	candidate_latin		google_phones=n o
knowledge	knowledge	n ax . l e dz		spoken_nepali	google_ne_lr_2018	candidate_latin		google_phones=n ax . l e jh
kohls	kohls	k axw l s		spoken_nepali	google_ne_lr_2018	candidate_latin		google_phones=k axw l s
koirala	koirala	k oj . r aa . l aa		spoken_nepali	google_ne_lr_2018	candidate_latin		google_phones=k oj . r aa . l aa
kombat	kombat	k ax m . b y aa tx		spoken_nepali	google_ne_lr_2018	candidate_latin		google_phones=k ax m . b y aa tt
koyal	koyal	k o . y ax l		spoken_nepali	google_ne_lr_2018	candidate_latin		google_phones=k o . y ax l
koyelaanchal	koyelaanchal	k o . e . l aa n . ts ax l		spoken_nepali	google_ne_lr_2018	candidate_latin		google_phones=k o . e . l aa n . ts ax l
kraft	kraft	k r aa ph tx		spoken_nepali	google_ne_lr_2018	candidate_latin		google_phones=k r aa ph tt
kripasur	kripasur	k r i . p aa . s u r		spoken_nepali	google_ne_lr_2018	candidate_latin		google_phones=k r i . p aa . s u r
kris	kris	k r i s		spoken_nepali	google_ne_lr_2018	candidate_latin		google_phones=k r i s
krisha	krisha	k r i . s ax		spoken_nepali	google_ne_lr_2018	candidate_latin		google_phones=k r i . s ax
krishna	krishna	k r i s . n ax		spoken_nepali	google_ne_lr_2018	candidate_latin		google_phones=k r i s . nn ax
kristen	kristen	k r i s . tx ax n		spoken_nepali	google_ne_lr_2018	candidate_latin		google_phones=k r i s . tt ax n
kristina	kristina	k r i s . tx i . n aa		spoken_nepali	google_ne_lr_2018	candidate_latin		google_phones=k r i s . tt i . n aa
kroger	kroger	k r o . g ax r		spoken_nepali	google_ne_lr_2018	candidate_latin		google_phones=k r o . g ax r
kshatriya	kshatriya	tsh y ax t . t r i . y ax		spoken_nepali	google_ne_lr_2018	candidate_latin		google_phones=tsh y ax t . t r i . y ax
kublai	kublai	k u b . l aaj		spoken_nepali	google_ne_lr_2018	candidate_latin		google_phones=k u b . l aaj
kucch	kucch	k u tsh		spoken_nepali	google_ne_lr_2018	candidate_latin		google_phones=k u tsh
kumar	kumar	k u . m aa r		spoken_nepali	google_ne_lr_2018	candidate_latin		google_phones=k u . m aa r
kumbh	kumbh	k u m . bh ax		spoken_nepali	google_ne_lr_2018	candidate_latin		google_phones=k u m . bh ax
kumble	kumble	k u m . l e		spoken_nepali	google_ne_lr_2018	candidate_latin		google_phones=k u m . l e
kumeria	kumeria	k u . m e . r i . y aa		spoken_nepali	google_ne_lr_2018	candidate_latin		google_phones=k u . m e . r i . y aa
kumud	kumud	k u . m u d		spoken_nepali	google_ne_lr_2018	candidate_latin		google_phones=k u . m u d
kunal	kunal	k u . n aa l		spoken_nepali	google_ne_lr_2018	candidate_latin		google_phones=k u . n aa l
kund	kund	k u n dx		spoken_nepali	google_ne_lr_2018	candidate_latin		google_phones=k u n dd
kunming	kunming	k u n . m i ng		spoken_nepali	google_ne_lr_2018	candidate_latin		google_phones=k u n . m i ng
kunta	kunta	k u n . t aa		spoken_nepali	google_ne_lr_2018	candidate_latin		google_phones=k u n . t aa
kunwar	kunwar	k un . w ax r		spoken_nepali	google_ne_lr_2018	candidate_latin		google_phones=k un . w ax r
kurta	kurta	k u r . t aa		spoken_nepali	google_ne_lr_2018	candidate_latin		google_phones=k u r . t aa
kush	kush	k u s		spoken_nepali	google_ne_lr_2018	candidate_latin		google_phones=k u s
kushinagar	kushinagar	k u . s i . n ax . g ax r		spoken_nepali	google_ne_lr_2018	candidate_latin		google_phones=k u . s i . n ax . g ax r
kushwaha	kushwaha	k u s . w aa . h aa		spoken_nepali	google_ne_lr_2018	candidate_latin		google_phones=k u s . w aa . h aa
l	l	e l		spoken_nepali	google_ne_lr_2018	candidate_latin		google_phones=e l
la	la	e l . e		spoken_nepali	google_ne_lr_2018	candidate_latin		google_phones=e l . e
lab	lab	l y aa b		spoken_nepali	google_ne_lr_2018	candidate_latin		google_phones=l y aa b
label	label	l e . b ax l		spoken_nepali	google_ne_lr_2018	candidate_latin		google_phones=l e . b ax l
labor	labor	l e . b ax r		spoken_nepali	google_ne_lr_2018	candidate_latin		google_phones=l e . b ax r
laboratories	laboratories	l y aa . b o . r e . tx o . r i dz		spoken_nepali	google_ne_lr_2018	candidate_latin		google_phones=l y aa . b o . r e . tt o . r i jh
labour	labour	l e . b ax r		spoken_nepali	google_ne_lr_2018	candidate_latin		google_phones=l e . b ax r
lactation	lactation	l y aa k . tx e . s ax n		spoken_nepali	google_ne_lr_2018	candidate_latin		google_phones=l y aa k . tt e . s ax n
lactic	lactic	l y aa k . tx i k		spoken_nepali	google_ne_lr_2018	candidate_latin		google_phones=l y aa k . tt i k
lactobacillus	lactobacillus	l y aa k . tx o . b e . s i . l ax s		spoken_nepali	google_ne_lr_2018	candidate_latin		google_phones=l y aa k . tt o . b e . s i . l ax s
ladder	ladder	l y aa . dx ax r		spoken_nepali	google_ne_lr_2018	candidate_latin		google_phones=l y aa . dd ax r
lafayette	lafayette	l aa . ph i . y aa tx		spoken_nepali	google_ne_lr_2018	candidate_latin		google_phones=l aa . ph i . y aa tt
laga	laga	l aa . g aa		spoken_nepali	google_ne_lr_2018	candidate_latin		google_phones=l aa . g aa
lake	lake	l e k		spoken_nepali	google_ne_lr_2018	candidate_latin		google_phones=l e k
lakhan	lakhan	l ax . kh ax n		spoken_nepali	google_ne_lr_2018	candidate_latin		google_phones=l ax . kh ax n
lakos	lakos	l aa . k o s		spoken_nepali	google_ne_lr_2018	candidate_latin		google_phones=l aa . k o s
laksa	laksa	l ax k . s y ax		spoken_nepali	google_ne_lr_2018	candidate_latin		google_phones=l ax k . s y ax
lakshmana	lakshmana	l ax k s . m ax n		spoken_nepali	google_ne_lr_2018	candidate_latin		google_phones=l ax k s . m ax nn
lal	lal	l aa l		spoken_nepali	google_ne_lr_2018	candidate_latin		google_phones=l aa l
lama	lama	l aa . m aa		spoken_nepali	google_ne_lr_2018	candidate_latin		google_phones=l aa . m aa
lambert	lambert	l y aa m . b ax r tx		spoken_nepali	google_ne_lr_2018	candidate_latin		google_phones=l y aa m . b ax r tt
lamichhane	lamichhane	l aa . m i . tsh aa . n e		spoken_nepali	google_ne_lr_2018	candidate_latin		google_phones=l aa . m i . tsh aa . n e
lamina	lamina	l y aa . m i . n aa		spoken_nepali	google_ne_lr_2018	candidate_latin		google_phones=l y aa . m i . n aa
lamp	lamp	l y aa m p		spoken_nepali	google_ne_lr_2018	candidate_latin		google_phones=l y aa m p
lamsal	lamsal	l ax m . s aa l		spoken_nepali	google_ne_lr_2018	candidate_latin		google_phones=l ax m . s aa l
lancing	lancing	l y aa n . s i ng		spoken_nepali	google_ne_lr_2018	candidate_latin		google_phones=l y aa n . s i ng
land	land	l y aa n dx		spoken_nepali	google_ne_lr_2018	candidate_latin		google_phones=l y aa n dd
landfill	landfill	l y aa n dx . ph i l		spoken_nepali	google_ne_lr_2018	candidate_latin		google_phones=l y aa n dd . ph i l
landform	landform	l y aa n dx . ph ax r m		spoken_nepali	google_ne_lr_2018	candidate_latin		google_phones=l y aa n dd . ph ax r m
landscape	landscape	l y aa n dx . s k e p		spoken_nepali	google_ne_lr_2018	candidate_latin		google_phones=l y aa n dd . s k e p
language	language	l y aa ng . g w e dz		spoken_nepali	google_ne_lr_2018	candidate_latin		google_phones=l y aa ng . g w e jh
languages	languages	l y aa ng . g w e . dz e dz		spoken_nepali	google_ne_lr_2018	candidate_latin		google_phones=l y aa ng . g w e . jh e jh
languagetool	languagetool	l y aa n . gh w e dz . tx u l		spoken_nepali	google_ne_lr_2018	candidate_latin		google_phones=l y aa n . gh w e jh . tt u l
lanka	lanka	l ax ng . k aa		spoken_nepali	google_ne_lr_2018	candidate_latin		google_phones=l ax ng . k aa
lantern	lantern	l y aa n . tx ax r n		spoken_nepali	google_ne_lr_2018	candidate_latin		google_phones=l y aa n . tt ax r n
lap	lap	l y aa p		spoken_nepali	google_ne_lr_2018	candidate_latin		google_phones=l y aa p
laptop	laptop	l y aa p . tx ax p		spoken_nepali	google_ne_lr_2018	candidate_latin		google_phones=l y aa p . tt ax p
lara	lara	l aa . r aa		spoken_nepali	google_ne_lr_2018	candidate_latin		google_phones=l aa . r aa
large	large	l aa r dz		spoken_nepali	google_ne_lr_2018	candidate_latin		google_phones=l aa r jh
lark	lark	l aa r k		spoken_nepali	google_ne_lr_2018	candidate_latin		google_phones=l aa r k
las	las	l y aa s		spoken_nepali	google_ne_lr_2018	candidate_latin		google_phones=l y aa s
lasha	lasha	l aa . s aa		spoken_nepali	google_ne_lr_2018	candidate_latin		google_phones=l aa . s aa
lata	lata	l ax . t aa		spoken_nepali	google_ne_lr_2018	candidate_latin		google_phones=l ax . t aa
latent	latent	l y aa . tx e n tx		spoken_nepali	google_ne_lr_2018	candidate_latin		google_phones=l y aa . tt e n tt
lateral	lateral	l y aa . tx ax . r ax l		spoken_nepali	google_ne_lr_2018	candidate_latin		google_phones=l y aa . tt ax . r ax l
lattice	lattice	l y aa . tx i s		spoken_nepali	google_ne_lr_2018	candidate_latin		google_phones=l y aa . tt i s
lauder	lauder	l aaw . dx ax r		spoken_nepali	google_ne_lr_2018	candidate_latin		google_phones=l aaw . dd ax r
laughing	laughing	l aa . ph i ng		spoken_nepali	google_ne_lr_2018	candidate_latin		google_phones=l aa . ph i ng
launcher	launcher	l ax n . ts ax r		spoken_nepali	google_ne_lr_2018	candidate_latin		google_phones=l ax n . ts ax r
laure	laure	l aaw . r e		spoken_nepali	google_ne_lr_2018	candidate_latin		google_phones=l aaw . r e
lauren	lauren	l axw . r e n		spoken_nepali	google_ne_lr_2018	candidate_latin		google_phones=l axw . r e n
lava	lava	l aa . bh aa		spoken_nepali	google_ne_lr_2018	candidate_latin		google_phones=l aa . bh aa
lavigne	lavigne	l y aa . bh i n		spoken_nepali	google_ne_lr_2018	candidate_latin		google_phones=l y aa . bh i n
law	law	l ax		spoken_nepali	google_ne_lr_2018	candidate_latin		google_phones=l ax
lawaaris	lawaaris	l aa . w aa . r i s		spoken_nepali	google_ne_lr_2018	candidate_latin		google_phones=l aa . w aa . r i s
lawn	lawn	l ax n		spoken_nepali	google_ne_lr_2018	candidate_latin		google_phones=l ax n
lawrence	lawrence	l ax . r e n s		spoken_nepali	google_ne_lr_2018	candidate_latin		google_phones=l ax . r e n s
laxman	laxman	l ax k tsh . m ax n		spoken_nepali	google_ne_lr_2018	candidate_latin		google_phones=l ax k tsh . m ax n
lay	lay	l e		spoken_nepali	google_ne_lr_2018	candidate_latin		google_phones=l e
laya	laya	l ax . y ax		spoken_nepali	google_ne_lr_2018	candidate_latin		google_phones=l ax . y ax
layer	layer	l e . y ax r		spoken_nepali	google_ne_lr_2018	candidate_latin		google_phones=l e . y ax r
layers	layers	l e . y ax r s		spoken_nepali	google_ne_lr_2018	candidate_latin		google_phones=l e . y ax r s
lazar	lazar	l aa . dz ax r		spoken_nepali	google_ne_lr_2018	candidate_latin		google_phones=l aa . jh ax r
leadership	leadership	l i . dx ax r . s i p		spoken_nepali	google_ne_lr_2018	candidate_latin		google_phones=l i . dd ax r . s i p
leading	leading	l i . dx i ng		spoken_nepali	google_ne_lr_2018	candidate_latin		google_phones=l i . dd i ng
league	league	l i g		spoken_nepali	google_ne_lr_2018	candidate_latin		google_phones=l i g
lean	lean	l i n		spoken_nepali	google_ne_lr_2018	candidate_latin		google_phones=l i n
lear	lear	l i . y ax r		spoken_nepali	google_ne_lr_2018	candidate_latin		google_phones=l i . y ax r
learn	learn	l ax r n		spoken_nepali	google_ne_lr_2018	candidate_latin		google_phones=l ax r n
learning	learning	l ax r . n i ng		spoken_nepali	google_ne_lr_2018	candidate_latin		google_phones=l ax r . n i ng
least	least	l i s tx		spoken_nepali	google_ne_lr_2018	candidate_latin		google_phones=l i s tt
leatherman	leatherman	l e . d ax r . m y aa n		spoken_nepali	google_ne_lr_2018	candidate_latin		google_phones=l e . d ax r . m y aa n
leave	leave	l i bh		spoken_nepali	google_ne_lr_2018	candidate_latin		google_phones=l i bh
leavening	leavening	l i . bh e . n i ng		spoken_nepali	google_ne_lr_2018	candidate_latin		google_phones=l i . bh e . n i ng
lecturer	lecturer	l e k . ts ax . r ax r		spoken_nepali	google_ne_lr_2018	candidate_latin		google_phones=l e k . ts ax . r ax r
led	led	l e dx		spoken_nepali	google_ne_lr_2018	candidate_latin		google_phones=l e dd
leech	leech	l i ts		spoken_nepali	google_ne_lr_2018	candidate_latin		google_phones=l i ts
leela	leela	l i . l aa		spoken_nepali	google_ne_lr_2018	candidate_latin		google_phones=l i . l aa
legal	legal	l i . g ax l		spoken_nepali	google_ne_lr_2018	candidate_latin		google_phones=l i . g ax l
legalization	legalization	l i . g ax . l aaj . dz e . s ax n		spoken_nepali	google_ne_lr_2018	candidate_latin		google_phones=l i . g ax . l aaj . jh e . s ax n
legend	legend	l i . dz e n dx		spoken_nepali	google_ne_lr_2018	candidate_latin		google_phones=l i . jh e n dd
legume	legume	l e g . g y u m		spoken_nepali	google_ne_lr_2018	candidate_latin		google_phones=l e g . g y u m
leicester	leicester	l e . s e s . tx ax r		spoken_nepali	google_ne_lr_2018	candidate_latin		google_phones=l e . s e s . tt ax r
leighla	leighla	l axj g . l aa		spoken_nepali	google_ne_lr_2018	candidate_latin		google_phones=l axj g . l aa
lekar	lekar	l e . k ax r		spoken_nepali	google_ne_lr_2018	candidate_latin		google_phones=l e . k ax r
lekha	lekha	l e . kh aa		spoken_nepali	google_ne_lr_2018	candidate_latin		google_phones=l e . kh aa
lekhak	lekhak	l e . kh ax k		spoken_nepali	google_ne_lr_2018	candidate_latin		google_phones=l e . kh ax k
lemonade	lemonade	l e . m ax . n e dx		spoken_nepali	google_ne_lr_2018	candidate_latin		google_phones=l e . m ax . n e dd
lennar	lennar	l e . n ax r		spoken_nepali	google_ne_lr_2018	candidate_latin		google_phones=l e . n ax r
lennon	lennon	l e . n o n		spoken_nepali	google_ne_lr_2018	candidate_latin		google_phones=l e . n o n
lenovo	lenovo	l e . n o . bh o		spoken_nepali	google_ne_lr_2018	candidate_latin		google_phones=l e . n o . bh o
lens	lens	l e n s		spoken_nepali	google_ne_lr_2018	candidate_latin		google_phones=l e n s
lenskart	lenskart	l e n s . k aa r tx		spoken_nepali	google_ne_lr_2018	candidate_latin		google_phones=l e n s . k aa r tt
leptin	leptin	l e p . tx i n		spoken_nepali	google_ne_lr_2018	candidate_latin		google_phones=l e p . tt i n
lesotho	lesotho	l e . s o . th o		spoken_nepali	google_ne_lr_2018	candidate_latin		google_phones=l e . s o . th o
let	let	l e tx		spoken_nepali	google_ne_lr_2018	candidate_latin		google_phones=l e tt
letter	letter	l e . tx ax r		spoken_nepali	google_ne_lr_2018	candidate_latin		google_phones=l e . tt ax r
leucadia	leucadia	l y u . k aa . dx i . y aa		spoken_nepali	google_ne_lr_2018	candidate_latin		google_phones=l y u . k aa . dd i . y aa
level	level	l e . bh e l		spoken_nepali	google_ne_lr_2018	candidate_latin		google_phones=l e . bh e l
lewis	lewis	l e . w i s		spoken_nepali	google_ne_lr_2018	candidate_latin		google_phones=l e . w i s
lhasa	lhasa	l aa . s aa		spoken_nepali	google_ne_lr_2018	candidate_latin		google_phones=l aa . s aa
lhotse	lhotse	l h o t . s e		spoken_nepali	google_ne_lr_2018	candidate_latin		google_phones=l h o t . s e
liberalization	liberalization	l i . b ax . r ax . l aaj . dz e . s ax n		spoken_nepali	google_ne_lr_2018	candidate_latin		google_phones=l i . b ax . r ax . l aaj . jh e . s ax n
license	license	l aaj . s e n s		spoken_nepali	google_ne_lr_2018	candidate_latin		google_phones=l aaj . s e n s
lie	lie	l aaj		spoken_nepali	google_ne_lr_2018	candidate_latin		google_phones=l aaj
lieutenant	lieutenant	l e ph . tx i . n e n tx		spoken_nepali	google_ne_lr_2018	candidate_latin		google_phones=l e ph . tt i . n e n tt
life	life	l aaj ph		spoken_nepali	google_ne_lr_2018	candidate_latin		google_phones=l aaj ph
lifeguard	lifeguard	l aaj ph . g aa r dx		spoken_nepali	google_ne_lr_2018	candidate_latin		google_phones=l aaj ph . g aa r dd
lifehouse	lifehouse	l aaj ph . h aaw s		spoken_nepali	google_ne_lr_2018	candidate_latin		google_phones=l aaj ph . h aaw s
lifestyle	lifestyle	l aaj ph . s tx aaj l		spoken_nepali	google_ne_lr_2018	candidate_latin		google_phones=l aaj ph . s tt aaj l
light	light	l aaj tx		spoken_nepali	google_ne_lr_2018	candidate_latin		google_phones=l aaj tt
lighting	lighting	l aaj . tx i ng		spoken_nepali	google_ne_lr_2018	candidate_latin		google_phones=l aaj . tt i ng
like	like	l aaj k		spoken_nepali	google_ne_lr_2018	candidate_latin		google_phones=l aaj k
lila	lila	l i . l aa		spoken_nepali	google_ne_lr_2018	candidate_latin		google_phones=l i . l aa
limewater	limewater	l aaj m . w aa . tx ax r		spoken_nepali	google_ne_lr_2018	candidate_latin		google_phones=l aaj m . w aa . tt ax r
limited	limited	l i . m i . tx e dx		spoken_nepali	google_ne_lr_2018	candidate_latin		google_phones=l i . m i . tt e dd
limits	limits	l i . m i tx s		spoken_nepali	google_ne_lr_2018	candidate_latin		google_phones=l i . m i tt s
lina	lina	l i . n aa		spoken_nepali	google_ne_lr_2018	candidate_latin		google_phones=l i . n aa
lincoln	lincoln	l i ng . k ax n		spoken_nepali	google_ne_lr_2018	candidate_latin		google_phones=l i ng . k ax n
lindau	lindau	l i n . dx axw		spoken_nepali	google_ne_lr_2018	candidate_latin		google_phones=l i n . dd axw
lines	lines	l aaj n s		spoken_nepali	google_ne_lr_2018	candidate_latin		google_phones=l aaj n s
lingaa	lingaa	l i ng . g aa		spoken_nepali	google_ne_lr_2018	candidate_latin		google_phones=l i ng . g aa
lingeswaran	lingeswaran	l i ng . g e s . s w ax . r ax n		spoken_nepali	google_ne_lr_2018	candidate_latin		google_phones=l i ng . g e s . s w ax . r ax n
linguistics	linguistics	l i ng . g w i s . tx i k s		spoken_nepali	google_ne_lr_2018	candidate_latin		google_phones=l i ng . g w i s . tt i k s
linkage	linkage	l i ng . k e dz		spoken_nepali	google_ne_lr_2018	candidate_latin		google_phones=l i ng . k e jh
linux	linux	l i . n ax k s		spoken_nepali	google_ne_lr_2018	candidate_latin		google_phones=l i . n ax k s
liquefied	liquefied	l i . k w i . ph aaj dx		spoken_nepali	google_ne_lr_2018	candidate_latin		google_phones=l i . k w i . ph aaj dd
liquid	liquid	l i . k w i dx		spoken_nepali	google_ne_lr_2018	candidate_latin		google_phones=l i . k w i dd
list	list	l i s tx		spoken_nepali	google_ne_lr_2018	candidate_latin		google_phones=l i s tt
literal	literal	l i . tx ax . r ax l		spoken_nepali	google_ne_lr_2018	candidate_latin		google_phones=l i . tt ax . r ax l
literature	literature	l i tx . r e . ts ax r		spoken_nepali	google_ne_lr_2018	candidate_latin		google_phones=l i tt . r e . ts ax r
lithium	lithium	l i . th i . y ax m		spoken_nepali	google_ne_lr_2018	candidate_latin		google_phones=l i . th i . y ax m
liv	liv	l i bh		spoken_nepali	google_ne_lr_2018	candidate_latin		google_phones=l i bh
live	live	l i bh		spoken_nepali	google_ne_lr_2018	candidate_latin		google_phones=l i bh
liver	liver	l i . bh ax r		spoken_nepali	google_ne_lr_2018	candidate_latin		google_phones=l i . bh ax r
liverpool	liverpool	l i . bh ax r . p u l		spoken_nepali	google_ne_lr_2018	candidate_latin		google_phones=l i . bh ax r . p u l
livina	livina	l i . bh i . n aa		spoken_nepali	google_ne_lr_2018	candidate_latin		google_phones=l i . bh i . n aa
living	living	l i . bh i ng		spoken_nepali	google_ne_lr_2018	candidate_latin		google_phones=l i . bh i ng
liwang	liwang	l i . w aa ng		spoken_nepali	google_ne_lr_2018	candidate_latin		google_phones=l i . w aa ng
lizard	lizard	l i . dz aa r dx		spoken_nepali	google_ne_lr_2018	candidate_latin		google_phones=l i . jh aa r dd
loan	loan	l o n		spoken_nepali	google_ne_lr_2018	candidate_latin		google_phones=l o n
lobe	lobe	l o b		spoken_nepali	google_ne_lr_2018	candidate_latin		google_phones=l o b
lobsang	lobsang	l o b . s aa ng		spoken_nepali	google_ne_lr_2018	candidate_latin		google_phones=l o b . s aa ng
local	local	l o . k ax l		spoken_nepali	google_ne_lr_2018	candidate_latin		google_phones=l o . k ax l
locale	locale	l o . k ax l		spoken_nepali	google_ne_lr_2018	candidate_latin		google_phones=l o . k ax l
lock	lock	l ax k		spoken_nepali	google_ne_lr_2018	candidate_latin		google_phones=l ax k
locker	locker	l ax . k ax r		spoken_nepali	google_ne_lr_2018	candidate_latin		google_phones=l ax . k ax r
lockheed	lockheed	l ax k . h i dx		spoken_nepali	google_ne_lr_2018	candidate_latin		google_phones=l ax k . h i dd
lodging	lodging	l ax . dz i ng		spoken_nepali	google_ne_lr_2018	candidate_latin		google_phones=l ax . jh i ng
loews	loews	l oj dz		spoken_nepali	google_ne_lr_2018	candidate_latin		google_phones=l oj jh
logan	logan	l o . g ax n		spoken_nepali	google_ne_lr_2018	candidate_latin		google_phones=l o . g ax n
logarithm	logarithm	l o . g aa . r i . d ax m		spoken_nepali	google_ne_lr_2018	candidate_latin		google_phones=l o . g aa . r i . d ax m
logic	logic	l ax . dz i k		spoken_nepali	google_ne_lr_2018	candidate_latin		google_phones=l ax . jh i k
lolita	lolita	l o . l i . t aa		spoken_nepali	google_ne_lr_2018	candidate_latin		google_phones=l o . l i . t aa
lollipop	lollipop	l ax . l i . p ax p		spoken_nepali	google_ne_lr_2018	candidate_latin		google_phones=l ax . l i . p ax p
london	london	l ax n . dx ax n		spoken_nepali	google_ne_lr_2018	candidate_latin		google_phones=l ax n . dd ax n
lone	lone	l o n		spoken_nepali	google_ne_lr_2018	candidate_latin		google_phones=l o n
looting	looting	l u . tx i ng		spoken_nepali	google_ne_lr_2018	candidate_latin		google_phones=l u . tt i ng
lordmusic	lordmusic	l ax r dx . m y u . dz i k		spoken_nepali	google_ne_lr_2018	candidate_latin		google_phones=l ax r dd . m y u . jh i k
lorillard	lorillard	l o . r i . l aa r dx		spoken_nepali	google_ne_lr_2018	candidate_latin		google_phones=l o . r i . l aa r dd
lots	lots	l ax tx s		spoken_nepali	google_ne_lr_2018	candidate_latin		google_phones=l ax tt s
lotus	lotus	l o . tx ax s		spoken_nepali	google_ne_lr_2018	candidate_latin		google_phones=l o . tt ax s
loud	loud	l aaw dx		spoken_nepali	google_ne_lr_2018	candidate_latin		google_phones=l aaw dd
love	love	l ax bh		spoken_nepali	google_ne_lr_2018	candidate_latin		google_phones=l ax bh
lover	lover	l ax . bh ax r		spoken_nepali	google_ne_lr_2018	candidate_latin		google_phones=l ax . bh ax r
lowes	lowes	l o . e s		spoken_nepali	google_ne_lr_2018	candidate_latin		google_phones=l o . e s
lubrication	lubrication	l u b . b r i . k e . s ax n		spoken_nepali	google_ne_lr_2018	candidate_latin		google_phones=l u b . b r i . k e . s ax n
lucifer	lucifer	l u . s i . ph ax r		spoken_nepali	google_ne_lr_2018	candidate_latin		google_phones=l u . s i . ph ax r
luck	luck	l ax k		spoken_nepali	google_ne_lr_2018	candidate_latin		google_phones=l ax k
lucknow	lucknow	l ax kh . n axw		spoken_nepali	google_ne_lr_2018	candidate_latin		google_phones=l ax kh . n axw
luka	luka	l u . k aa		spoken_nepali	google_ne_lr_2018	candidate_latin		google_phones=l u . k aa
lukla	lukla	l u k . l aa		spoken_nepali	google_ne_lr_2018	candidate_latin		google_phones=l u k . l aa
lumia	lumia	l u . m i . y aa		spoken_nepali	google_ne_lr_2018	candidate_latin		google_phones=l u . m i . y aa
lumix	lumix	l u . m i k s		spoken_nepali	google_ne_lr_2018	candidate_latin		google_phones=l u . m i k s
lunar	lunar	l u . n aa r		spoken_nepali	google_ne_lr_2018	candidate_latin		google_phones=l u . n aa r
lung	lung	l ax ng		spoken_nepali	google_ne_lr_2018	candidate_latin		google_phones=l ax ng
lutherans	lutherans	l u th . r ax n s		spoken_nepali	google_ne_lr_2018	candidate_latin		google_phones=l u th . r ax n s
luv	luv	l ax bh		spoken_nepali	google_ne_lr_2018	candidate_latin		google_phones=l ax bh
lux	lux	l ax k s		spoken_nepali	google_ne_lr_2018	candidate_latin		google_phones=l ax k s
lynn	lynn	l i n		spoken_nepali	google_ne_lr_2018	candidate_latin		google_phones=l i n
m	m	e m		spoken_nepali	google_ne_lr_2018	candidate_latin		google_phones=e m
ma	ma	m aa		spoken_nepali	google_ne_lr_2018	candidate_latin		google_phones=m aa
maal	maal	m aa l		spoken_nepali	google_ne_lr_2018	candidate_latin		google_phones=m aa l
maan	maan	m aa n		spoken_nepali	google_ne_lr_2018	candidate_latin		google_phones=m aa n
maaya	maaya	m aa . y aa		spoken_nepali	google_ne_lr_2018	candidate_latin		google_phones=m aa . y aa
mac	mac	m y aa k		spoken_nepali	google_ne_lr_2018	candidate_latin		google_phones=m y aa k
macau	macau	m ax . k aaw		spoken_nepali	google_ne_lr_2018	candidate_latin		google_phones=m ax . k aaw
machine	machine	m e . s i n		spoken_nepali	google_ne_lr_2018	candidate_latin		google_phones=m e . s i n
machines	machines	m e . s i n s		spoken_nepali	google_ne_lr_2018	candidate_latin		google_phones=m e . s i n s
macys	macys	m e . s i dz		spoken_nepali	google_ne_lr_2018	candidate_latin		google_phones=m e . s i jh
madagascar	madagascar	m aa . dx aa . g aa s . k ax r		spoken_nepali	google_ne_lr_2018	candidate_latin		google_phones=m aa . dd aa . g aa s . k ax r
madam	madam	m y aa . dx ax m		spoken_nepali	google_ne_lr_2018	candidate_latin		google_phones=m y aa . dd ax m
madhav	madhav	m aa . dh ax b		spoken_nepali	google_ne_lr_2018	candidate_latin		google_phones=m aa . dh ax b
madhesh	madhesh	m ax . dh e s		spoken_nepali	google_ne_lr_2018	candidate_latin		google_phones=m ax . dh e s
madhukar	madhukar	m ax . dh u . k ax r		spoken_nepali	google_ne_lr_2018	candidate_latin		google_phones=m ax . dh u . k ax r
madonna	madonna	m y aa . dx o . n aa		spoken_nepali	google_ne_lr_2018	candidate_latin		google_phones=m y aa . dd o . n aa
madras	madras	m ax d . d r aa s		spoken_nepali	google_ne_lr_2018	candidate_latin		google_phones=m ax d . d r aa s
madrid	madrid	m y aa . dx r i dx		spoken_nepali	google_ne_lr_2018	candidate_latin		google_phones=m y aa . dd r i dd
madurodam	madurodam	m y aa . dx u . r o . dx ax m		spoken_nepali	google_ne_lr_2018	candidate_latin		google_phones=m y aa . dd u . r o . dd ax m
magar	magar	m ax . g ax r		spoken_nepali	google_ne_lr_2018	candidate_latin		google_phones=m ax . g ax r
magazine	magazine	m y aa . g ax . dz i n		spoken_nepali	google_ne_lr_2018	candidate_latin		google_phones=m y aa . g ax . jh i n
magic	magic	m y aa . dz i k		spoken_nepali	google_ne_lr_2018	candidate_latin		google_phones=m y aa . jh i k
magician	magician	m y aa . dz i . s i . y ax n		spoken_nepali	google_ne_lr_2018	candidate_latin		google_phones=m y aa . jh i . s i . y ax n
magikarp	magikarp	m y aa . dz i . k aa r p		spoken_nepali	google_ne_lr_2018	candidate_latin		google_phones=m y aa . jh i . k aa r p
magma	magma	m y aa g . m aa		spoken_nepali	google_ne_lr_2018	candidate_latin		google_phones=m y aa g . m aa
magnesium	magnesium	m y aa g . n e . s i . y ax m		spoken_nepali	google_ne_lr_2018	candidate_latin		google_phones=m y aa g . n e . s i . y ax m
magnetic	magnetic	m y aa g . n e . tx i k		spoken_nepali	google_ne_lr_2018	candidate_latin		google_phones=m y aa g . n e . tt i k
magneto	magneto	m y aa g . n i . tx o		spoken_nepali	google_ne_lr_2018	candidate_latin		google_phones=m y aa g . n i . tt o
magnetostriction	magnetostriction	m y aa g . n i . tx o s . tx r i k . s ax n		spoken_nepali	google_ne_lr_2018	candidate_latin		google_phones=m y aa g . n i . tt o s . tt r i k . s ax n
magnitude	magnitude	m y aa g . n i . ts y u dx		spoken_nepali	google_ne_lr_2018	candidate_latin		google_phones=m y aa g . n i . ts y u dd
magnus	magnus	m y aa g . n ax s		spoken_nepali	google_ne_lr_2018	candidate_latin		google_phones=m y aa g . n ax s
magsaysay	magsaysay	m y aa . g aa . s e . s e		spoken_nepali	google_ne_lr_2018	candidate_latin		google_phones=m y aa . g aa . s e . s e
maha	maha	m ax . h aa		spoken_nepali	google_ne_lr_2018	candidate_latin		google_phones=m ax . h aa
mahabharat	mahabharat	m ax . h aa . bh aa . r ax t		spoken_nepali	google_ne_lr_2018	candidate_latin		google_phones=m ax . h aa . bh aa . r ax t
mahadev	mahadev	m ax . h aa . d e b		spoken_nepali	google_ne_lr_2018	candidate_latin		google_phones=m ax . h aa . d e b
mahamakut	mahamakut	m ax . h aa . m ax . k u tx		spoken_nepali	google_ne_lr_2018	candidate_latin		google_phones=m ax . h aa . m ax . k u tt
mahamudra	mahamudra	m ax . h aa . m u d . d r aa		spoken_nepali	google_ne_lr_2018	candidate_latin		google_phones=m ax . h aa . m u d . d r aa
mahara	mahara	m ax . h ax . r aa		spoken_nepali	google_ne_lr_2018	candidate_latin		google_phones=m ax . h ax . r aa
maharaj	maharaj	m ax . h aa . r aa dz		spoken_nepali	google_ne_lr_2018	candidate_latin		google_phones=m ax . h aa . r aa jh
maharaja	maharaja	m ax . h aa . r aa . dz aa		spoken_nepali	google_ne_lr_2018	candidate_latin		google_phones=m ax . h aa . r aa . jh aa
maharashtra	maharashtra	m ax . h aa . r aa s . tx r ax		spoken_nepali	google_ne_lr_2018	candidate_latin		google_phones=m ax . h aa . r aa s . tt r ax
maharjan	maharjan	m ax . h ax r . dz ax n		spoken_nepali	google_ne_lr_2018	candidate_latin		google_phones=m ax . h ax r . jh ax n
mahashraman	mahashraman	m ax . h aa s . s r ax . m ax n		spoken_nepali	google_ne_lr_2018	candidate_latin		google_phones=m ax . h aa s . s r ax . m ax n
mahat	mahat	m ax . h ax t		spoken_nepali	google_ne_lr_2018	candidate_latin		google_phones=m ax . h ax t
mahato	mahato	m ax . h ax . t o		spoken_nepali	google_ne_lr_2018	candidate_latin		google_phones=m ax . h ax . t o
mahavidyalaya	mahavidyalaya	m aa . h aa . bh i d . d y aa . l ax . y ax		spoken_nepali	google_ne_lr_2018	candidate_latin		google_phones=m aa . h aa . bh i d . d y aa . l ax . y ax
mahavira	mahavira	m ax . h aa . b i . r ax		spoken_nepali	google_ne_lr_2018	candidate_latin		google_phones=m ax . h aa . b i . r ax
mahendra	mahendra	m ax . h e n . d r ax		spoken_nepali	google_ne_lr_2018	candidate_latin		google_phones=m ax . h e n . d r ax
mahesh	mahesh	m ax . h e s		spoken_nepali	google_ne_lr_2018	candidate_latin		google_phones=m ax . h e s
mahmood	mahmood	m ax . h ax . m u d		spoken_nepali	google_ne_lr_2018	candidate_latin		google_phones=m ax . h ax . m u d
mail	mail	m e l		spoken_nepali	google_ne_lr_2018	candidate_latin		google_phones=m e l
maintenance	maintenance	m e n . tx e . n e n s		spoken_nepali	google_ne_lr_2018	candidate_latin		google_phones=m e n . tt e . n e n s
majdoor	majdoor	m ax dz . d u r		spoken_nepali	google_ne_lr_2018	candidate_latin		google_phones=m ax jh . d u r
majestic	majestic	m y aa . dz e s . tx i k		spoken_nepali	google_ne_lr_2018	candidate_latin		google_phones=m y aa . jh e s . tt i k
majeure	majeure	m ax . dz ew . r e		spoken_nepali	google_ne_lr_2018	candidate_latin		google_phones=m ax . jh ew . r e
major	major	m e . dz ax r		spoken_nepali	google_ne_lr_2018	candidate_latin		google_phones=m e . jh ax r
making	making	m e . k i ng		spoken_nepali	google_ne_lr_2018	candidate_latin		google_phones=m e . k i ng
malaysian	malaysian	m ax . l e . s i . y ax n		spoken_nepali	google_ne_lr_2018	candidate_latin		google_phones=m ax . l e . s i . y ax n
maleficent	maleficent	m y aa l . i . ph i . s e n tx		spoken_nepali	google_ne_lr_2018	candidate_latin		google_phones=m y aa l . i . ph i . s e n tt
malic	malic	m e . l i k		spoken_nepali	google_ne_lr_2018	candidate_latin		google_phones=m e . l i k
malla	malla	m ax l . l ax		spoken_nepali	google_ne_lr_2018	candidate_latin		google_phones=m ax l . l ax
malnutrition	malnutrition	m aa l . n u . tx r i . s ax n		spoken_nepali	google_ne_lr_2018	candidate_latin		google_phones=m aa l . n u . tt r i . s ax n
malta	malta	m aa l . tx aa		spoken_nepali	google_ne_lr_2018	candidate_latin		google_phones=m aa l . tt aa
maltase	maltase	m ax l . tx e dz		spoken_nepali	google_ne_lr_2018	candidate_latin		google_phones=m ax l . tt e jh
maltose	maltose	m aa l . tx o s		spoken_nepali	google_ne_lr_2018	candidate_latin		google_phones=m aa l . tt o s
mammatus	mammatus	m y aa . m ax . tx ax s		spoken_nepali	google_ne_lr_2018	candidate_latin		google_phones=m y aa . m ax . tt ax s
mamta	mamta	m ax m . t aa		spoken_nepali	google_ne_lr_2018	candidate_latin		google_phones=m ax m . t aa
man	man	m y aa n		spoken_nepali	google_ne_lr_2018	candidate_latin		google_phones=m y aa n
management	management	m y aa . n e dz . m e n tx		spoken_nepali	google_ne_lr_2018	candidate_latin		google_phones=m y aa . n e jh . m e n tt
manager	manager	m y aa . n e . dz ax r		spoken_nepali	google_ne_lr_2018	candidate_latin		google_phones=m y aa . n e . jh ax r
managerial	managerial	m y aa . n e . dz e . r i . y ax l		spoken_nepali	google_ne_lr_2018	candidate_latin		google_phones=m y aa . n e . jh e . r i . y ax l
manandhar	manandhar	m aa . n ax n . dh ax r		spoken_nepali	google_ne_lr_2018	candidate_latin		google_phones=m aa . n ax n . dh ax r
manang	manang	m ax . n aa ng		spoken_nepali	google_ne_lr_2018	candidate_latin		google_phones=m ax . n aa ng
manas	manas	m aa . n ax s		spoken_nepali	google_ne_lr_2018	candidate_latin		google_phones=m aa . n ax s
manch	manch	m ax n ts		spoken_nepali	google_ne_lr_2018	candidate_latin		google_phones=m ax n ts
manchester	manchester	m y aa n . ts e s . tx ax r		spoken_nepali	google_ne_lr_2018	candidate_latin		google_phones=m y aa n . ts e s . tt ax r
mandal	mandal	m ax n . dx ax l		spoken_nepali	google_ne_lr_2018	candidate_latin		google_phones=m ax n . dd ax l
mandavya	mandavya	m aa n . dx ax b . b y ax		spoken_nepali	google_ne_lr_2018	candidate_latin		google_phones=m aa n . dd ax b . b y ax
mandir	mandir	m ax n . d i r		spoken_nepali	google_ne_lr_2018	candidate_latin		google_phones=m ax n . d i r
manganese	manganese	m y aa . g ax . n i dz		spoken_nepali	google_ne_lr_2018	candidate_latin		google_phones=m y aa . g ax . n i jh
mangeshkar	mangeshkar	m ax ng . g e s . k ax r		spoken_nepali	google_ne_lr_2018	candidate_latin		google_phones=m ax ng . g e s . k ax r
manhattan	manhattan	m y aa n . h y aa tx n		spoken_nepali	google_ne_lr_2018	candidate_latin		google_phones=m y aa n . h y aa tt n
manhole	manhole	m y aa n . h o l		spoken_nepali	google_ne_lr_2018	candidate_latin		google_phones=m y aa n . h o l
manifestation	manifestation	m y aa . n i . ph e s . tx e . s ax n		spoken_nepali	google_ne_lr_2018	candidate_latin		google_phones=m y aa . n i . ph e s . tt e . s ax n
manifesto	manifesto	m y aa . n i . ph e s . tx o		spoken_nepali	google_ne_lr_2018	candidate_latin		google_phones=m y aa . n i . ph e s . tt o
manila	manila	m ax . n i . l aa		spoken_nepali	google_ne_lr_2018	candidate_latin		google_phones=m ax . n i . l aa
manipulator	manipulator	m y aa . n i . p u . l e . tx ax r		spoken_nepali	google_ne_lr_2018	candidate_latin		google_phones=m y aa . n i . p u . l e . tt ax r
manipura	manipura	m ax . n i . p u . r aa		spoken_nepali	google_ne_lr_2018	candidate_latin		google_phones=m ax . n i . p u . r aa
mankato	mankato	m aa ng . k aa . tx o		spoken_nepali	google_ne_lr_2018	candidate_latin		google_phones=m aa ng . k aa . tt o
mann	mann	m ax n		spoken_nepali	google_ne_lr_2018	candidate_latin		google_phones=m ax n
mannara	mannara	m ax n . n aa . r aa		spoken_nepali	google_ne_lr_2018	candidate_latin		google_phones=m ax n . n aa . r aa
manoj	manoj	m ax . n o dz		spoken_nepali	google_ne_lr_2018	candidate_latin		google_phones=m ax . n o jh
manpowergroup	manpowergroup	m y aa n . p aa . w ax r . g r u p		spoken_nepali	google_ne_lr_2018	candidate_latin		google_phones=m y aa n . p aa . w ax r . g r u p
mantra	mantra	m ax n . tx r ax		spoken_nepali	google_ne_lr_2018	candidate_latin		google_phones=m ax n . tt r ax
manufacturing	manufacturing	m y aa . n y u . ph y aa k . ts ax . r i ng		spoken_nepali	google_ne_lr_2018	candidate_latin		google_phones=m y aa . n y u . ph y aa k . ts ax . r i ng
manus	manus	m aa . n u s		spoken_nepali	google_ne_lr_2018	candidate_latin		google_phones=m aa . n u s
manwa	manwa	m aa n . w aa		spoken_nepali	google_ne_lr_2018	candidate_latin		google_phones=m aa n . w aa
manza	manza	m aa n . dz aa		spoken_nepali	google_ne_lr_2018	candidate_latin		google_phones=m aa n . jh aa
map	map	m y aa p		spoken_nepali	google_ne_lr_2018	candidate_latin		google_phones=m y aa p
mapquest	mapquest	m y aa p . k w e s tx		spoken_nepali	google_ne_lr_2018	candidate_latin		google_phones=m y aa p . k w e s tt
maps	maps	m y aa p s		spoken_nepali	google_ne_lr_2018	candidate_latin		google_phones=m y aa p s
marathon	marathon	m y aa . r aa . th ax n		spoken_nepali	google_ne_lr_2018	candidate_latin		google_phones=m y aa . r aa . th ax n
maratika	maratika	m ax . r aa . t i . k aa		spoken_nepali	google_ne_lr_2018	candidate_latin		google_phones=m ax . r aa . t i . k aa
margarine	margarine	m aa r . g y aa . r i n		spoken_nepali	google_ne_lr_2018	candidate_latin		google_phones=m aa r . g y aa . r i n
marigold	marigold	m e . r i . g o l dx		spoken_nepali	google_ne_lr_2018	candidate_latin		google_phones=m e . r i . g o l dd
marina	marina	m aa . r i . n aa		spoken_nepali	google_ne_lr_2018	candidate_latin		google_phones=m aa . r i . n aa
marines	marines	m y aa . r i n s		spoken_nepali	google_ne_lr_2018	candidate_latin		google_phones=m y aa . r i n s
mario	mario	m y aa . r i . y o		spoken_nepali	google_ne_lr_2018	candidate_latin		google_phones=m y aa . r i . y o
mark	mark	m aa r k		spoken_nepali	google_ne_lr_2018	candidate_latin		google_phones=m aa r k
market	market	m aa r . k e tx		spoken_nepali	google_ne_lr_2018	candidate_latin		google_phones=m aa r . k e tt
marketing	marketing	m aa r . k e . tx i ng		spoken_nepali	google_ne_lr_2018	candidate_latin		google_phones=m aa r . k e . tt i ng
markets	markets	m aa r . k e tx s		spoken_nepali	google_ne_lr_2018	candidate_latin		google_phones=m aa r . k e tt s
markup	markup	m aa r k . ax p		spoken_nepali	google_ne_lr_2018	candidate_latin		google_phones=m aa r k . ax p
marlen	marlen	m aa r . l e n		spoken_nepali	google_ne_lr_2018	candidate_latin		google_phones=m aa r . l e n
marlena	marlena	m aa r . l e . n aa		spoken_nepali	google_ne_lr_2018	candidate_latin		google_phones=m aa r . l e . n aa
marriage	marriage	m y aa . r i dz		spoken_nepali	google_ne_lr_2018	candidate_latin		google_phones=m y aa . r i jh
marrow	marrow	m y aa . r o		spoken_nepali	google_ne_lr_2018	candidate_latin		google_phones=m y aa . r o
marsh	marsh	m aa r s		spoken_nepali	google_ne_lr_2018	candidate_latin		google_phones=m aa r s
marshalls	marshalls	m aa r . s ax l s		spoken_nepali	google_ne_lr_2018	candidate_latin		google_phones=m aa r . s ax l s
martin	martin	m aa r . tx i n		spoken_nepali	google_ne_lr_2018	candidate_latin		google_phones=m aa r . tt i n
marvellous	marvellous	m aa r . bh ax . l ax s		spoken_nepali	google_ne_lr_2018	candidate_latin		google_phones=m aa r . bh ax . l ax s
marwah	marwah	m aa r . w aa		spoken_nepali	google_ne_lr_2018	candidate_latin		google_phones=m aa r . w aa
masala	masala	m ax . s ax . l aa		spoken_nepali	google_ne_lr_2018	candidate_latin		google_phones=m ax . s ax . l aa
masco	masco	m ax s . k o		spoken_nepali	google_ne_lr_2018	candidate_latin		google_phones=m ax s . k o
maskey	maskey	m aa s . k e		spoken_nepali	google_ne_lr_2018	candidate_latin		google_phones=m aa s . k e
mass	mass	m aa s		spoken_nepali	google_ne_lr_2018	candidate_latin		google_phones=m aa s
massachusetts	massachusetts	m y aa . s ax . ts u . s e tx s		spoken_nepali	google_ne_lr_2018	candidate_latin		google_phones=m y aa . s ax . ts u . s e tt s
mast	mast	m aa s tx		spoken_nepali	google_ne_lr_2018	candidate_latin		google_phones=m aa s tt
master	master	m aa s . tx ax r		spoken_nepali	google_ne_lr_2018	candidate_latin		google_phones=m aa s . tt ax r
mastercard	mastercard	m aa s . tx ax r . k aa r dx		spoken_nepali	google_ne_lr_2018	candidate_latin		google_phones=m aa s . tt ax r . k aa r dd
mastizaade	mastizaade	m ax s . t i . dz aa . d e		spoken_nepali	google_ne_lr_2018	candidate_latin		google_phones=m ax s . t i . jh aa . d e
mata	mata	m aa . t aa		spoken_nepali	google_ne_lr_2018	candidate_latin		google_phones=m aa . t aa
matata	matata	m ax . tx aa . tx aa		spoken_nepali	google_ne_lr_2018	candidate_latin		google_phones=m ax . tt aa . tt aa
matchbox	matchbox	m y aa ts . b ax k s		spoken_nepali	google_ne_lr_2018	candidate_latin		google_phones=m y aa ts . b ax k s
matchmaking	matchmaking	m y aa ts . m e . k i ng		spoken_nepali	google_ne_lr_2018	candidate_latin		google_phones=m y aa ts . m e . k i ng
material	material	m ax . tx e . r i . y ax l		spoken_nepali	google_ne_lr_2018	candidate_latin		google_phones=m ax . tt e . r i . y ax l
materials	materials	m ax . tx e . r i . y ax l s		spoken_nepali	google_ne_lr_2018	candidate_latin		google_phones=m ax . tt e . r i . y ax l s
maternal	maternal	m y aa . tx ax r . n ax l		spoken_nepali	google_ne_lr_2018	candidate_latin		google_phones=m y aa . tt ax r . n ax l
mathematical	mathematical	m y aa th . m y aa . tx i . k ax l		spoken_nepali	google_ne_lr_2018	candidate_latin		google_phones=m y aa th . m y aa . tt i . k ax l
mathematics	mathematics	m y aa th . m y aa . tx i k s		spoken_nepali	google_ne_lr_2018	candidate_latin		google_phones=m y aa th . m y aa . tt i k s
mathews	mathews	m y aa . th y u dz		spoken_nepali	google_ne_lr_2018	candidate_latin		google_phones=m y aa . th y u jh
mathura	mathura	m ax . th u . r aa		spoken_nepali	google_ne_lr_2018	candidate_latin		google_phones=m ax . th u . r aa
mating	mating	m y aa . tx i ng		spoken_nepali	google_ne_lr_2018	candidate_latin		google_phones=m y aa . tt i ng
matric	matric	m y aa . tx r i k		spoken_nepali	google_ne_lr_2018	candidate_latin		google_phones=m y aa . tt r i k
matrika	matrika	m aa t . t r i . k aa		spoken_nepali	google_ne_lr_2018	candidate_latin		google_phones=m aa t . t r i . k aa
matrix	matrix	m y aa tx . tx r i k s		spoken_nepali	google_ne_lr_2018	candidate_latin		google_phones=m y aa tt . tt r i k s
matsya	matsya	m ax t . s y ax		spoken_nepali	google_ne_lr_2018	candidate_latin		google_phones=m ax t . s y ax
matt	matt	m y aa tx		spoken_nepali	google_ne_lr_2018	candidate_latin		google_phones=m y aa tt
mattel	mattel	m y aa . tx e l		spoken_nepali	google_ne_lr_2018	candidate_latin		google_phones=m y aa . tt e l
mattress	mattress	m y aa . tx r e s		spoken_nepali	google_ne_lr_2018	candidate_latin		google_phones=m y aa . tt r e s
maurya	maurya	m axw r . y ax		spoken_nepali	google_ne_lr_2018	candidate_latin		google_phones=m axw r . y ax
max	max	m y aa k s		spoken_nepali	google_ne_lr_2018	candidate_latin		google_phones=m y aa k s
maxima	maxima	m y aa k . s i . m aa		spoken_nepali	google_ne_lr_2018	candidate_latin		google_phones=m y aa k . s i . m aa
may	may	m e		spoken_nepali	google_ne_lr_2018	candidate_latin		google_phones=m e
mayan	mayan	m aa . y ax n		spoken_nepali	google_ne_lr_2018	candidate_latin		google_phones=m aa . y ax n
mayer	mayer	m aa . y ax r		spoken_nepali	google_ne_lr_2018	candidate_latin		google_phones=m aa . y ax r
mcconnell	mcconnell	m y aa k . k o . n e l		spoken_nepali	google_ne_lr_2018	candidate_latin		google_phones=m y aa k . k o . n e l
mcdonaldland	mcdonaldland	m y aa k . dx o . n aa l dx . l y aa n dx		spoken_nepali	google_ne_lr_2018	candidate_latin		google_phones=m y aa k . dd o . n aa l dd . l y aa n dd
mcdonalds	mcdonalds	m y aa k . dx o . n aa l dx s		spoken_nepali	google_ne_lr_2018	candidate_latin		google_phones=m y aa k . dd o . n aa l dd s
mcgraw	mcgraw	m y aa k . g r ax w		spoken_nepali	google_ne_lr_2018	candidate_latin		google_phones=m y aa k . g r ax w
mckesson	mckesson	m y aa k . k e . s ax n		spoken_nepali	google_ne_lr_2018	candidate_latin		google_phones=m y aa k . k e . s ax n
mclennan	mclennan	m y aa k . l e . n ax n		spoken_nepali	google_ne_lr_2018	candidate_latin		google_phones=m y aa k . l e . n ax n
mcleod	mcleod	m aa k . k l aaw dx		spoken_nepali	google_ne_lr_2018	candidate_latin		google_phones=m aa k . k l aaw dd
meadwestvaco	meadwestvaco	m i dx . w e s tx . bh aa . k o		spoken_nepali	google_ne_lr_2018	candidate_latin		google_phones=m i dd . w e s tt . bh aa . k o
mean	mean	m i n		spoken_nepali	google_ne_lr_2018	candidate_latin		google_phones=m i n
measurement	measurement	m e . dz ax r . m e n tx		spoken_nepali	google_ne_lr_2018	candidate_latin		google_phones=m e . jh ax r . m e n tt
meat	meat	m i tx		spoken_nepali	google_ne_lr_2018	candidate_latin		google_phones=m i tt
mechanics	mechanics	m e . k y aa . n i k s		spoken_nepali	google_ne_lr_2018	candidate_latin		google_phones=m e . k y aa . n i k s
mechanization	mechanization	m e . k aa . n aaj . dz e . s ax n		spoken_nepali	google_ne_lr_2018	candidate_latin		google_phones=m e . k aa . n aaj . jh e . s ax n
mechatronics	mechatronics	m e . k aa . tx r o . n i k s		spoken_nepali	google_ne_lr_2018	candidate_latin		google_phones=m e . k aa . tt r o . n i k s
medal	medal	m e . dx ax l		spoken_nepali	google_ne_lr_2018	candidate_latin		google_phones=m e . dd ax l
medan	medan	m e . dx ax n		spoken_nepali	google_ne_lr_2018	candidate_latin		google_phones=m e . dd ax n
media	media	m i . dx i . y aa		spoken_nepali	google_ne_lr_2018	candidate_latin		google_phones=m i . dd i . y aa
median	median	m e . dx i . y ax n		spoken_nepali	google_ne_lr_2018	candidate_latin		google_phones=m e . dd i . y ax n
medical	medical	m e . dx i . k ax l		spoken_nepali	google_ne_lr_2018	candidate_latin		google_phones=m e . dd i . k ax l
medicine	medicine	m e . dx i . s i n		spoken_nepali	google_ne_lr_2018	candidate_latin		google_phones=m e . dd i . s i n
medieval	medieval	m i . dx i . bh ax l		spoken_nepali	google_ne_lr_2018	candidate_latin		google_phones=m i . dd i . bh ax l
medina	medina	m e . dx i . n aa		spoken_nepali	google_ne_lr_2018	candidate_latin		google_phones=m e . dd i . n aa
medium	medium	m i . dx i . y ax m		spoken_nepali	google_ne_lr_2018	candidate_latin		google_phones=m i . dd i . y ax m
medtronic	medtronic	m e dx . tx r o . n i k		spoken_nepali	google_ne_lr_2018	candidate_latin		google_phones=m e dd . tt r o . n i k
medulla	medulla	m e . dx u . l aa		spoken_nepali	google_ne_lr_2018	candidate_latin		google_phones=m e . dd u . l aa
meeting	meeting	m i . tx i ng		spoken_nepali	google_ne_lr_2018	candidate_latin		google_phones=m i . tt i ng
megabyte	megabyte	m e . g aa . b aaj tx		spoken_nepali	google_ne_lr_2018	candidate_latin		google_phones=m e . g aa . b aaj tt
megaphone	megaphone	m e . g aa . ph o n		spoken_nepali	google_ne_lr_2018	candidate_latin		google_phones=m e . g aa . ph o n
meghalaya	meghalaya	m e . gh aa . l ax . y ax		spoken_nepali	google_ne_lr_2018	candidate_latin		google_phones=m e . gh aa . l ax . y ax
mel	mel	m e l		spoken_nepali	google_ne_lr_2018	candidate_latin		google_phones=m e l
melatonin	melatonin	m e . l aa . tx o . n i n		spoken_nepali	google_ne_lr_2018	candidate_latin		google_phones=m e . l aa . tt o . n i n
mellon	mellon	m e . l o n		spoken_nepali	google_ne_lr_2018	candidate_latin		google_phones=m e . l o n
melon	melon	m e . l ax n		spoken_nepali	google_ne_lr_2018	candidate_latin		google_phones=m e . l ax n
melvin	melvin	m e l . bh i n		spoken_nepali	google_ne_lr_2018	candidate_latin		google_phones=m e l . bh i n
mem	mem	m e m		spoken_nepali	google_ne_lr_2018	candidate_latin		google_phones=m e m
member	member	m e m . b ax r		spoken_nepali	google_ne_lr_2018	candidate_latin		google_phones=m e m . b ax r
membrane	membrane	m e m . b r e n		spoken_nepali	google_ne_lr_2018	candidate_latin		google_phones=m e m . b r e n
mena	mena	m e . n aa		spoken_nepali	google_ne_lr_2018	candidate_latin		google_phones=m e . n aa
meninges	meninges	m i . n i n . dz i dz		spoken_nepali	google_ne_lr_2018	candidate_latin		google_phones=m i . n i n . jh i jh
menuka	menuka	m e . n u . k aa		spoken_nepali	google_ne_lr_2018	candidate_latin		google_phones=m e . n u . k aa
mera	mera	m e . r aa		spoken_nepali	google_ne_lr_2018	candidate_latin		google_phones=m e . r aa
merchant	merchant	m ax r . ts e n tx		spoken_nepali	google_ne_lr_2018	candidate_latin		google_phones=m ax r . ts e n tt
merck	merck	m ax r k		spoken_nepali	google_ne_lr_2018	candidate_latin		google_phones=m ax r k
mero	mero	m e . r o		spoken_nepali	google_ne_lr_2018	candidate_latin		google_phones=m e . r o
message	message	m y aa . s e dz		spoken_nepali	google_ne_lr_2018	candidate_latin		google_phones=m y aa . s e jh
messager	messager	m y aa . s e . dz ax r		spoken_nepali	google_ne_lr_2018	candidate_latin		google_phones=m y aa . s e . jh ax r
messenger	messenger	m y aa . s e n . dz ax r		spoken_nepali	google_ne_lr_2018	candidate_latin		google_phones=m y aa . s e n . jh ax r
messengers	messengers	m y aa . s e n . dz ax r s		spoken_nepali	google_ne_lr_2018	candidate_latin		google_phones=m y aa . s e n . jh ax r s
mestre	mestre	m e s . tx r e		spoken_nepali	google_ne_lr_2018	candidate_latin		google_phones=m e s . tt r e
metabolic	metabolic	m e . tx aa . b o . l i k		spoken_nepali	google_ne_lr_2018	candidate_latin		google_phones=m e . tt aa . b o . l i k
metal	metal	m e . tx ax l		spoken_nepali	google_ne_lr_2018	candidate_latin		google_phones=m e . tt ax l
metallica	metallica	m e . tx aa . l i . k aa		spoken_nepali	google_ne_lr_2018	candidate_latin		google_phones=m e . tt aa . l i . k aa
metals	metals	m e . tx ax l s		spoken_nepali	google_ne_lr_2018	candidate_latin		google_phones=m e . tt ax l s
metamorphism	metamorphism	m e . tx aa . m o r . ph i . dz ax m		spoken_nepali	google_ne_lr_2018	candidate_latin		google_phones=m e . tt aa . m o r . ph i . jh ax m
metaphysical	metaphysical	m e . tx aa . ph i . dz i . k ax l		spoken_nepali	google_ne_lr_2018	candidate_latin		google_phones=m e . tt aa . ph i . jh i . k ax l
meter	meter	m i . tx ax r		spoken_nepali	google_ne_lr_2018	candidate_latin		google_phones=m i . tt ax r
method	method	m e . th ax dx		spoken_nepali	google_ne_lr_2018	candidate_latin		google_phones=m e . th ax dd
methods	methods	m e . th ax dx s		spoken_nepali	google_ne_lr_2018	candidate_latin		google_phones=m e . th ax dd s
metlife	metlife	m e tx . l aaj ph		spoken_nepali	google_ne_lr_2018	candidate_latin		google_phones=m e tt . l aaj ph
metro	metro	m e tx . tx r o		spoken_nepali	google_ne_lr_2018	candidate_latin		google_phones=m e tt . tt r o
metropolitan	metropolitan	m e tx . tx r o . p o . l i . tx ax n		spoken_nepali	google_ne_lr_2018	candidate_latin		google_phones=m e tt . tt r o . p o . l i . tt ax n
mic	mic	m i k		spoken_nepali	google_ne_lr_2018	candidate_latin		google_phones=m i k
michaels	michaels	m aaj . k ax l s		spoken_nepali	google_ne_lr_2018	candidate_latin		google_phones=m aaj . k ax l s
michel	michel	m i . ts e l		spoken_nepali	google_ne_lr_2018	candidate_latin		google_phones=m i . ts e l
micheline	micheline	m i k . k l i n		spoken_nepali	google_ne_lr_2018	candidate_latin		google_phones=m i k . k l i n
micro	micro	m aaj . k r o		spoken_nepali	google_ne_lr_2018	candidate_latin		google_phones=m aaj . k r o
microbiota	microbiota	m aaj k . k r o . b aa . y o . tx aa		spoken_nepali	google_ne_lr_2018	candidate_latin		google_phones=m aaj k . k r o . b aa . y o . tt aa
microbotics	microbotics	m aaj k . k r o . b o . tx i k s		spoken_nepali	google_ne_lr_2018	candidate_latin		google_phones=m aaj k . k r o . b o . tt i k s
micromax	micromax	m aaj . k r o . m y aa k s		spoken_nepali	google_ne_lr_2018	candidate_latin		google_phones=m aaj . k r o . m y aa k s
micron	micron	m aaj k . k r o n		spoken_nepali	google_ne_lr_2018	candidate_latin		google_phones=m aaj k . k r o n
microsoft	microsoft	m aaj . k r o . s ax ph tx		spoken_nepali	google_ne_lr_2018	candidate_latin		google_phones=m aaj . k r o . s ax ph tt
middle	middle	m i . dx ax l		spoken_nepali	google_ne_lr_2018	candidate_latin		google_phones=m i . dd ax l
midget	midget	m i . dz i tx		spoken_nepali	google_ne_lr_2018	candidate_latin		google_phones=m i . jh i tt
midland	midland	m i dx . l y aa n dx		spoken_nepali	google_ne_lr_2018	candidate_latin		google_phones=m i dd . l y aa n dd
midnight	midnight	m i dx . n aaj tx		spoken_nepali	google_ne_lr_2018	candidate_latin		google_phones=m i dd . n aaj tt
migration	migration	m aaj . g r e . s ax n		spoken_nepali	google_ne_lr_2018	candidate_latin		google_phones=m aaj . g r e . s ax n
mika	mika	m i . k aa		spoken_nepali	google_ne_lr_2018	candidate_latin		google_phones=m i . k aa
mike	mike	m aaj k		spoken_nepali	google_ne_lr_2018	candidate_latin		google_phones=m aaj k
milk	milk	m i l k		spoken_nepali	google_ne_lr_2018	candidate_latin		google_phones=m i l k
mill	mill	m i l		spoken_nepali	google_ne_lr_2018	candidate_latin		google_phones=m i l
millionaire	millionaire	m i . l i . y ax . n ax r		spoken_nepali	google_ne_lr_2018	candidate_latin		google_phones=m i . l i . y ax . n ax r
mills	mills	m i l s		spoken_nepali	google_ne_lr_2018	candidate_latin		google_phones=m i l s
mina	mina	m i . n aa		spoken_nepali	google_ne_lr_2018	candidate_latin		google_phones=m i . n aa
minds	minds	m aaj n dx s		spoken_nepali	google_ne_lr_2018	candidate_latin		google_phones=m aaj n dd s
minendra	minendra	m i . n e n . d r ax		spoken_nepali	google_ne_lr_2018	candidate_latin		google_phones=m i . n e n . d r ax
mineral	mineral	m i . n e . r ax l		spoken_nepali	google_ne_lr_2018	candidate_latin		google_phones=m i . n e . r ax l
mingma	mingma	m i ng . m aa		spoken_nepali	google_ne_lr_2018	candidate_latin		google_phones=m i ng . m aa
minification	minification	m i . n i . ph i . k e . s ax n		spoken_nepali	google_ne_lr_2018	candidate_latin		google_phones=m i . n i . ph i . k e . s ax n
minima	minima	m i . n i . m aa		spoken_nepali	google_ne_lr_2018	candidate_latin		google_phones=m i . n i . m aa
mining	mining	m aaj . n i ng		spoken_nepali	google_ne_lr_2018	candidate_latin		google_phones=m aaj . n i ng
minion	minion	m i n . y ax n		spoken_nepali	google_ne_lr_2018	candidate_latin		google_phones=m i n . y ax n
miniskirt	miniskirt	m i . n i . s k ax r tx		spoken_nepali	google_ne_lr_2018	candidate_latin		google_phones=m i . n i . s k ax r tt
minister	minister	m i . n i s . tx ax r		spoken_nepali	google_ne_lr_2018	candidate_latin		google_phones=m i . n i s . tt ax r
minor	minor	m aaj . n ax r		spoken_nepali	google_ne_lr_2018	candidate_latin		google_phones=m aaj . n ax r
mint	mint	m i n tx		spoken_nepali	google_ne_lr_2018	candidate_latin		google_phones=m i n tt
mirabile	mirabile	m i . r aa . b i l		spoken_nepali	google_ne_lr_2018	candidate_latin		google_phones=m i . r aa . b i l
miranda	miranda	m i r . r y aa n . dx aa		spoken_nepali	google_ne_lr_2018	candidate_latin		google_phones=m i r . r y aa n . dd aa
miroslav	miroslav	m i . r o . s l ax bh		spoken_nepali	google_ne_lr_2018	candidate_latin		google_phones=m i . r o . s l ax bh
mirror	mirror	m i . r ax r		spoken_nepali	google_ne_lr_2018	candidate_latin		google_phones=m i . r ax r
mishra	mishra	m i s . s r ax		spoken_nepali	google_ne_lr_2018	candidate_latin		google_phones=m i s . s r ax
miss	miss	m i s		spoken_nepali	google_ne_lr_2018	candidate_latin		google_phones=m i s
mission	mission	m i . s ax n		spoken_nepali	google_ne_lr_2018	candidate_latin		google_phones=m i . s ax n
mist	mist	m i s tx		spoken_nepali	google_ne_lr_2018	candidate_latin		google_phones=m i s tt
misuse	misuse	m i s . u dz		spoken_nepali	google_ne_lr_2018	candidate_latin		google_phones=m i s . u jh
mite	mite	m aaj tx		spoken_nepali	google_ne_lr_2018	candidate_latin		google_phones=m aaj tt
mithila	mithila	m i . th i . l aa		spoken_nepali	google_ne_lr_2018	candidate_latin		google_phones=m i . th i . l aa
mithoon	mithoon	m i . th u n		spoken_nepali	google_ne_lr_2018	candidate_latin		google_phones=m i . th u n
mitral	mitral	m i tx . tx r ax l		spoken_nepali	google_ne_lr_2018	candidate_latin		google_phones=m i tt . tt r ax l
mixing	mixing	m i k . s i ng		spoken_nepali	google_ne_lr_2018	candidate_latin		google_phones=m i k . s i ng
mixture	mixture	m i k s . ts ax r		spoken_nepali	google_ne_lr_2018	candidate_latin		google_phones=m i k s . ts ax r
mob	mob	m o b		spoken_nepali	google_ne_lr_2018	candidate_latin		google_phones=m o b
mobil	mobil	m o . b i l		spoken_nepali	google_ne_lr_2018	candidate_latin		google_phones=m o . b i l
mobile	mobile	m o . b aaj l		spoken_nepali	google_ne_lr_2018	candidate_latin		google_phones=m o . b aaj l
mockingbird	mockingbird	m o . k i ng . b ax r dx		spoken_nepali	google_ne_lr_2018	candidate_latin		google_phones=m o . k i ng . b ax r dd
modding	modding	m o . dx i ng		spoken_nepali	google_ne_lr_2018	candidate_latin		google_phones=m o . dd i ng
model	model	m o . dx e l		spoken_nepali	google_ne_lr_2018	candidate_latin		google_phones=m o . dd e l
moderation	moderation	m o . dx ax . r e . s ax n		spoken_nepali	google_ne_lr_2018	candidate_latin		google_phones=m o . dd ax . r e . s ax n
moderator	moderator	m o . dx ax . r e . tx ax r		spoken_nepali	google_ne_lr_2018	candidate_latin		google_phones=m o . dd ax . r e . tt ax r
modern	modern	m o . dx ax r n		spoken_nepali	google_ne_lr_2018	candidate_latin		google_phones=m o . dd ax r n
modified	modified	m o . dx i . ph aaj dx		spoken_nepali	google_ne_lr_2018	candidate_latin		google_phones=m o . dd i . ph aaj dd
modifier	modifier	m o . dx i . ph aa . y ax r		spoken_nepali	google_ne_lr_2018	candidate_latin		google_phones=m o . dd i . ph aa . y ax r
module	module	m o . dx y u l		spoken_nepali	google_ne_lr_2018	candidate_latin		google_phones=m o . dd y u l
modulus	modulus	m ax . dx u . l ax s		spoken_nepali	google_ne_lr_2018	candidate_latin		google_phones=m ax . dd u . l ax s
moe	moe	m o		spoken_nepali	google_ne_lr_2018	candidate_latin		google_phones=m o
mogambo	mogambo	m o . g y aa m . b o		spoken_nepali	google_ne_lr_2018	candidate_latin		google_phones=m o . g y aa m . b o
mohamed	mohamed	m o . h ax . m ax d		spoken_nepali	google_ne_lr_2018	candidate_latin		google_phones=m o . h ax . m ax d
mohammed	mohammed	m o . h ax m . m ax d		spoken_nepali	google_ne_lr_2018	candidate_latin		google_phones=m o . h ax m . m ax d
mohan	mohan	m o . h ax n		spoken_nepali	google_ne_lr_2018	candidate_latin		google_phones=m o . h ax n
mohawk	mohawk	m o . h ax k		spoken_nepali	google_ne_lr_2018	candidate_latin		google_phones=m o . h ax k
mohit	mohit	m o . h i t		spoken_nepali	google_ne_lr_2018	candidate_latin		google_phones=m o . h i t
moksha	moksha	m o k . s y ax		spoken_nepali	google_ne_lr_2018	candidate_latin		google_phones=m o k . s y ax
molecular	molecular	m o . l i . k y u . l ax r		spoken_nepali	google_ne_lr_2018	candidate_latin		google_phones=m o . l i . k y u . l ax r
molina	molina	m o . l i . n aa		spoken_nepali	google_ne_lr_2018	candidate_latin		google_phones=m o . l i . n aa
moment	moment	m o . m e n tx		spoken_nepali	google_ne_lr_2018	candidate_latin		google_phones=m o . m e n tt
mondelez	mondelez	m o n . dx e . l e dz		spoken_nepali	google_ne_lr_2018	candidate_latin		google_phones=m o n . dd e . l e jh
mongolian	mongolian	m ax n . g o . l i . y ax n		spoken_nepali	google_ne_lr_2018	candidate_latin		google_phones=m ax n . g o . l i . y ax n
mongoloid	mongoloid	m ax ng . g o . l oj dx		spoken_nepali	google_ne_lr_2018	candidate_latin		google_phones=m ax ng . g o . l oj dd
mongoose	mongoose	m ax ng . g u dz		spoken_nepali	google_ne_lr_2018	candidate_latin		google_phones=m ax ng . g u jh
monika	monika	m o . n i . k aa		spoken_nepali	google_ne_lr_2018	candidate_latin		google_phones=m o . n i . k aa
monitor	monitor	m ax . n i . tx ax r		spoken_nepali	google_ne_lr_2018	candidate_latin		google_phones=m ax . n i . tt ax r
monitoring	monitoring	m o . n i . tx ax . r i ng		spoken_nepali	google_ne_lr_2018	candidate_latin		google_phones=m o . n i . tt ax . r i ng
monk	monk	m o ng k		spoken_nepali	google_ne_lr_2018	candidate_latin		google_phones=m o ng k
monoamine	monoamine	m o . n o . y aa . m i n		spoken_nepali	google_ne_lr_2018	candidate_latin		google_phones=m o . n o . y aa . m i n
monochrome	monochrome	m o . n o . k r o m		spoken_nepali	google_ne_lr_2018	candidate_latin		google_phones=m o . n o . k r o m
monocotyledon	monocotyledon	m o . n o . k o . tx i . l e . dx ax n		spoken_nepali	google_ne_lr_2018	candidate_latin		google_phones=m o . n o . k o . tt i . l e . dd ax n
monoxide	monoxide	m o . n o k . s aaj dx		spoken_nepali	google_ne_lr_2018	candidate_latin		google_phones=m o . n o k . s aaj dd
monsanto	monsanto	m o n . s y aa n . tx o		spoken_nepali	google_ne_lr_2018	candidate_latin		google_phones=m o n . s y aa n . tt o
monsoon	monsoon	m ax n . s u n		spoken_nepali	google_ne_lr_2018	candidate_latin		google_phones=m ax n . s u n
monsta	monsta	m o n s . tx aa		spoken_nepali	google_ne_lr_2018	candidate_latin		google_phones=m o n s . tt aa
monster	monster	m o n s . tx ax r		spoken_nepali	google_ne_lr_2018	candidate_latin		google_phones=m o n s . tt ax r
monsters	monsters	m o n s . tx ax r s		spoken_nepali	google_ne_lr_2018	candidate_latin		google_phones=m o n s . tt ax r s
monte	monte	m o n . tx e		spoken_nepali	google_ne_lr_2018	candidate_latin		google_phones=m o n . tt e
month	month	m ax n th		spoken_nepali	google_ne_lr_2018	candidate_latin		google_phones=m ax n th
mood	mood	m u dx		spoken_nepali	google_ne_lr_2018	candidate_latin		google_phones=m u dd
moodle	moodle	m u . dx ax l		spoken_nepali	google_ne_lr_2018	candidate_latin		google_phones=m u . dd ax l
moon	moon	m u n		spoken_nepali	google_ne_lr_2018	candidate_latin		google_phones=m u n
moral	moral	m o . r ax l		spoken_nepali	google_ne_lr_2018	candidate_latin		google_phones=m o . r ax l
morale	morale	m o . r aa l		spoken_nepali	google_ne_lr_2018	candidate_latin		google_phones=m o . r aa l
morgan	morgan	m o r . g ax n		spoken_nepali	google_ne_lr_2018	candidate_latin		google_phones=m o r . g ax n
morris	morris	m o . r i s		spoken_nepali	google_ne_lr_2018	candidate_latin		google_phones=m o . r i s
morrison	morrison	m o . r i . s ax n		spoken_nepali	google_ne_lr_2018	candidate_latin		google_phones=m o . r i . s ax n
mortal	mortal	m o r . tx ax l		spoken_nepali	google_ne_lr_2018	candidate_latin		google_phones=m o r . tt ax l
mortar	mortar	m o r . tx ax r		spoken_nepali	google_ne_lr_2018	candidate_latin		google_phones=m o r . tt ax r
morula	morula	m o . r u . l aa		spoken_nepali	google_ne_lr_2018	candidate_latin		google_phones=m o . r u . l aa
mosaic	mosaic	m o . dz aaj k		spoken_nepali	google_ne_lr_2018	candidate_latin		google_phones=m o . jh aaj k
mother	mother	m ax . d ax r		spoken_nepali	google_ne_lr_2018	candidate_latin		google_phones=m ax . d ax r
motion	motion	m o . s ax n		spoken_nepali	google_ne_lr_2018	candidate_latin		google_phones=m o . s ax n
motivation	motivation	m o . tx i . bh e . s ax n		spoken_nepali	google_ne_lr_2018	candidate_latin		google_phones=m o . tt i . bh e . s ax n
motive	motive	m o . tx i bh		spoken_nepali	google_ne_lr_2018	candidate_latin		google_phones=m o . tt i bh
moto	moto	m o . tx o		spoken_nepali	google_ne_lr_2018	candidate_latin		google_phones=m o . tt o
motocross	motocross	m o . tx o . k r ax s		spoken_nepali	google_ne_lr_2018	candidate_latin		google_phones=m o . tt o . k r ax s
motor	motor	m o . tx ax r		spoken_nepali	google_ne_lr_2018	candidate_latin		google_phones=m o . tt ax r
motorcycle	motorcycle	m o . tx ax r . s aaj . k ax l		spoken_nepali	google_ne_lr_2018	candidate_latin		google_phones=m o . tt ax r . s aaj . k ax l
motorola	motorola	m o . tx o . r o . l aa		spoken_nepali	google_ne_lr_2018	candidate_latin		google_phones=m o . tt o . r o . l aa
motors	motors	m o . tx ax r s		spoken_nepali	google_ne_lr_2018	candidate_latin		google_phones=m o . tt ax r s
mount	mount	m aaw n tx		spoken_nepali	google_ne_lr_2018	candidate_latin		google_phones=m aaw n tt
mountain	mountain	m aaw n . tx e n		spoken_nepali	google_ne_lr_2018	candidate_latin		google_phones=m aaw n . tt e n
mourning	mourning	m axw r . n i ng		spoken_nepali	google_ne_lr_2018	candidate_latin		google_phones=m axw r . n i ng
mouth	mouth	m aaw th		spoken_nepali	google_ne_lr_2018	candidate_latin		google_phones=m aaw th
move	move	m u bh		spoken_nepali	google_ne_lr_2018	candidate_latin		google_phones=m u bh
movement	movement	m u bh . m e n tx		spoken_nepali	google_ne_lr_2018	candidate_latin		google_phones=m u bh . m e n tt
movies	movies	m u . bh i dz		spoken_nepali	google_ne_lr_2018	candidate_latin		google_phones=m u . bh i jh
msn	msn	e m . e s . e n		spoken_nepali	google_ne_lr_2018	candidate_latin		google_phones=e m . e s . e n
mtv	mtv			spoken_nepali	google_ne_lr_2018	candidate_latin		google_phones=
muhammad	muhammad	m u . h ax m . m ax d		spoken_nepali	google_ne_lr_2018	candidate_latin		google_phones=m u . h ax m . m ax d
mujra	mujra	m u dz . r aa		spoken_nepali	google_ne_lr_2018	candidate_latin		google_phones=m u jh . r aa
mukesh	mukesh	m u . k e s		spoken_nepali	google_ne_lr_2018	candidate_latin		google_phones=m u . k e s
mukhopadhyaya	mukhopadhyaya	m u . kh o . p aa dh . dh y aa . y ax		spoken_nepali	google_ne_lr_2018	candidate_latin		google_phones=m u . kh o . p aa dh . dh y aa . y ax
mukul	mukul	m u . k u l		spoken_nepali	google_ne_lr_2018	candidate_latin		google_phones=m u . k u l
mukunda	mukunda	m u . k u n . d ax		spoken_nepali	google_ne_lr_2018	candidate_latin		google_phones=m u . k u n . d ax
mulay	mulay	m u . l aaj		spoken_nepali	google_ne_lr_2018	candidate_latin		google_phones=m u . l aaj
multicellular	multicellular	m ax l . tx i . s e . l y u . l ax r		spoken_nepali	google_ne_lr_2018	candidate_latin		google_phones=m ax l . tt i . s e . l y u . l ax r
multimediacard	multimediacard	m ax l . tx i . m i . dx i . y aa . k aa r dx		spoken_nepali	google_ne_lr_2018	candidate_latin		google_phones=m ax l . tt i . m i . dd i . y aa . k aa r dd
multinational	multinational	m ax l . tx i . n e s . n ax l		spoken_nepali	google_ne_lr_2018	candidate_latin		google_phones=m ax l . tt i . n e s . n ax l
multinodular	multinodular	m ax l . tx i . n o . dx u . l ax r		spoken_nepali	google_ne_lr_2018	candidate_latin		google_phones=m ax l . tt i . n o . dd u . l ax r
multiple	multiple	m ax l . tx i . p ax l		spoken_nepali	google_ne_lr_2018	candidate_latin		google_phones=m ax l . tt i . p ax l
multiplicative	multiplicative	m ax l . tx i . p l i . k e . tx i bh		spoken_nepali	google_ne_lr_2018	candidate_latin		google_phones=m ax l . tt i . p l i . k e . tt i bh
multivitamin	multivitamin	m ax l . tx i . bh i . tx aa . m i n		spoken_nepali	google_ne_lr_2018	candidate_latin		google_phones=m ax l . tt i . bh i . tt aa . m i n
mumbai	mumbai	m u m . b axj		spoken_nepali	google_ne_lr_2018	candidate_latin		google_phones=m u m . b axj
muna	muna	m u . n aa		spoken_nepali	google_ne_lr_2018	candidate_latin		google_phones=m u . n aa
munday	munday	m u n . dx e		spoken_nepali	google_ne_lr_2018	candidate_latin		google_phones=m u n . dd e
munesh	munesh	m u . n e s		spoken_nepali	google_ne_lr_2018	candidate_latin		google_phones=m u . n e s
municipal	municipal	m y u . n i . s i . p ax l		spoken_nepali	google_ne_lr_2018	candidate_latin		google_phones=m y u . n i . s i . p ax l
munna	munna	m u n . n aa		spoken_nepali	google_ne_lr_2018	candidate_latin		google_phones=m u n . n aa
murad	murad	m u . r aa d		spoken_nepali	google_ne_lr_2018	candidate_latin		google_phones=m u . r aa d
murmur	murmur	m ax r . m ax r		spoken_nepali	google_ne_lr_2018	candidate_latin		google_phones=m ax r . m ax r
muscle	muscle	m ax . s ax l		spoken_nepali	google_ne_lr_2018	candidate_latin		google_phones=m ax . s ax l
muscles	muscles	m ax . s ax l s		spoken_nepali	google_ne_lr_2018	candidate_latin		google_phones=m ax . s ax l s
museum	museum	m y u . dz i . y ax m		spoken_nepali	google_ne_lr_2018	candidate_latin		google_phones=m y u . jh i . y ax m
mushroom	mushroom	m ax s . r u m		spoken_nepali	google_ne_lr_2018	candidate_latin		google_phones=m ax s . r u m
music	music	m y u . dz i k		spoken_nepali	google_ne_lr_2018	candidate_latin		google_phones=m y u . jh i k
musk	musk	m ax s k		spoken_nepali	google_ne_lr_2018	candidate_latin		google_phones=m ax s k
musketeers	musketeers	m ax s . k e . tx i . y ax r s		spoken_nepali	google_ne_lr_2018	candidate_latin		google_phones=m ax s . k e . tt i . y ax r s
muskurane	muskurane	m u s . k u . r aaw . n e		spoken_nepali	google_ne_lr_2018	candidate_latin		google_phones=m u s . k u . r aaw . n e
muslin	muslin	m ax s . l i n		spoken_nepali	google_ne_lr_2018	candidate_latin		google_phones=m ax s . l i n
mustang	mustang	m u s . t aa ng		spoken_nepali	google_ne_lr_2018	candidate_latin		google_phones=m u s . t aa ng
mustard	mustard	m ax s . tx aa r dx		spoken_nepali	google_ne_lr_2018	candidate_latin		google_phones=m ax s . tt aa r dd
my	my	m aaj		spoken_nepali	google_ne_lr_2018	candidate_latin		google_phones=m aaj
mycoplasma	mycoplasma	m aaj . k o . p l aa dz . m aa		spoken_nepali	google_ne_lr_2018	candidate_latin		google_phones=m aaj . k o . p l aa jh . m aa
mylan	mylan	m aaj . l y aa n		spoken_nepali	google_ne_lr_2018	candidate_latin		google_phones=m aaj . l y aa n
n	n	e n		spoken_nepali	google_ne_lr_2018	candidate_latin		google_phones=e n
na	na	n ax		spoken_nepali	google_ne_lr_2018	candidate_latin		google_phones=n ax
naach	naach	n aa ts		spoken_nepali	google_ne_lr_2018	candidate_latin		google_phones=n aa ts
naam	naam	n aa m		spoken_nepali	google_ne_lr_2018	candidate_latin		google_phones=n aa m
nabil	nabil	n ax . b i l		spoken_nepali	google_ne_lr_2018	candidate_latin		google_phones=n ax . b i l
nabina	nabina	n ax . b i . n aa		spoken_nepali	google_ne_lr_2018	candidate_latin		google_phones=n ax . b i . n aa
nadaan	nadaan	n aa . d aa n		spoken_nepali	google_ne_lr_2018	candidate_latin		google_phones=n aa . d aa n
nadeesha	nadeesha	n ax . d i . s aa		spoken_nepali	google_ne_lr_2018	candidate_latin		google_phones=n ax . d i . s aa
nag	nag	n aa g		spoken_nepali	google_ne_lr_2018	candidate_latin		google_phones=n aa g
nagahama	nagahama	n aa . g aa . h aa . m aa		spoken_nepali	google_ne_lr_2018	candidate_latin		google_phones=n aa . g aa . h aa . m aa
nagar	nagar	n ax . g ax r		spoken_nepali	google_ne_lr_2018	candidate_latin		google_phones=n ax . g ax r
nagarkot	nagarkot	n ax . g ax r . k o tx		spoken_nepali	google_ne_lr_2018	candidate_latin		google_phones=n ax . g ax r . k o tt
nagin	nagin	n aa . g i n		spoken_nepali	google_ne_lr_2018	candidate_latin		google_phones=n aa . g i n
naharlagun	naharlagun	n ax . h ax r . l aa . g u n		spoken_nepali	google_ne_lr_2018	candidate_latin		google_phones=n ax . h ax r . l aa . g u n
nai	nai	n aaj		spoken_nepali	google_ne_lr_2018	candidate_latin		google_phones=n aaj
naimisha	naimisha	n axj . m i . s ax		spoken_nepali	google_ne_lr_2018	candidate_latin		google_phones=n axj . m i . s ax
nalanda	nalanda	n aa . l ax n . d aa		spoken_nepali	google_ne_lr_2018	candidate_latin		google_phones=n aa . l ax n . d aa
nam	nam	n aa m		spoken_nepali	google_ne_lr_2018	candidate_latin		google_phones=n aa m
namastey	namastey	n ax . m ax s . t e		spoken_nepali	google_ne_lr_2018	candidate_latin		google_phones=n ax . m ax s . t e
namche	namche	n aa m . ts e		spoken_nepali	google_ne_lr_2018	candidate_latin		google_phones=n aa m . ts e
name	name	n e m		spoken_nepali	google_ne_lr_2018	candidate_latin		google_phones=n e m
namish	namish	n aa . m i s		spoken_nepali	google_ne_lr_2018	candidate_latin		google_phones=n aa . m i s
nanak	nanak	n aa . n ax k		spoken_nepali	google_ne_lr_2018	candidate_latin		google_phones=n aa . n ax k
nanchang	nanchang	n ax n . ts y aa ng		spoken_nepali	google_ne_lr_2018	candidate_latin		google_phones=n ax n . ts y aa ng
nanda	nanda	n ax n . d ax		spoken_nepali	google_ne_lr_2018	candidate_latin		google_phones=n ax n . d ax
nandagopal	nandagopal	n ax n . d ax . g o . p aa l		spoken_nepali	google_ne_lr_2018	candidate_latin		google_phones=n ax n . d ax . g o . p aa l
nandita	nandita	n ax n . d i . t aa		spoken_nepali	google_ne_lr_2018	candidate_latin		google_phones=n ax n . d i . t aa
nanga	nanga	n ax ng . g aa		spoken_nepali	google_ne_lr_2018	candidate_latin		google_phones=n ax ng . g aa
nanning	nanning	n y aa . n i ng		spoken_nepali	google_ne_lr_2018	candidate_latin		google_phones=n y aa . n i ng
napkin	napkin	n y aa p . k i n		spoken_nepali	google_ne_lr_2018	candidate_latin		google_phones=n y aa p . k i n
narasimha	narasimha	n ax r . s i ng . h aa		spoken_nepali	google_ne_lr_2018	candidate_latin		google_phones=n ax r . s i ng . h aa
narayan	narayan	n aa . r aa . y ax n		spoken_nepali	google_ne_lr_2018	candidate_latin		google_phones=n aa . r aa . y ax n
narayana	narayana	n aa . r aa . y ax n		spoken_nepali	google_ne_lr_2018	candidate_latin		google_phones=n aa . r aa . y ax nn
narendra	narendra	n ax . r e n . d r ax		spoken_nepali	google_ne_lr_2018	candidate_latin		google_phones=n ax . r e n . d r ax
narine	narine	n y aa . r i n		spoken_nepali	google_ne_lr_2018	candidate_latin		google_phones=n y aa . r i n
narrative	narrative	n y aa . r e . tx i b		spoken_nepali	google_ne_lr_2018	candidate_latin		google_phones=n y aa . r e . tt i b
naruto	naruto	n aa . r u . tx o		spoken_nepali	google_ne_lr_2018	candidate_latin		google_phones=n aa . r u . tt o
nash	nash	n aa s		spoken_nepali	google_ne_lr_2018	candidate_latin		google_phones=n aa s
natasha	natasha	n ax . t aa . s aa		spoken_nepali	google_ne_lr_2018	candidate_latin		google_phones=n ax . t aa . s aa
nath	nath	n aa th		spoken_nepali	google_ne_lr_2018	candidate_latin		google_phones=n aa th
nathan	nathan	n aa . th ax n		spoken_nepali	google_ne_lr_2018	candidate_latin		google_phones=n aa . th ax n
nation	nation	n e . s ax n		spoken_nepali	google_ne_lr_2018	candidate_latin		google_phones=n e . s ax n
national	national	n e s . n ax l		spoken_nepali	google_ne_lr_2018	candidate_latin		google_phones=n e s . n ax l
nationalism	nationalism	n y aa s . n ax . l i dz m		spoken_nepali	google_ne_lr_2018	candidate_latin		google_phones=n y aa s . n ax . l i jh m
nations	nations	n e . s ax n s		spoken_nepali	google_ne_lr_2018	candidate_latin		google_phones=n e . s ax n s
nationwide	nationwide	n e . s ax n . w aaj dx		spoken_nepali	google_ne_lr_2018	candidate_latin		google_phones=n e . s ax n . w aaj dd
native	native	n e . tx i bh		spoken_nepali	google_ne_lr_2018	candidate_latin		google_phones=n e . tt i bh
natural	natural	n y aa . ts u . r ax l		spoken_nepali	google_ne_lr_2018	candidate_latin		google_phones=n y aa . ts u . r ax l
naturalism	naturalism	n y aa . ts u . r aa . l i . dz ax m		spoken_nepali	google_ne_lr_2018	candidate_latin		google_phones=n y aa . ts u . r aa . l i . jh ax m
nautiyal	nautiyal	n axw . tx i . y ax l		spoken_nepali	google_ne_lr_2018	candidate_latin		google_phones=n axw . tt i . y ax l
navara	navara	n ax . bh ax . r aa		spoken_nepali	google_ne_lr_2018	candidate_latin		google_phones=n ax . bh ax . r aa
navistar	navistar	n y aa . bh i . s tx aa r		spoken_nepali	google_ne_lr_2018	candidate_latin		google_phones=n y aa . bh i . s tt aa r
navtej	navtej	n ax bh . t e dz		spoken_nepali	google_ne_lr_2018	candidate_latin		google_phones=n ax bh . t e jh
nawa	nawa	n ax . w ax		spoken_nepali	google_ne_lr_2018	candidate_latin		google_phones=n ax . w ax
nayak	nayak	n aa . y ax k		spoken_nepali	google_ne_lr_2018	candidate_latin		google_phones=n aa . y ax k
nayantara	nayantara	n ax . y ax n . t aa . r aa		spoken_nepali	google_ne_lr_2018	candidate_latin		google_phones=n ax . y ax n . t aa . r aa
nayyar	nayyar	n axj . y ax r		spoken_nepali	google_ne_lr_2018	candidate_latin		google_phones=n axj . y ax r
nechung	nechung	n e . ts u ng		spoken_nepali	google_ne_lr_2018	candidate_latin		google_phones=n e . ts u ng
necrosis	necrosis	n e . k r o . s i s		spoken_nepali	google_ne_lr_2018	candidate_latin		google_phones=n e . k r o . s i s
neel	neel	n i l		spoken_nepali	google_ne_lr_2018	candidate_latin		google_phones=n i l
neelakanta	neelakanta	n i l . k aa n . t ax		spoken_nepali	google_ne_lr_2018	candidate_latin		google_phones=n i l . k aa n . t ax
neem	neem	n i m		spoken_nepali	google_ne_lr_2018	candidate_latin		google_phones=n i m
neer	neer	n i r		spoken_nepali	google_ne_lr_2018	candidate_latin		google_phones=n i r
neeraj	neeraj	n i . r ax dz		spoken_nepali	google_ne_lr_2018	candidate_latin		google_phones=n i . r ax jh
negative	negative	n e . g e . tx i bh		spoken_nepali	google_ne_lr_2018	candidate_latin		google_phones=n e . g e . tt i bh
neha	neha	n e . h aa		spoken_nepali	google_ne_lr_2018	candidate_latin		google_phones=n e . h aa
nemours	nemours	n y u . m ax r s		spoken_nepali	google_ne_lr_2018	candidate_latin		google_phones=n y u . m ax r s
neoconservatism	neoconservatism	n i . y o . k ax n . dz ax r . bh e . tx i dz m		spoken_nepali	google_ne_lr_2018	candidate_latin		google_phones=n i . y o . k ax n . jh ax r . bh e . tt i jh m
nepal	nepal	n e . p aa l		spoken_nepali	google_ne_lr_2018	candidate_latin		google_phones=n e . p aa l
nepalese	nepalese	n e p . l i dz		spoken_nepali	google_ne_lr_2018	candidate_latin		google_phones=n e p . l i jh
nepalgunj	nepalgunj	n e . p aa l . g ax n dz		spoken_nepali	google_ne_lr_2018	candidate_latin		google_phones=n e . p aa l . g ax n jh
nephritis	nephritis	n e . ph r aaj . tx i s		spoken_nepali	google_ne_lr_2018	candidate_latin		google_phones=n e . ph r aaj . tt i s
nepsa	nepsa	n e p . s aa		spoken_nepali	google_ne_lr_2018	candidate_latin		google_phones=n e p . s aa
nerve	nerve	n ax r bh		spoken_nepali	google_ne_lr_2018	candidate_latin		google_phones=n ax r bh
nervous	nervous	n ax r . bh ax s		spoken_nepali	google_ne_lr_2018	candidate_latin		google_phones=n ax r . bh ax s
net	net	n e tx		spoken_nepali	google_ne_lr_2018	candidate_latin		google_phones=n e tt
netapp	netapp	n e tx . e p		spoken_nepali	google_ne_lr_2018	candidate_latin		google_phones=n e tt . e p
netflix	netflix	n e tx . ph l i k s		spoken_nepali	google_ne_lr_2018	candidate_latin		google_phones=n e tt . ph l i k s
nettle	nettle	n e . tx ax l		spoken_nepali	google_ne_lr_2018	candidate_latin		google_phones=n e . tt ax l
network	network	n e tx . w ax r k		spoken_nepali	google_ne_lr_2018	candidate_latin		google_phones=n e tt . w ax r k
neural	neural	n y u . r ax l		spoken_nepali	google_ne_lr_2018	candidate_latin		google_phones=n y u . r ax l
neurocysticercosis	neurocysticercosis	n y u . r o . s i s . tx i . s e r . k o . s i s		spoken_nepali	google_ne_lr_2018	candidate_latin		google_phones=n y u . r o . s i s . tt i . s e r . k o . s i s
neurotransmitter	neurotransmitter	n y u . r o . t r aa n s . m i . tx ax r		spoken_nepali	google_ne_lr_2018	candidate_latin		google_phones=n y u . r o . t r aa n s . m i . tt ax r
neutron	neutron	n y u . tx r o n		spoken_nepali	google_ne_lr_2018	candidate_latin		google_phones=n y u . tt r o n
neutropenia	neutropenia	n y u . tx r o . p e . n i . y aa		spoken_nepali	google_ne_lr_2018	candidate_latin		google_phones=n y u . tt r o . p e . n i . y aa
nevada	nevada	n e . bh aa . d ax		spoken_nepali	google_ne_lr_2018	candidate_latin		google_phones=n e . bh aa . d ax
never	never	n e . bh ax r		spoken_nepali	google_ne_lr_2018	candidate_latin		google_phones=n e . bh ax r
neverlake	neverlake	n e . bh ax r . l e k		spoken_nepali	google_ne_lr_2018	candidate_latin		google_phones=n e . bh ax r . l e k
newcastle	newcastle	n y u . k y aa . s ax l		spoken_nepali	google_ne_lr_2018	candidate_latin		google_phones=n y u . k y aa . s ax l
newell	newell	n i . w e l		spoken_nepali	google_ne_lr_2018	candidate_latin		google_phones=n i . w e l
newmont	newmont	n y u . m o n tx		spoken_nepali	google_ne_lr_2018	candidate_latin		google_phones=n y u . m o n tt
news	news	n y u dz		spoken_nepali	google_ne_lr_2018	candidate_latin		google_phones=n y u jh
newspaper	newspaper	n y u dz . p e . p ax r		spoken_nepali	google_ne_lr_2018	candidate_latin		google_phones=n y u jh . p e . p ax r
newspapers	newspapers	n y u dz . p e . p ax r s		spoken_nepali	google_ne_lr_2018	candidate_latin		google_phones=n y u jh . p e . p ax r s
nextera	nextera	n e k s . tx e . r aa		spoken_nepali	google_ne_lr_2018	candidate_latin		google_phones=n e k s . tt e . r aa
nexus	nexus	n e k . s ax s		spoken_nepali	google_ne_lr_2018	candidate_latin		google_phones=n e k . s ax s
niagara	niagara	n i . y aa . g ax . r ax		spoken_nepali	google_ne_lr_2018	candidate_latin		google_phones=n i . y aa . g ax . r ax
nice	nice	n aaj s		spoken_nepali	google_ne_lr_2018	candidate_latin		google_phones=n aaj s
nick	nick	n i k		spoken_nepali	google_ne_lr_2018	candidate_latin		google_phones=n i k
nicolas	nicolas	n i . k o . l ax s		spoken_nepali	google_ne_lr_2018	candidate_latin		google_phones=n i . k o . l ax s
nicolaus	nicolaus	n i . k o . l ax s		spoken_nepali	google_ne_lr_2018	candidate_latin		google_phones=n i . k o . l ax s
nicotinamide	nicotinamide	n i . k o . tx i . n aa . m aaj dx		spoken_nepali	google_ne_lr_2018	candidate_latin		google_phones=n i . k o . tt i . n aa . m aaj dd
nicotine	nicotine	n i . k o . tx i n		spoken_nepali	google_ne_lr_2018	candidate_latin		google_phones=n i . k o . tt i n
nictitating	nictitating	n i k . tx i . tx e . tx i ng		spoken_nepali	google_ne_lr_2018	candidate_latin		google_phones=n i k . tt i . tt e . tt i ng
nigam	nigam	n i . g ax m		spoken_nepali	google_ne_lr_2018	candidate_latin		google_phones=n i . g ax m
night	night	n aaj tx		spoken_nepali	google_ne_lr_2018	candidate_latin		google_phones=n aaj tt
nightclub	nightclub	n aaj tx . k l ax b		spoken_nepali	google_ne_lr_2018	candidate_latin		google_phones=n aaj tt . k l ax b
nike	nike	n aaj k		spoken_nepali	google_ne_lr_2018	candidate_latin		google_phones=n aaj k
nikita	nikita	n i . k i . t aa		spoken_nepali	google_ne_lr_2018	candidate_latin		google_phones=n i . k i . t aa
nikon	nikon	n i . k o n		spoken_nepali	google_ne_lr_2018	candidate_latin		google_phones=n i . k o n
nilayam	nilayam	n i . l ax . y ax m		spoken_nepali	google_ne_lr_2018	candidate_latin		google_phones=n i . l ax . y ax m
nimdoma	nimdoma	n i m . dx o . m aa		spoken_nepali	google_ne_lr_2018	candidate_latin		google_phones=n i m . dd o . m aa
nintendo	nintendo	n i n . tx e n . dx o		spoken_nepali	google_ne_lr_2018	candidate_latin		google_phones=n i n . tt e n . dd o
nirajan	nirajan	n i . r aa . dz ax n		spoken_nepali	google_ne_lr_2018	candidate_latin		google_phones=n i . r aa . jh ax n
nirmala	nirmala	n i r . m ax . l aa		spoken_nepali	google_ne_lr_2018	candidate_latin		google_phones=n i r . m ax . l aa
nisargadatta	nisargadatta	n i . s ax r . g ax . d ax t . t ax		spoken_nepali	google_ne_lr_2018	candidate_latin		google_phones=n i . s ax r . g ax . d ax t . t ax
nisha	nisha	n i . s aa		spoken_nepali	google_ne_lr_2018	candidate_latin		google_phones=n i . s aa
nisource	nisource	n i . s o r s		spoken_nepali	google_ne_lr_2018	candidate_latin		google_phones=n i . s o r s
nissan	nissan	n i . s aa n		spoken_nepali	google_ne_lr_2018	candidate_latin		google_phones=n i . s aa n
nitish	nitish	n i . t i s		spoken_nepali	google_ne_lr_2018	candidate_latin		google_phones=n i . t i s
nitra	nitra	n i . t r ax		spoken_nepali	google_ne_lr_2018	candidate_latin		google_phones=n i . t r ax
nitrate	nitrate	n aaj . tx r e tx		spoken_nepali	google_ne_lr_2018	candidate_latin		google_phones=n aaj . tt r e tt
nitrification	nitrification	n aaj . tx r i . ph i . k e . s ax n		spoken_nepali	google_ne_lr_2018	candidate_latin		google_phones=n aaj . tt r i . ph i . k e . s ax n
nitrite	nitrite	n aaj tx . tx r aaj tx		spoken_nepali	google_ne_lr_2018	candidate_latin		google_phones=n aaj tt . tt r aaj tt
no	no	n o		spoken_nepali	google_ne_lr_2018	candidate_latin		google_phones=n o
nobel	nobel	n o . b e l		spoken_nepali	google_ne_lr_2018	candidate_latin		google_phones=n o . b e l
noble	noble	n o . b ax l		spoken_nepali	google_ne_lr_2018	candidate_latin		google_phones=n o . b ax l
nokia	nokia	n o . k i . y aa		spoken_nepali	google_ne_lr_2018	candidate_latin		google_phones=n o . k i . y aa
nomenclature	nomenclature	n o . m e n . k l e . ts ax r		spoken_nepali	google_ne_lr_2018	candidate_latin		google_phones=n o . m e n . k l e . ts ax r
nonsense	nonsense	n ax n . s e n s		spoken_nepali	google_ne_lr_2018	candidate_latin		google_phones=n ax n . s e n s
noon	noon	n u n		spoken_nepali	google_ne_lr_2018	candidate_latin		google_phones=n u n
nordstrom	nordstrom	n ax r dx . s tx r o m		spoken_nepali	google_ne_lr_2018	candidate_latin		google_phones=n ax r dd . s tt r o m
norfolk	norfolk	n ax r . ph o k		spoken_nepali	google_ne_lr_2018	candidate_latin		google_phones=n ax r . ph o k
norgay	norgay	n o r . g e		spoken_nepali	google_ne_lr_2018	candidate_latin		google_phones=n o r . g e
normal	normal	n ax r . m ax l		spoken_nepali	google_ne_lr_2018	candidate_latin		google_phones=n ax r . m ax l
northeast	northeast	n ax r th . i s tx		spoken_nepali	google_ne_lr_2018	candidate_latin		google_phones=n ax r th . i s tt
northern	northern	n ax r . d ax r n		spoken_nepali	google_ne_lr_2018	candidate_latin		google_phones=n ax r . d ax r n
northrop	northrop	n ax r . th r o p		spoken_nepali	google_ne_lr_2018	candidate_latin		google_phones=n ax r . th r o p
northwestern	northwestern	n ax r th . w e s . tx ax r n		spoken_nepali	google_ne_lr_2018	candidate_latin		google_phones=n ax r th . w e s . tt ax r n
nose	nose	n o dz		spoken_nepali	google_ne_lr_2018	candidate_latin		google_phones=n o jh
not	not	n ax tx		spoken_nepali	google_ne_lr_2018	candidate_latin		google_phones=n ax tt
note	note	n o tx		spoken_nepali	google_ne_lr_2018	candidate_latin		google_phones=n o tt
notebook	notebook	n o tx . b u k		spoken_nepali	google_ne_lr_2018	candidate_latin		google_phones=n o tt . b u k
notepad	notepad	n o tx . p y aa dx		spoken_nepali	google_ne_lr_2018	candidate_latin		google_phones=n o tt . p y aa dd
nothing	nothing	n ax . th i ng		spoken_nepali	google_ne_lr_2018	candidate_latin		google_phones=n ax . th i ng
now	now	n aaw		spoken_nepali	google_ne_lr_2018	candidate_latin		google_phones=n aaw
nuclear	nuclear	n y u . k l i . y ax r		spoken_nepali	google_ne_lr_2018	candidate_latin		google_phones=n y u . k l i . y ax r
nucor	nucor	n y u . k ax r		spoken_nepali	google_ne_lr_2018	candidate_latin		google_phones=n y u . k ax r
number	number	n ax m . b ax r		spoken_nepali	google_ne_lr_2018	candidate_latin		google_phones=n ax m . b ax r
numbers	numbers	n ax m . b ax r s		spoken_nepali	google_ne_lr_2018	candidate_latin		google_phones=n ax m . b ax r s
numerical	numerical	n y u . m e . r i . k ax l		spoken_nepali	google_ne_lr_2018	candidate_latin		google_phones=n y u . m e . r i . k ax l
nuptse	nuptse	n u p . s e		spoken_nepali	google_ne_lr_2018	candidate_latin		google_phones=n u p . s e
nupur	nupur	n u . p u r		spoken_nepali	google_ne_lr_2018	candidate_latin		google_phones=n u . p u r
nursing	nursing	n ax r . s i ng		spoken_nepali	google_ne_lr_2018	candidate_latin		google_phones=n ax r . s i ng
nutrition	nutrition	n y u tx . tx r i . s ax n		spoken_nepali	google_ne_lr_2018	candidate_latin		google_phones=n y u tt . tt r i . s ax n
nuts	nuts	n ax tx s		spoken_nepali	google_ne_lr_2018	candidate_latin		google_phones=n ax tt s
o	o	o		spoken_nepali	google_ne_lr_2018	candidate_latin		google_phones=o
oake	oake	o . e k		spoken_nepali	google_ne_lr_2018	candidate_latin		google_phones=o . e k
oasis	oasis	o . e . s i s		spoken_nepali	google_ne_lr_2018	candidate_latin		google_phones=o . e . s i s
oatmeal	oatmeal	o tx . m i l		spoken_nepali	google_ne_lr_2018	candidate_latin		google_phones=o tt . m i l
object	object	ax b . dz e k tx		spoken_nepali	google_ne_lr_2018	candidate_latin		google_phones=ax b . jh e k tt
objection	objection	ax b . dz e k . s ax n		spoken_nepali	google_ne_lr_2018	candidate_latin		google_phones=ax b . jh e k . s ax n
obligation	obligation	ax b . l i . g e . s ax n		spoken_nepali	google_ne_lr_2018	candidate_latin		google_phones=ax b . l i . g e . s ax n
oblongata	oblongata	ax b . l o n . g ax . tx aa		spoken_nepali	google_ne_lr_2018	candidate_latin		google_phones=ax b . l o n . g ax . tt aa
observation	observation	ax b . dz ax r . bh e . s ax n		spoken_nepali	google_ne_lr_2018	candidate_latin		google_phones=ax b . jh ax r . bh e . s ax n
obsessed	obsessed	o b . s e s dx		spoken_nepali	google_ne_lr_2018	candidate_latin		google_phones=o b . s e s dd
obstetric	obstetric	ax b s . tx e tx . tx r i k		spoken_nepali	google_ne_lr_2018	candidate_latin		google_phones=ax b s . tt e tt . tt r i k
occidental	occidental	ax k . s i . dx e n . tx ax l		spoken_nepali	google_ne_lr_2018	candidate_latin		google_phones=ax k . s i . dd e n . tt ax l
occupational	occupational	ax . k y u . p e . s ax . n ax l		spoken_nepali	google_ne_lr_2018	candidate_latin		google_phones=ax . k y u . p e . s ax . n ax l
octet	octet	o k . tx e tx		spoken_nepali	google_ne_lr_2018	candidate_latin		google_phones=o k . tt e tt
odd	odd	ax dx		spoken_nepali	google_ne_lr_2018	candidate_latin		google_phones=ax dd
odisha	odisha	o . dx i . s aa		spoken_nepali	google_ne_lr_2018	candidate_latin		google_phones=o . dd i . s aa
odor	odor	ax . dx o r		spoken_nepali	google_ne_lr_2018	candidate_latin		google_phones=ax . dd o r
of	of	ax ph		spoken_nepali	google_ne_lr_2018	candidate_latin		google_phones=ax ph
office	office	ax . ph i s		spoken_nepali	google_ne_lr_2018	candidate_latin		google_phones=ax . ph i s
officer	officer	ax . ph i . s ax r		spoken_nepali	google_ne_lr_2018	candidate_latin		google_phones=ax . ph i . s ax r
official	official	ax . ph i . s i . y ax l		spoken_nepali	google_ne_lr_2018	candidate_latin		google_phones=ax . ph i . s i . y ax l
offside	offside	ax ph . s aaj dx		spoken_nepali	google_ne_lr_2018	candidate_latin		google_phones=ax ph . s aaj dd
oil	oil	oj l		spoken_nepali	google_ne_lr_2018	candidate_latin		google_phones=oj l
oilwell	oilwell	oj l . w e l		spoken_nepali	google_ne_lr_2018	candidate_latin		google_phones=oj l . w e l
ojha	ojha	o . dzh aa		spoken_nepali	google_ne_lr_2018	candidate_latin		google_phones=o . jhh aa
ola	ola	o . l aa		spoken_nepali	google_ne_lr_2018	candidate_latin		google_phones=o . l aa
olakes	olakes	o . l aa . k ax s		spoken_nepali	google_ne_lr_2018	candidate_latin		google_phones=o . l aa . k ax s
old	old	o l dx		spoken_nepali	google_ne_lr_2018	candidate_latin		google_phones=o l dd
ole	ole	o . l e		spoken_nepali	google_ne_lr_2018	candidate_latin		google_phones=o . l e
olericulture	olericulture	ax . l e . r i . k ax l . ts ax r		spoken_nepali	google_ne_lr_2018	candidate_latin		google_phones=ax . l e . r i . k ax l . ts ax r
oligochaeta	oligochaeta	o . l i . g o . ts e . tx aa		spoken_nepali	google_ne_lr_2018	candidate_latin		google_phones=o . l i . g o . ts e . tt aa
olympiad	olympiad	o . l ax m . p i . y aa dx		spoken_nepali	google_ne_lr_2018	candidate_latin		google_phones=o . l ax m . p i . y aa dd
om	om	o m		spoken_nepali	google_ne_lr_2018	candidate_latin		google_phones=o m
omaha	omaha	o . m aa . h aa		spoken_nepali	google_ne_lr_2018	candidate_latin		google_phones=o . m aa . h aa
omar	omar	o . m ax r		spoken_nepali	google_ne_lr_2018	candidate_latin		google_phones=o . m ax r
omelette	omelette	ax m . l e tx		spoken_nepali	google_ne_lr_2018	candidate_latin		google_phones=ax m . l e tt
omen	omen	o . m ax n		spoken_nepali	google_ne_lr_2018	candidate_latin		google_phones=o . m ax n
omental	omental	o . m e n . tx ax l		spoken_nepali	google_ne_lr_2018	candidate_latin		google_phones=o . m e n . tt ax l
omnicare	omnicare	o m . n i . k e . y ax r		spoken_nepali	google_ne_lr_2018	candidate_latin		google_phones=o m . n i . k e . y ax r
omnicom	omnicom	o m . n i . k ax m		spoken_nepali	google_ne_lr_2018	candidate_latin		google_phones=o m . n i . k ax m
on	on	ax n		spoken_nepali	google_ne_lr_2018	candidate_latin		google_phones=ax n
one	one	w aa n		spoken_nepali	google_ne_lr_2018	candidate_latin		google_phones=w aa n
oneok	oneok	w ax n . o . k e		spoken_nepali	google_ne_lr_2018	candidate_latin		google_phones=w ax n . o . k e
onizuka	onizuka	o . n i . dz u . k aa		spoken_nepali	google_ne_lr_2018	candidate_latin		google_phones=o . n i . jh u . k aa
online	online	ax n . l aaj n		spoken_nepali	google_ne_lr_2018	candidate_latin		google_phones=ax n . l aaj n
opalinidae	opalinidae	o . p aa . l i . n i . dx aa . e		spoken_nepali	google_ne_lr_2018	candidate_latin		google_phones=o . p aa . l i . n i . dd aa . e
open	open	o . p ax n		spoken_nepali	google_ne_lr_2018	candidate_latin		google_phones=o . p ax n
opera	opera	o . p e . r aa		spoken_nepali	google_ne_lr_2018	candidate_latin		google_phones=o . p e . r aa
operating	operating	ax p . r e . tx i ng		spoken_nepali	google_ne_lr_2018	candidate_latin		google_phones=ax p . r e . tt i ng
opinion	opinion	o . p i . n i . y ax n		spoken_nepali	google_ne_lr_2018	candidate_latin		google_phones=o . p i . n i . y ax n
opposite	opposite	ax . p o . dz i tx		spoken_nepali	google_ne_lr_2018	candidate_latin		google_phones=ax . p o . jh i tt
optimization	optimization	ax p . tx i . m aaj . dz e . s ax n		spoken_nepali	google_ne_lr_2018	candidate_latin		google_phones=ax p . tt i . m aaj . jh e . s ax n
optimus	optimus	o p . tx i . m ax s		spoken_nepali	google_ne_lr_2018	candidate_latin		google_phones=o p . tt i . m ax s
option	option	ax p . s ax n		spoken_nepali	google_ne_lr_2018	candidate_latin		google_phones=ax p . s ax n
oracle	oracle	o . r y aa . k ax l		spoken_nepali	google_ne_lr_2018	candidate_latin		google_phones=o . r y aa . k ax l
orbital	orbital	ax r . b i . tx ax l		spoken_nepali	google_ne_lr_2018	candidate_latin		google_phones=ax r . b i . tt ax l
orchid	orchid	ax r . k i dx		spoken_nepali	google_ne_lr_2018	candidate_latin		google_phones=ax r . k i dd
order	order	o r . dx ax r		spoken_nepali	google_ne_lr_2018	candidate_latin		google_phones=o r . dd ax r
ordinance	ordinance	o r . dx i . n e n s		spoken_nepali	google_ne_lr_2018	candidate_latin		google_phones=o r . dd i . n e n s
organ	organ	o r . g ax n		spoken_nepali	google_ne_lr_2018	candidate_latin		google_phones=o r . g ax n
organic	organic	o r . g y aa . n i k		spoken_nepali	google_ne_lr_2018	candidate_latin		google_phones=o r . g y aa . n i k
organism	organism	o r . g y aa . n i . dz ax m		spoken_nepali	google_ne_lr_2018	candidate_latin		google_phones=o r . g y aa . n i . jh ax m
organization	organization	ax r . g ax . n aaj . dz e . s ax n		spoken_nepali	google_ne_lr_2018	candidate_latin		google_phones=ax r . g ax . n aaj . jh e . s ax n
organizational	organizational	ax r . g ax . n aaj . dz e . s ax . n ax l		spoken_nepali	google_ne_lr_2018	candidate_latin		google_phones=ax r . g ax . n aaj . jh e . s ax . n ax l
organizations	organizations	o r . g e . n aaj . dz e . s ax n s		spoken_nepali	google_ne_lr_2018	candidate_latin		google_phones=o r . g e . n aaj . jh e . s ax n s
orient	orient	o . r i . y e n tx		spoken_nepali	google_ne_lr_2018	candidate_latin		google_phones=o . r i . y e n tt
ormus	ormus	ax r . m ax s		spoken_nepali	google_ne_lr_2018	candidate_latin		google_phones=ax r . m ax s
ornamental	ornamental	ax r . n aa . m e n . tx ax l		spoken_nepali	google_ne_lr_2018	candidate_latin		google_phones=ax r . n aa . m e n . tt ax l
orphan	orphan	ax r . ph aa n		spoken_nepali	google_ne_lr_2018	candidate_latin		google_phones=ax r . ph aa n
orphanage	orphanage	ax r . ph y aa . n e dz		spoken_nepali	google_ne_lr_2018	candidate_latin		google_phones=ax r . ph y aa . n e jh
orthogonal	orthogonal	ax r . th o . g o . n ax l		spoken_nepali	google_ne_lr_2018	candidate_latin		google_phones=ax r . th o . g o . n ax l
orthographic	orthographic	ax r . th o . g r aa . ph i k		spoken_nepali	google_ne_lr_2018	candidate_latin		google_phones=ax r . th o . g r aa . ph i k
orthopedic	orthopedic	ax r . th o . p e . dx i k		spoken_nepali	google_ne_lr_2018	candidate_latin		google_phones=ax r . th o . p e . dd i k
oscorp	oscorp	o s . k ax r p		spoken_nepali	google_ne_lr_2018	candidate_latin		google_phones=o s . k ax r p
oshkosh	oshkosh	o s . k o s		spoken_nepali	google_ne_lr_2018	candidate_latin		google_phones=o s . k o s
osmann	osmann	o s . m aa n		spoken_nepali	google_ne_lr_2018	candidate_latin		google_phones=o s . m aa n
osmoregulation	osmoregulation	o s . m o . r e . g u . l e . s ax n		spoken_nepali	google_ne_lr_2018	candidate_latin		google_phones=o s . m o . r e . g u . l e . s ax n
otherwise	otherwise	ax . d ax r . w aaj dz		spoken_nepali	google_ne_lr_2018	candidate_latin		google_phones=ax . d ax r . w aaj jh
otitis	otitis	o . tx aaj . tx i s		spoken_nepali	google_ne_lr_2018	candidate_latin		google_phones=o . tt aaj . tt i s
ottoman	ottoman	ax . tx ax . m ax n		spoken_nepali	google_ne_lr_2018	candidate_latin		google_phones=ax . tt ax . m ax n
ought	ought	aaw tx		spoken_nepali	google_ne_lr_2018	candidate_latin		google_phones=aaw tt
out	out	aaw tx		spoken_nepali	google_ne_lr_2018	candidate_latin		google_phones=aaw tt
outbreak	outbreak	aaw tx . b r e k		spoken_nepali	google_ne_lr_2018	candidate_latin		google_phones=aaw tt . b r e k
outpost	outpost	axw tx . p o s tx		spoken_nepali	google_ne_lr_2018	candidate_latin		google_phones=axw tt . p o s tt
output	output	aaw tx . p u tx		spoken_nepali	google_ne_lr_2018	candidate_latin		google_phones=aaw tt . p u tt
oval	oval	o . bh ax l		spoken_nepali	google_ne_lr_2018	candidate_latin		google_phones=o . bh ax l
overdose	overdose	o . bh ax r . dx o dz		spoken_nepali	google_ne_lr_2018	candidate_latin		google_phones=o . bh ax r . dd o jh
overhead	overhead	o . bh ax r . h e dx		spoken_nepali	google_ne_lr_2018	candidate_latin		google_phones=o . bh ax r . h e dd
overprint	overprint	o . bh ax r . p r i n tx		spoken_nepali	google_ne_lr_2018	candidate_latin		google_phones=o . bh ax r . p r i n tt
overtime	overtime	o . bh ax r . tx aaj m		spoken_nepali	google_ne_lr_2018	candidate_latin		google_phones=o . bh ax r . tt aaj m
ovulation	ovulation	o . bh u . l e . s ax n		spoken_nepali	google_ne_lr_2018	candidate_latin		google_phones=o . bh u . l e . s ax n
owens	owens	axw n dz		spoken_nepali	google_ne_lr_2018	candidate_latin		google_phones=axw n jh
owensillinois	owensillinois	o . w ax n . s i . l i . n o . i s		spoken_nepali	google_ne_lr_2018	candidate_latin		google_phones=o . w ax n . s i . l i . n o . i s
owner	owner	ax . n ax r		spoken_nepali	google_ne_lr_2018	candidate_latin		google_phones=ax . n ax r
ownership	ownership	ax . n ax r . s i p		spoken_nepali	google_ne_lr_2018	candidate_latin		google_phones=ax . n ax r . s i p
ox	ox	ax k s		spoken_nepali	google_ne_lr_2018	candidate_latin		google_phones=ax k s
oxide	oxide	ax k . s aaj dx		spoken_nepali	google_ne_lr_2018	candidate_latin		google_phones=ax k . s aaj dd
oxidizing	oxidizing	ax k . s i . dx aaj . dz i ng		spoken_nepali	google_ne_lr_2018	candidate_latin		google_phones=ax k . s i . dd aaj . jh i ng
oxybenzone	oxybenzone	ax k . s i . b e n . dz o n		spoken_nepali	google_ne_lr_2018	candidate_latin		google_phones=ax k . s i . b e n . jh o n
oxygen	oxygen	ax k . s i . dz ax n		spoken_nepali	google_ne_lr_2018	candidate_latin		google_phones=ax k . s i . jh ax n
oxytocin	oxytocin	ax k . s i . tx o . s i n		spoken_nepali	google_ne_lr_2018	candidate_latin		google_phones=ax k . s i . tt o . s i n
oz	oz	o dz		spoken_nepali	google_ne_lr_2018	candidate_latin		google_phones=o jh
p	p	p i		spoken_nepali	google_ne_lr_2018	candidate_latin		google_phones=p i
paccar	paccar	p y aa k . k aa r		spoken_nepali	google_ne_lr_2018	candidate_latin		google_phones=p y aa k . k aa r
pacific	pacific	p y aa . s i . ph i k		spoken_nepali	google_ne_lr_2018	candidate_latin		google_phones=p y aa . s i . ph i k
pad	pad	p y aa dx		spoken_nepali	google_ne_lr_2018	candidate_latin		google_phones=p y aa dd
paddle	paddle	p y aa . dx ax l		spoken_nepali	google_ne_lr_2018	candidate_latin		google_phones=p y aa . dd ax l
padma	padma	p ax d . m aa		spoken_nepali	google_ne_lr_2018	candidate_latin		google_phones=p ax d . m aa
page	page	p e dz		spoken_nepali	google_ne_lr_2018	candidate_latin		google_phones=p e jh
pagemaker	pagemaker	p e dz . m e . k ax r		spoken_nepali	google_ne_lr_2018	candidate_latin		google_phones=p e jh . m e . k ax r
pagespeed	pagespeed	p e dz . s p i dx		spoken_nepali	google_ne_lr_2018	candidate_latin		google_phones=p e jh . s p i dd
pagoda	pagoda	p y aa . g o . dx aa		spoken_nepali	google_ne_lr_2018	candidate_latin		google_phones=p y aa . g o . dd aa
pain	pain	p e n		spoken_nepali	google_ne_lr_2018	candidate_latin		google_phones=p e n
paint	paint	p e n tx		spoken_nepali	google_ne_lr_2018	candidate_latin		google_phones=p e n tt
paintball	paintball	p e n tx . b ax l		spoken_nepali	google_ne_lr_2018	candidate_latin		google_phones=p e n tt . b ax l
painter	painter	p e n . tx ax r		spoken_nepali	google_ne_lr_2018	candidate_latin		google_phones=p e n . tt ax r
painting	painting	p e n . tx i ng		spoken_nepali	google_ne_lr_2018	candidate_latin		google_phones=p e n . tt i ng
pair	pair	p e . ax r		spoken_nepali	google_ne_lr_2018	candidate_latin		google_phones=p e . ax r
pajamas	pajamas	p aaj . dz aa . m aa dz		spoken_nepali	google_ne_lr_2018	candidate_latin		google_phones=p aaj . jh aa . m aa jh
pakdai	pakdai	p ax k . dx aaj		spoken_nepali	google_ne_lr_2018	candidate_latin		google_phones=p ax k . dd aaj
pakdam	pakdam	p aa k . d ax m		spoken_nepali	google_ne_lr_2018	candidate_latin		google_phones=p aa k . d ax m
palace	palace	p y aa . l e s		spoken_nepali	google_ne_lr_2018	candidate_latin		google_phones=p y aa . l e s
palapa	palapa	p aa . l ax . p aa		spoken_nepali	google_ne_lr_2018	candidate_latin		google_phones=p aa . l ax . p aa
palermo	palermo	p aa . l e r . m o		spoken_nepali	google_ne_lr_2018	candidate_latin		google_phones=p aa . l e r . m o
palm	palm	p aa m		spoken_nepali	google_ne_lr_2018	candidate_latin		google_phones=p aa m
palmchat	palmchat	p aa m . ts y aa tx		spoken_nepali	google_ne_lr_2018	candidate_latin		google_phones=p aa m . ts y aa tt
paltan	paltan	p ax l . tx ax n		spoken_nepali	google_ne_lr_2018	candidate_latin		google_phones=p ax l . tt ax n
pan	pan	p y aa n		spoken_nepali	google_ne_lr_2018	candidate_latin		google_phones=p y aa n
panasonic	panasonic	p aa . n aa . s o . n i k		spoken_nepali	google_ne_lr_2018	candidate_latin		google_phones=p aa . n aa . s o . n i k
pancake	pancake	p y aa n . k e k		spoken_nepali	google_ne_lr_2018	candidate_latin		google_phones=p y aa n . k e k
panchakarma	panchakarma	p ax n . ts ax . k ax r . m ax		spoken_nepali	google_ne_lr_2018	candidate_latin		google_phones=p ax n . ts ax . k ax r . m ax
pancharatna	pancharatna	p ax n . ts ax . r ax t . n ax		spoken_nepali	google_ne_lr_2018	candidate_latin		google_phones=p ax n . ts ax . r ax t . n ax
panchatantra	panchatantra	p ax n . ts ax . t ax n . t r ax		spoken_nepali	google_ne_lr_2018	candidate_latin		google_phones=p ax n . ts ax . t ax n . t r ax
pancreatic	pancreatic	p y aa n . k r i . y aa . tx i k		spoken_nepali	google_ne_lr_2018	candidate_latin		google_phones=p y aa n . k r i . y aa . tt i k
pandava	pandava	p aa n . dx ax . w ax		spoken_nepali	google_ne_lr_2018	candidate_latin		google_phones=p aa n . dd ax . w ax
pandey	pandey	p aa n . dx e		spoken_nepali	google_ne_lr_2018	candidate_latin		google_phones=p aa n . dd e
pandit	pandit	p ax n . dx i t		spoken_nepali	google_ne_lr_2018	candidate_latin		google_phones=p ax n . dd i t
pandya	pandya	p aa n . dx y aa		spoken_nepali	google_ne_lr_2018	candidate_latin		google_phones=p aa n . dd y aa
panic	panic	p y aa . n i k		spoken_nepali	google_ne_lr_2018	candidate_latin		google_phones=p y aa . n i k
panorama	panorama	p y aa . n o . r ax . m aa		spoken_nepali	google_ne_lr_2018	candidate_latin		google_phones=p y aa . n o . r ax . m aa
panta	panta	p ax n . t ax		spoken_nepali	google_ne_lr_2018	candidate_latin		google_phones=p ax n . t ax
paper	paper	p e . p ax r		spoken_nepali	google_ne_lr_2018	candidate_latin		google_phones=p e . p ax r
papillomavirus	papillomavirus	p y aa . p i . l o . m aa . bh aaj . r ax s		spoken_nepali	google_ne_lr_2018	candidate_latin		google_phones=p y aa . p i . l o . m aa . bh aaj . r ax s
parabolic	parabolic	p y aa . r aa . b o . l i k		spoken_nepali	google_ne_lr_2018	candidate_latin		google_phones=p y aa . r aa . b o . l i k
parade	parade	p ax . r e dx		spoken_nepali	google_ne_lr_2018	candidate_latin		google_phones=p ax . r e dd
paragraph	paragraph	p y aa . r aa . g r aa ph		spoken_nepali	google_ne_lr_2018	candidate_latin		google_phones=p y aa . r aa . g r aa ph
parallel	parallel	p y aa . r ax . l ax l		spoken_nepali	google_ne_lr_2018	candidate_latin		google_phones=p y aa . r ax . l ax l
parallels	parallels	p y aa . r ax . l ax l s		spoken_nepali	google_ne_lr_2018	candidate_latin		google_phones=p y aa . r ax . l ax l s
paralysis	paralysis	p y aa . r aa . l aaj . s i s		spoken_nepali	google_ne_lr_2018	candidate_latin		google_phones=p y aa . r aa . l aaj . s i s
paramahansa	paramahansa	p ax . r ax m . h ax m . s ax		spoken_nepali	google_ne_lr_2018	candidate_latin		google_phones=p ax . r ax m . h ax m . s ax
paramecium	paramecium	p y aa . r aa . m e . s i . y ax m		spoken_nepali	google_ne_lr_2018	candidate_latin		google_phones=p y aa . r aa . m e . s i . y ax m
parameter	parameter	p y aa . r aa . m i . tx ax r		spoken_nepali	google_ne_lr_2018	candidate_latin		google_phones=p y aa . r aa . m i . tt ax r
parametric	parametric	p y aa . r aa . m e tx . tx r i k		spoken_nepali	google_ne_lr_2018	candidate_latin		google_phones=p y aa . r aa . m e tt . tt r i k
paraphimosis	paraphimosis	p y aa . r aa . ph i . m o . s i s		spoken_nepali	google_ne_lr_2018	candidate_latin		google_phones=p y aa . r aa . ph i . m o . s i s
paras	paras	p aa . r ax s		spoken_nepali	google_ne_lr_2018	candidate_latin		google_phones=p aa . r ax s
parasite	parasite	p y aa . r aa . s aaj tx		spoken_nepali	google_ne_lr_2018	candidate_latin		google_phones=p y aa . r aa . s aaj tt
parasitic	parasitic	p y aa . r aa . s aaj . tx i k		spoken_nepali	google_ne_lr_2018	candidate_latin		google_phones=p y aa . r aa . s aaj . tt i k
parasympathetic	parasympathetic	p y aa . r aa . s i m . p y aa . th e . tx i k		spoken_nepali	google_ne_lr_2018	candidate_latin		google_phones=p y aa . r aa . s i m . p y aa . th e . tt i k
parathyroid	parathyroid	p y aa . r aa . th aaj . r oj dx		spoken_nepali	google_ne_lr_2018	candidate_latin		google_phones=p y aa . r aa . th aaj . r oj dd
parbat	parbat	p ax r . b ax t		spoken_nepali	google_ne_lr_2018	candidate_latin		google_phones=p ax r . b ax t
parcel	parcel	p aa r . s ax l		spoken_nepali	google_ne_lr_2018	candidate_latin		google_phones=p aa r . s ax l
pardon	pardon	p aa r . dx ax n		spoken_nepali	google_ne_lr_2018	candidate_latin		google_phones=p aa r . dd ax n
parenteral	parenteral	p y aa . r e n . tx e . r ax l		spoken_nepali	google_ne_lr_2018	candidate_latin		google_phones=p y aa . r e n . tt e . r ax l
parenting	parenting	p y aa . r e n . tx i ng		spoken_nepali	google_ne_lr_2018	candidate_latin		google_phones=p y aa . r e n . tt i ng
parijat	parijat	p aa . r i . dz aa t		spoken_nepali	google_ne_lr_2018	candidate_latin		google_phones=p aa . r i . jh aa t
parikrama	parikrama	p ax . r i . k r ax . m aa		spoken_nepali	google_ne_lr_2018	candidate_latin		google_phones=p ax . r i . k r ax . m aa
parindey	parindey	p ax . r i n . d e		spoken_nepali	google_ne_lr_2018	candidate_latin		google_phones=p ax . r i n . d e
paris	paris	p e . r i s		spoken_nepali	google_ne_lr_2018	candidate_latin		google_phones=p e . r i s
park	park	p aa r k		spoken_nepali	google_ne_lr_2018	candidate_latin		google_phones=p aa r k
parkerhannifin	parkerhannifin	p aa r . k ax r . h y aa . n i . ph i n		spoken_nepali	google_ne_lr_2018	candidate_latin		google_phones=p aa r . k ax r . h y aa . n i . ph i n
parking	parking	p aa r . k i ng		spoken_nepali	google_ne_lr_2018	candidate_latin		google_phones=p aa r . k i ng
parks	parks	p aa r k s		spoken_nepali	google_ne_lr_2018	candidate_latin		google_phones=p aa r k s
parliament	parliament	p aa r . l i . y aa . m e n tx		spoken_nepali	google_ne_lr_2018	candidate_latin		google_phones=p aa r . l i . y aa . m e n tt
parotid	parotid	p y aa . r o . tx i dx		spoken_nepali	google_ne_lr_2018	candidate_latin		google_phones=p y aa . r o . tt i dd
parshuram	parshuram	p ax r . s u . r aa m		spoken_nepali	google_ne_lr_2018	candidate_latin		google_phones=p ax r . s u . r aa m
parth	parth	p aa r th		spoken_nepali	google_ne_lr_2018	candidate_latin		google_phones=p aa r th
participant	participant	p aa r . tx i . s i . p e n tx		spoken_nepali	google_ne_lr_2018	candidate_latin		google_phones=p aa r . tt i . s i . p e n tt
participle	participle	p aa r . tx i . s i . p ax l		spoken_nepali	google_ne_lr_2018	candidate_latin		google_phones=p aa r . tt i . s i . p ax l
particle	particle	p aa r . tx i . k ax l		spoken_nepali	google_ne_lr_2018	candidate_latin		google_phones=p aa r . tt i . k ax l
partners	partners	p aa r tx . n ax r s		spoken_nepali	google_ne_lr_2018	candidate_latin		google_phones=p aa r tt . n ax r s
partnership	partnership	p aa r tx . n ax r . s i p		spoken_nepali	google_ne_lr_2018	candidate_latin		google_phones=p aa r tt . n ax r . s i p
parts	parts	p aa r tx s		spoken_nepali	google_ne_lr_2018	candidate_latin		google_phones=p aa r tt s
parulkar	parulkar	p aa . r u l . k ax r		spoken_nepali	google_ne_lr_2018	candidate_latin		google_phones=p aa . r u l . k ax r
pascal	pascal	p aa s . k ax l		spoken_nepali	google_ne_lr_2018	candidate_latin		google_phones=p aa s . k ax l
pashchimanchal	pashchimanchal	p ax s . ts i . m aa n . ts ax l		spoken_nepali	google_ne_lr_2018	candidate_latin		google_phones=p ax s . ts i . m aa n . ts ax l
pass	pass	p aa s		spoken_nepali	google_ne_lr_2018	candidate_latin		google_phones=p aa s
past	past	p aa s tx		spoken_nepali	google_ne_lr_2018	candidate_latin		google_phones=p aa s tt
pastoral	pastoral	p aa s . tx ax . r ax l		spoken_nepali	google_ne_lr_2018	candidate_latin		google_phones=p aa s . tt ax . r ax l
pasture	pasture	p aa s . ts ax r		spoken_nepali	google_ne_lr_2018	candidate_latin		google_phones=p aa s . ts ax r
patan	patan	p aa . tx ax n		spoken_nepali	google_ne_lr_2018	candidate_latin		google_phones=p aa . tt ax n
path	path	p aa th		spoken_nepali	google_ne_lr_2018	candidate_latin		google_phones=p aa th
pathak	pathak	p aa . txh ax k		spoken_nepali	google_ne_lr_2018	candidate_latin		google_phones=p aa . tth ax k
pathibhara	pathibhara	p aa . th i . bh ax . r aa		spoken_nepali	google_ne_lr_2018	candidate_latin		google_phones=p aa . th i . bh ax . r aa
patiala	patiala	p ax . tx i . y aa . l aa		spoken_nepali	google_ne_lr_2018	candidate_latin		google_phones=p ax . tt i . y aa . l aa
patience	patience	p e . s e n s		spoken_nepali	google_ne_lr_2018	candidate_latin		google_phones=p e . s e n s
patient	patient	p e . s e n tx		spoken_nepali	google_ne_lr_2018	candidate_latin		google_phones=p e . s e n tt
patil	patil	p aa . tx i l		spoken_nepali	google_ne_lr_2018	candidate_latin		google_phones=p aa . tt i l
patna	patna	p ax tx . n aa		spoken_nepali	google_ne_lr_2018	candidate_latin		google_phones=p ax tt . n aa
patra	patra	p aa t . t r aa		spoken_nepali	google_ne_lr_2018	candidate_latin		google_phones=p aa t . t r aa
patrick	patrick	p y aa tx . tx r i k		spoken_nepali	google_ne_lr_2018	candidate_latin		google_phones=p y aa tt . tt r i k
pattern	pattern	p y aa . tx ax r n		spoken_nepali	google_ne_lr_2018	candidate_latin		google_phones=p y aa . tt ax r n
paudel	paudel	p axw . dx e l		spoken_nepali	google_ne_lr_2018	candidate_latin		google_phones=p axw . dd e l
paudyal	paudyal	p axw . dx y aa l		spoken_nepali	google_ne_lr_2018	candidate_latin		google_phones=p axw . dd y aa l
paul	paul	p aaw l		spoken_nepali	google_ne_lr_2018	candidate_latin		google_phones=p aaw l
paula	paula	p aaw . l aa		spoken_nepali	google_ne_lr_2018	candidate_latin		google_phones=p aaw . l aa
pavitra	pavitra	p ax . b i t . t r ax		spoken_nepali	google_ne_lr_2018	candidate_latin		google_phones=p ax . b i t . t r ax
pawan	pawan	p ax . w ax n		spoken_nepali	google_ne_lr_2018	candidate_latin		google_phones=p ax . w ax n
pay	pay	p e		spoken_nepali	google_ne_lr_2018	candidate_latin		google_phones=p e
payback	payback	p e . b y aa k		spoken_nepali	google_ne_lr_2018	candidate_latin		google_phones=p e . b y aa k
payment	payment	p e . m e n tx		spoken_nepali	google_ne_lr_2018	candidate_latin		google_phones=p e . m e n tt
payne	payne	p e n		spoken_nepali	google_ne_lr_2018	candidate_latin		google_phones=p e n
paypal	paypal	p e . p ax l		spoken_nepali	google_ne_lr_2018	candidate_latin		google_phones=p e . p ax l
peace	peace	p i s		spoken_nepali	google_ne_lr_2018	candidate_latin		google_phones=p i s
peak	peak	p i k		spoken_nepali	google_ne_lr_2018	candidate_latin		google_phones=p i k
peas	peas	p i dz		spoken_nepali	google_ne_lr_2018	candidate_latin		google_phones=p i jh
pecan	pecan	p i . k y aa n		spoken_nepali	google_ne_lr_2018	candidate_latin		google_phones=p i . k y aa n
pedestrian	pedestrian	p e . dx e s . tx r i . y ax n		spoken_nepali	google_ne_lr_2018	candidate_latin		google_phones=p e . dd e s . tt r i . y ax n
pelvis	pelvis	p e l . bh i s		spoken_nepali	google_ne_lr_2018	candidate_latin		google_phones=p e l . bh i s
penance	penance	p i . n aa n s		spoken_nepali	google_ne_lr_2018	candidate_latin		google_phones=p i . n aa n s
pendant	pendant	p e n . dx e n tx		spoken_nepali	google_ne_lr_2018	candidate_latin		google_phones=p e n . dd e n tt
penile	penile	p e . n aaj l		spoken_nepali	google_ne_lr_2018	candidate_latin		google_phones=p e . n aaj l
penske	penske	p e n s k		spoken_nepali	google_ne_lr_2018	candidate_latin		google_phones=p e n s k
pentium	pentium	p e n . tx i . y ax m		spoken_nepali	google_ne_lr_2018	candidate_latin		google_phones=p e n . tt i . y ax m
people	people	p i . p ax l		spoken_nepali	google_ne_lr_2018	candidate_latin		google_phones=p i . p ax l
pepper	pepper	p e . p ax r		spoken_nepali	google_ne_lr_2018	candidate_latin		google_phones=p e . p ax r
pepsico	pepsico	p e p . s i . k o		spoken_nepali	google_ne_lr_2018	candidate_latin		google_phones=p e p . s i . k o
per	per	p ax r		spoken_nepali	google_ne_lr_2018	candidate_latin		google_phones=p ax r
perception	perception	p e r . s e p . s ax n		spoken_nepali	google_ne_lr_2018	candidate_latin		google_phones=p e r . s e p . s ax n
perfect	perfect	p ax r . ph e k tx		spoken_nepali	google_ne_lr_2018	candidate_latin		google_phones=p ax r . ph e k tt
performance	performance	p ax r . ph ax r . m e n s		spoken_nepali	google_ne_lr_2018	candidate_latin		google_phones=p ax r . ph ax r . m e n s
perfume	perfume	p ax r . ph y u m		spoken_nepali	google_ne_lr_2018	candidate_latin		google_phones=p ax r . ph y u m
period	period	p i . r i . y ax dx		spoken_nepali	google_ne_lr_2018	candidate_latin		google_phones=p i . r i . y ax dd
periscope	periscope	p e . r i s . k o p		spoken_nepali	google_ne_lr_2018	candidate_latin		google_phones=p e . r i s . k o p
permanent	permanent	p ax r . m aa . n e n tx		spoken_nepali	google_ne_lr_2018	candidate_latin		google_phones=p ax r . m aa . n e n tt
persecution	persecution	p ax r . s i . k y u . s ax n		spoken_nepali	google_ne_lr_2018	candidate_latin		google_phones=p ax r . s i . k y u . s ax n
persia	persia	p ax r . s i . y aa		spoken_nepali	google_ne_lr_2018	candidate_latin		google_phones=p ax r . s i . y aa
persian	persian	p ax r . s i . y ax n		spoken_nepali	google_ne_lr_2018	candidate_latin		google_phones=p ax r . s i . y ax n
person	person	p ax r . s ax n		spoken_nepali	google_ne_lr_2018	candidate_latin		google_phones=p ax r . s ax n
persona	persona	p ax r . s o . n aa		spoken_nepali	google_ne_lr_2018	candidate_latin		google_phones=p ax r . s o . n aa
personal	personal	p ax r . s ax . n ax l		spoken_nepali	google_ne_lr_2018	candidate_latin		google_phones=p ax r . s ax . n ax l
perspective	perspective	p ax r s . p e k . tx i bh		spoken_nepali	google_ne_lr_2018	candidate_latin		google_phones=p ax r s . p e k . tt i bh
peso	peso	p e . s o		spoken_nepali	google_ne_lr_2018	candidate_latin		google_phones=p e . s o
pest	pest	p e s tx		spoken_nepali	google_ne_lr_2018	candidate_latin		google_phones=p e s tt
petal	petal	p e . tx ax l		spoken_nepali	google_ne_lr_2018	candidate_latin		google_phones=p e . tt ax l
peter	peter	p i . tx ax r		spoken_nepali	google_ne_lr_2018	candidate_latin		google_phones=p i . tt ax r
petroleum	petroleum	p e tx . tx r o . l i . y ax m		spoken_nepali	google_ne_lr_2018	candidate_latin		google_phones=p e tt . tt r o . l i . y ax m
petrovic	petrovic	p e . tx r o . bh i k		spoken_nepali	google_ne_lr_2018	candidate_latin		google_phones=p e . tt r o . bh i k
petsmart	petsmart	p e tx . s m aa r tx		spoken_nepali	google_ne_lr_2018	candidate_latin		google_phones=p e tt . s m aa r tt
pfizer	pfizer	ph aaj . dz ax r		spoken_nepali	google_ne_lr_2018	candidate_latin		google_phones=ph aaj . jh ax r
phagocytosis	phagocytosis	ph y aa . g o . s aaj . tx o . s i s		spoken_nepali	google_ne_lr_2018	candidate_latin		google_phones=ph y aa . g o . s aaj . tt o . s i s
phantom	phantom	ph y aa n . tx ax m		spoken_nepali	google_ne_lr_2018	candidate_latin		google_phones=ph y aa n . tt ax m
pharmaceuticals	pharmaceuticals	ph ax r . m aa . s y u . tx i . k ax l s		spoken_nepali	google_ne_lr_2018	candidate_latin		google_phones=ph ax r . m aa . s y u . tt i . k ax l s
pharmacist	pharmacist	ph aa r . m e . s i s tx		spoken_nepali	google_ne_lr_2018	candidate_latin		google_phones=ph aa r . m e . s i s tt
pharping	pharping	ph ax r . p i ng		spoken_nepali	google_ne_lr_2018	candidate_latin		google_phones=ph ax r . p i ng
phenolphthalein	phenolphthalein	ph e . n o l ph . th y aa . l i n		spoken_nepali	google_ne_lr_2018	candidate_latin		google_phones=ph e . n o l ph . th y aa . l i n
philander	philander	ph i . l y aa n . dx ax r		spoken_nepali	google_ne_lr_2018	candidate_latin		google_phones=ph i . l y aa n . dd ax r
philip	philip	ph i . l i p		spoken_nepali	google_ne_lr_2018	candidate_latin		google_phones=ph i . l i p
phillips	phillips	ph i . l i p s		spoken_nepali	google_ne_lr_2018	candidate_latin		google_phones=ph i . l i p s
philological	philological	ph i . l o . l o . dz i . k ax l		spoken_nepali	google_ne_lr_2018	candidate_latin		google_phones=ph i . l o . l o . jh i . k ax l
phoenix	phoenix	ph o . n i k s		spoken_nepali	google_ne_lr_2018	candidate_latin		google_phones=ph o . n i k s
phoksundo	phoksundo	ph o k . s u n . dx o		spoken_nepali	google_ne_lr_2018	candidate_latin		google_phones=ph o k . s u n . dd o
phonetic	phonetic	ph o . n e . tx i k		spoken_nepali	google_ne_lr_2018	candidate_latin		google_phones=ph o . n e . tt i k
phonics	phonics	ph o . n i k s		spoken_nepali	google_ne_lr_2018	candidate_latin		google_phones=ph o . n i k s
phoolko	phoolko	ph u l . k o		spoken_nepali	google_ne_lr_2018	candidate_latin		google_phones=ph u l . k o
phosphoric	phosphoric	ph ax s . ph o . r i k		spoken_nepali	google_ne_lr_2018	candidate_latin		google_phones=ph ax s . ph o . r i k
phosphorus	phosphorus	ph ax s . ph o . r ax s		spoken_nepali	google_ne_lr_2018	candidate_latin		google_phones=ph ax s . ph o . r ax s
photocopier	photocopier	ph o . tx o . k ax . p i . y ax r		spoken_nepali	google_ne_lr_2018	candidate_latin		google_phones=ph o . tt o . k ax . p i . y ax r
photograph	photograph	ph o . tx o . g r aa ph		spoken_nepali	google_ne_lr_2018	candidate_latin		google_phones=ph o . tt o . g r aa ph
photojournalism	photojournalism	ph o . tx o . dz ax r . n aa . l i dz m		spoken_nepali	google_ne_lr_2018	candidate_latin		google_phones=ph o . tt o . jh ax r . n aa . l i jh m
phrasal	phrasal	ph r e . dz ax l		spoken_nepali	google_ne_lr_2018	candidate_latin		google_phones=ph r e . jh ax l
phul	phul	ph u l		spoken_nepali	google_ne_lr_2018	candidate_latin		google_phones=ph u l
physical	physical	ph i . dz i . k ax l		spoken_nepali	google_ne_lr_2018	candidate_latin		google_phones=ph i . jh i . k ax l
physician	physician	ph i . dz i . s i . y ax n		spoken_nepali	google_ne_lr_2018	candidate_latin		google_phones=ph i . jh i . s i . y ax n
physics	physics	ph i . dz i k s		spoken_nepali	google_ne_lr_2018	candidate_latin		google_phones=ph i . jh i k s
piano	piano	p i . y aa . n o		spoken_nepali	google_ne_lr_2018	candidate_latin		google_phones=p i . y aa . n o
pica	pica	p i . k aa		spoken_nepali	google_ne_lr_2018	candidate_latin		google_phones=p i . k aa
picaxe	picaxe	p i k . y aa k s		spoken_nepali	google_ne_lr_2018	candidate_latin		google_phones=p i k . y aa k s
pick	pick	p i k		spoken_nepali	google_ne_lr_2018	candidate_latin		google_phones=p i k
pickaxe	pickaxe	p i . k y aa k s		spoken_nepali	google_ne_lr_2018	candidate_latin		google_phones=p i . k y aa k s
picnic	picnic	p i k . n i k		spoken_nepali	google_ne_lr_2018	candidate_latin		google_phones=p i k . n i k
pictor	pictor	p i k . tx ax r		spoken_nepali	google_ne_lr_2018	candidate_latin		google_phones=p i k . tt ax r
picture	picture	p i k . ts ax r		spoken_nepali	google_ne_lr_2018	candidate_latin		google_phones=p i k . ts ax r
pictures	pictures	p i k . ts ax r s		spoken_nepali	google_ne_lr_2018	candidate_latin		google_phones=p i k . ts ax r s
pidgin	pidgin	p i . dz i n		spoken_nepali	google_ne_lr_2018	candidate_latin		google_phones=p i . jh i n
pie	pie	p aaj		spoken_nepali	google_ne_lr_2018	candidate_latin		google_phones=p aaj
pig	pig	p i g		spoken_nepali	google_ne_lr_2018	candidate_latin		google_phones=p i g
piggybacking	piggybacking	p i . g i . b y aa . k i ng		spoken_nepali	google_ne_lr_2018	candidate_latin		google_phones=p i . g i . b y aa . k i ng
pikaxe	pikaxe	p i k . y aa k s		spoken_nepali	google_ne_lr_2018	candidate_latin		google_phones=p i k . y aa k s
pilot	pilot	p aaj . l ax tx		spoken_nepali	google_ne_lr_2018	candidate_latin		google_phones=p aaj . l ax tt
pimenova	pimenova	p i . m e . n o . bh aa		spoken_nepali	google_ne_lr_2018	candidate_latin		google_phones=p i . m e . n o . bh aa
pimple	pimple	p i m . p ax l		spoken_nepali	google_ne_lr_2018	candidate_latin		google_phones=p i m . p ax l
pink	pink	p i n k		spoken_nepali	google_ne_lr_2018	candidate_latin		google_phones=p i n k
pioneering	pioneering	p aa . y o . n i . y ax . r i ng		spoken_nepali	google_ne_lr_2018	candidate_latin		google_phones=p aa . y o . n i . y ax . r i ng
pipe	pipe	p aaj p		spoken_nepali	google_ne_lr_2018	candidate_latin		google_phones=p aaj p
pipeline	pipeline	p aaj p . l aaj n		spoken_nepali	google_ne_lr_2018	candidate_latin		google_phones=p aaj p . l aaj n
piranha	piranha	p i . r aa . n y ax		spoken_nepali	google_ne_lr_2018	candidate_latin		google_phones=p i . r aa . n y ax
pirates	pirates	p aaj . r e tx s		spoken_nepali	google_ne_lr_2018	candidate_latin		google_phones=p aaj . r e tt s
pisang	pisang	p i . s aa ng		spoken_nepali	google_ne_lr_2018	candidate_latin		google_phones=p i . s aa ng
pitfall	pitfall	p i tx . ph ax l		spoken_nepali	google_ne_lr_2018	candidate_latin		google_phones=p i tt . ph ax l
pithawalla	pithawalla	p i . th ax . w aa . l aa		spoken_nepali	google_ne_lr_2018	candidate_latin		google_phones=p i . th ax . w aa . l aa
pitt	pitt	p i tx		spoken_nepali	google_ne_lr_2018	candidate_latin		google_phones=p i tt
pixel	pixel	p i k . s e l		spoken_nepali	google_ne_lr_2018	candidate_latin		google_phones=p i k . s e l
pixels	pixels	p i k . s e l s		spoken_nepali	google_ne_lr_2018	candidate_latin		google_phones=p i k . s e l s
piya	piya	p i . y aa		spoken_nepali	google_ne_lr_2018	candidate_latin		google_phones=p i . y aa
pizza	pizza	p i . dz aa		spoken_nepali	google_ne_lr_2018	candidate_latin		google_phones=p i . jh aa
placement	placement	p l e s . m e n tx		spoken_nepali	google_ne_lr_2018	candidate_latin		google_phones=p l e s . m e n tt
plagiarism	plagiarism	p l e . dz ax . r i . dz ax m		spoken_nepali	google_ne_lr_2018	candidate_latin		google_phones=p l e . jh ax . r i . jh ax m
plague	plague	p l e g		spoken_nepali	google_ne_lr_2018	candidate_latin		google_phones=p l e g
plain	plain	p l e n		spoken_nepali	google_ne_lr_2018	candidate_latin		google_phones=p l e n
plains	plains	p l e n s		spoken_nepali	google_ne_lr_2018	candidate_latin		google_phones=p l e n s
plan	plan	p l aa n		spoken_nepali	google_ne_lr_2018	candidate_latin		google_phones=p l aa n
planet	planet	p l aa . n e tx		spoken_nepali	google_ne_lr_2018	candidate_latin		google_phones=p l aa . n e tt
planetesimal	planetesimal	p l aa . n e . tx e . s i . m ax l		spoken_nepali	google_ne_lr_2018	candidate_latin		google_phones=p l aa . n e . tt e . s i . m ax l
planetshine	planetshine	p l aa . n e tx . s aaj n		spoken_nepali	google_ne_lr_2018	candidate_latin		google_phones=p l aa . n e tt . s aaj n
planning	planning	p l aa . n i ng		spoken_nepali	google_ne_lr_2018	candidate_latin		google_phones=p l aa . n i ng
plans	plans	p l aa n s		spoken_nepali	google_ne_lr_2018	candidate_latin		google_phones=p l aa n s
plant	plant	p l aa n tx		spoken_nepali	google_ne_lr_2018	candidate_latin		google_phones=p l aa n tt
plantation	plantation	p l aa n . tx e . s ax n		spoken_nepali	google_ne_lr_2018	candidate_latin		google_phones=p l aa n . tt e . s ax n
plasmodium	plasmodium	p l aa s . m o . dx i . y ax m		spoken_nepali	google_ne_lr_2018	candidate_latin		google_phones=p l aa s . m o . dd i . y ax m
plaster	plaster	p l aa s . tx ax r		spoken_nepali	google_ne_lr_2018	candidate_latin		google_phones=p l aa s . tt ax r
platelet	platelet	p l e tx . l e tx		spoken_nepali	google_ne_lr_2018	candidate_latin		google_phones=p l e tt . l e tt
platform	platform	p l e tx . ph ax r m		spoken_nepali	google_ne_lr_2018	candidate_latin		google_phones=p l e tt . ph ax r m
platinum	platinum	p l aa . tx i . n ax m		spoken_nepali	google_ne_lr_2018	candidate_latin		google_phones=p l aa . tt i . n ax m
play	play	p l e		spoken_nepali	google_ne_lr_2018	candidate_latin		google_phones=p l e
player	player	p l e . y ax r		spoken_nepali	google_ne_lr_2018	candidate_latin		google_phones=p l e . y ax r
playgirl	playgirl	p l e . g ax r l		spoken_nepali	google_ne_lr_2018	candidate_latin		google_phones=p l e . g ax r l
playlist	playlist	p l e . l i s tx		spoken_nepali	google_ne_lr_2018	candidate_latin		google_phones=p l e . l i s tt
plaza	plaza	p l aa . dz aa		spoken_nepali	google_ne_lr_2018	candidate_latin		google_phones=p l aa . jh aa
please	please	p l i dz		spoken_nepali	google_ne_lr_2018	candidate_latin		google_phones=p l i jh
pleasure	pleasure	p l e . dz ax r		spoken_nepali	google_ne_lr_2018	candidate_latin		google_phones=p l e . jh ax r
plumber	plumber	p l ax m . b ax r		spoken_nepali	google_ne_lr_2018	candidate_latin		google_phones=p l ax m . b ax r
plural	plural	p l u . r ax l		spoken_nepali	google_ne_lr_2018	candidate_latin		google_phones=p l u . r ax l
pluralism	pluralism	p l u . r aa . l i . dz ax m		spoken_nepali	google_ne_lr_2018	candidate_latin		google_phones=p l u . r aa . l i . jh ax m
plus	plus	p l ax s		spoken_nepali	google_ne_lr_2018	candidate_latin		google_phones=p l ax s
ply	ply	p l aaj		spoken_nepali	google_ne_lr_2018	candidate_latin		google_phones=p l aaj
plymouth	plymouth	p l aaj . m aaw th		spoken_nepali	google_ne_lr_2018	candidate_latin		google_phones=p l aaj . m aaw th
pneumatics	pneumatics	n y u . m y aa . tx i k s		spoken_nepali	google_ne_lr_2018	candidate_latin		google_phones=n y u . m y aa . tt i k s
podrick	podrick	p o . dx r i k		spoken_nepali	google_ne_lr_2018	candidate_latin		google_phones=p o . dd r i k
poetics	poetics	p o . e . tx i k s		spoken_nepali	google_ne_lr_2018	candidate_latin		google_phones=p o . e . tt i k s
poets	poets	p oj tx s		spoken_nepali	google_ne_lr_2018	candidate_latin		google_phones=p oj tt s
point	point	p oj n tx		spoken_nepali	google_ne_lr_2018	candidate_latin		google_phones=p oj n tt
poisoning	poisoning	p oj . dz ax . n i ng		spoken_nepali	google_ne_lr_2018	candidate_latin		google_phones=p oj . jh ax . n i ng
pokhrel	pokhrel	p o kh . r e l		spoken_nepali	google_ne_lr_2018	candidate_latin		google_phones=p o kh . r e l
polama	polama	p o . l aa . m aa		spoken_nepali	google_ne_lr_2018	candidate_latin		google_phones=p o . l aa . m aa
poldark	poldark	p o l . dx aa r k		spoken_nepali	google_ne_lr_2018	candidate_latin		google_phones=p o l . dd aa r k
poles	poles	p o l s		spoken_nepali	google_ne_lr_2018	candidate_latin		google_phones=p o l s
police	police	p u . l i s		spoken_nepali	google_ne_lr_2018	candidate_latin		google_phones=p u . l i s
polio	polio	p o . l i . y o		spoken_nepali	google_ne_lr_2018	candidate_latin		google_phones=p o . l i . y o
polishing	polishing	p o . l i . s i ng		spoken_nepali	google_ne_lr_2018	candidate_latin		google_phones=p o . l i . s i ng
politeness	politeness	p o . l aaj tx . n e s		spoken_nepali	google_ne_lr_2018	candidate_latin		google_phones=p o . l aaj tt . n e s
political	political	p o . l i . tx i . k ax l		spoken_nepali	google_ne_lr_2018	candidate_latin		google_phones=p o . l i . tt i . k ax l
politics	politics	p o . l i . tx i k s		spoken_nepali	google_ne_lr_2018	candidate_latin		google_phones=p o . l i . tt i k s
poll	poll	p o l		spoken_nepali	google_ne_lr_2018	candidate_latin		google_phones=p o l
pollination	pollination	p o . l i . n e . s ax n		spoken_nepali	google_ne_lr_2018	candidate_latin		google_phones=p o . l i . n e . s ax n
pollution	pollution	p o . l y u . s ax n		spoken_nepali	google_ne_lr_2018	candidate_latin		google_phones=p o . l y u . s ax n
polo	polo	p o . l o		spoken_nepali	google_ne_lr_2018	candidate_latin		google_phones=p o . l o
polygon	polygon	p o . l i . g ax n		spoken_nepali	google_ne_lr_2018	candidate_latin		google_phones=p o . l i . g ax n
polymer	polymer	p o . l i . m ax r		spoken_nepali	google_ne_lr_2018	candidate_latin		google_phones=p o . l i . m ax r
polymorphic	polymorphic	p o . l i . m o r . ph i k		spoken_nepali	google_ne_lr_2018	candidate_latin		google_phones=p o . l i . m o r . ph i k
polymorphism	polymorphism	p o . l i . m o r . ph i . dz ax m		spoken_nepali	google_ne_lr_2018	candidate_latin		google_phones=p o . l i . m o r . ph i . jh ax m
polypropylene	polypropylene	p o . l i . p r o . p i . l i n		spoken_nepali	google_ne_lr_2018	candidate_latin		google_phones=p o . l i . p r o . p i . l i n
pont	pont	p o n tx		spoken_nepali	google_ne_lr_2018	candidate_latin		google_phones=p o n tt
pooja	pooja	p u . dz aa		spoken_nepali	google_ne_lr_2018	candidate_latin		google_phones=p u . jh aa
poonam	poonam	p u . n ax m		spoken_nepali	google_ne_lr_2018	candidate_latin		google_phones=p u . n ax m
pop	pop	p ax p		spoken_nepali	google_ne_lr_2018	candidate_latin		google_phones=p ax p
popcorn	popcorn	p ax p . k ax r n		spoken_nepali	google_ne_lr_2018	candidate_latin		google_phones=p ax p . k ax r n
porcupine	porcupine	p ax r . k y u . p aaj n		spoken_nepali	google_ne_lr_2018	candidate_latin		google_phones=p ax r . k y u . p aaj n
porn	porn	p o r n		spoken_nepali	google_ne_lr_2018	candidate_latin		google_phones=p o r n
porse	porse	p o r s		spoken_nepali	google_ne_lr_2018	candidate_latin		google_phones=p o r s
portable	portable	p o r . tx e . b ax l		spoken_nepali	google_ne_lr_2018	candidate_latin		google_phones=p o r . tt e . b ax l
portes	portes	p o r tx s		spoken_nepali	google_ne_lr_2018	candidate_latin		google_phones=p o r tt s
porting	porting	p o r . tx i ng		spoken_nepali	google_ne_lr_2018	candidate_latin		google_phones=p o r . tt i ng
porto	porto	p o r . tx o		spoken_nepali	google_ne_lr_2018	candidate_latin		google_phones=p o r . tt o
portrait	portrait	p o r . tx r e tx		spoken_nepali	google_ne_lr_2018	candidate_latin		google_phones=p o r . tt r e tt
position	position	p o . dz i . s ax n		spoken_nepali	google_ne_lr_2018	candidate_latin		google_phones=p o . jh i . s ax n
positioning	positioning	p o . dz i . s ax . n i ng		spoken_nepali	google_ne_lr_2018	candidate_latin		google_phones=p o . jh i . s ax . n i ng
possessive	possessive	p o . s e . s i bh		spoken_nepali	google_ne_lr_2018	candidate_latin		google_phones=p o . s e . s i bh
possible	possible	p o . s i . b ax l		spoken_nepali	google_ne_lr_2018	candidate_latin		google_phones=p o . s i . b ax l
post	post	p o s tx		spoken_nepali	google_ne_lr_2018	candidate_latin		google_phones=p o s tt
potassium	potassium	p o . tx aa . s i . y ax m		spoken_nepali	google_ne_lr_2018	candidate_latin		google_phones=p o . tt aa . s i . y ax m
potential	potential	p o . tx e n . s i . y ax l		spoken_nepali	google_ne_lr_2018	candidate_latin		google_phones=p o . tt e n . s i . y ax l
poth	poth	p o th		spoken_nepali	google_ne_lr_2018	candidate_latin		google_phones=p o th
potter	potter	p o . tx ax r		spoken_nepali	google_ne_lr_2018	candidate_latin		google_phones=p o . tt ax r
poudel	poudel	p axw . dx e l		spoken_nepali	google_ne_lr_2018	candidate_latin		google_phones=p axw . dd e l
pounce	pounce	p aaw n s		spoken_nepali	google_ne_lr_2018	candidate_latin		google_phones=p aaw n s
pound	pound	p aaw n dx		spoken_nepali	google_ne_lr_2018	candidate_latin		google_phones=p aaw n dd
pounds	pounds	p aaw n dx s		spoken_nepali	google_ne_lr_2018	candidate_latin		google_phones=p aaw n dd s
powder	powder	p aaw . dx ax r		spoken_nepali	google_ne_lr_2018	candidate_latin		google_phones=p aaw . dd ax r
powdered	powdered	p aaw . dx ax r dx		spoken_nepali	google_ne_lr_2018	candidate_latin		google_phones=p aaw . dd ax r dd
power	power	p aa . w ax r		spoken_nepali	google_ne_lr_2018	candidate_latin		google_phones=p aa . w ax r
powerbook	powerbook	p aa . w ax r . b u k		spoken_nepali	google_ne_lr_2018	candidate_latin		google_phones=p aa . w ax r . b u k
prabhakaran	prabhakaran	p r ax . bh aa . k ax . r ax n		spoken_nepali	google_ne_lr_2018	candidate_latin		google_phones=p r ax . bh aa . k ax . r ax n
practice	practice	p r aa k . tx i s		spoken_nepali	google_ne_lr_2018	candidate_latin		google_phones=p r aa k . tt i s
pradeep	pradeep	p r ax . d i p		spoken_nepali	google_ne_lr_2018	candidate_latin		google_phones=p r ax . d i p
pradesh	pradesh	p r ax . d e s		spoken_nepali	google_ne_lr_2018	candidate_latin		google_phones=p r ax . d e s
pradhan	pradhan	p r ax . dh aa n		spoken_nepali	google_ne_lr_2018	candidate_latin		google_phones=p r ax . dh aa n
pragya	pragya	p r aa g . g y ax		spoken_nepali	google_ne_lr_2018	candidate_latin		google_phones=p r aa g . g y ax
prahlada	prahlada	p r ax l . l h aa . d ax		spoken_nepali	google_ne_lr_2018	candidate_latin		google_phones=p r ax l . l h aa . d ax
prajakta	prajakta	p r ax . dz ax k . t ax		spoken_nepali	google_ne_lr_2018	candidate_latin		google_phones=p r ax . jh ax k . t ax
prakash	prakash	p r ax . k aa s		spoken_nepali	google_ne_lr_2018	candidate_latin		google_phones=p r ax . k aa s
pramaan	pramaan	p r ax . m aa n		spoken_nepali	google_ne_lr_2018	candidate_latin		google_phones=p r ax . m aa nn
prasad	prasad	p r ax . s aa d		spoken_nepali	google_ne_lr_2018	candidate_latin		google_phones=p r ax . s aa d
prashant	prashant	p r ax . s aa n . tx ax		spoken_nepali	google_ne_lr_2018	candidate_latin		google_phones=p r ax . s aa n . tt ax
pratibha	pratibha	p r ax . t i . bh aa		spoken_nepali	google_ne_lr_2018	candidate_latin		google_phones=p r ax . t i . bh aa
pratibimba	pratibimba	p r ax . t i . b i m . b ax		spoken_nepali	google_ne_lr_2018	candidate_latin		google_phones=p r ax . t i . b i m . b ax
pratighaat	pratighaat	p r ax . t i . gh aa t		spoken_nepali	google_ne_lr_2018	candidate_latin		google_phones=p r ax . t i . gh aa t
pratigya	pratigya	p r ax . t i g . g y aa		spoken_nepali	google_ne_lr_2018	candidate_latin		google_phones=p r ax . t i g . g y aa
pravachan	pravachan	p r ax . b ax . ts ax n		spoken_nepali	google_ne_lr_2018	candidate_latin		google_phones=p r ax . b ax . ts ax n
praxair	praxair	p r aa k s . e . y ax r		spoken_nepali	google_ne_lr_2018	candidate_latin		google_phones=p r aa k s . e . y ax r
prayas	prayas	p r ax . y aa s		spoken_nepali	google_ne_lr_2018	candidate_latin		google_phones=p r ax . y aa s
prayer	prayer	p r e . y ax r		spoken_nepali	google_ne_lr_2018	candidate_latin		google_phones=p r e . y ax r
preboot	preboot	p r i . b u tx		spoken_nepali	google_ne_lr_2018	candidate_latin		google_phones=p r i . b u tt
precedence	precedence	p r i . s i . dx e n s		spoken_nepali	google_ne_lr_2018	candidate_latin		google_phones=p r i . s i . dd e n s
precipitation	precipitation	p r e . s i . p i . tx e . s ax n		spoken_nepali	google_ne_lr_2018	candidate_latin		google_phones=p r e . s i . p i . tt e . s ax n
precision	precision	p r i . s i . dz ax n		spoken_nepali	google_ne_lr_2018	candidate_latin		google_phones=p r i . s i . jh ax n
predator	predator	p r e . dx e . tx ax r		spoken_nepali	google_ne_lr_2018	candidate_latin		google_phones=p r e . dd e . tt ax r
predicate	predicate	p r e . dx i . k e tx		spoken_nepali	google_ne_lr_2018	candidate_latin		google_phones=p r e . dd i . k e tt
prediction	prediction	p r e . dx i k . s ax n		spoken_nepali	google_ne_lr_2018	candidate_latin		google_phones=p r e . dd i k . s ax n
preface	preface	p r i . ph e s		spoken_nepali	google_ne_lr_2018	candidate_latin		google_phones=p r i . ph e s
prefect	prefect	p ax r . ph e k tx		spoken_nepali	google_ne_lr_2018	candidate_latin		google_phones=p ax r . ph e k tt
prem	prem	p r e m		spoken_nepali	google_ne_lr_2018	candidate_latin		google_phones=p r e m
premature	premature	p r i . m y aa . ts y o r		spoken_nepali	google_ne_lr_2018	candidate_latin		google_phones=p r i . m y aa . ts y o r
premil	premil	p r e . m i l		spoken_nepali	google_ne_lr_2018	candidate_latin		google_phones=p r e . m i l
prenatal	prenatal	p r i . n y aa . tx ax l		spoken_nepali	google_ne_lr_2018	candidate_latin		google_phones=p r i . n y aa . tt ax l
prenuptial	prenuptial	p r i . n ax p . ts ax l		spoken_nepali	google_ne_lr_2018	candidate_latin		google_phones=p r i . n ax p . ts ax l
prerana	prerana	p r e . r ax . n aa		spoken_nepali	google_ne_lr_2018	candidate_latin		google_phones=p r e . r ax . n aa
prescription	prescription	p r e s . k r i p . s ax n		spoken_nepali	google_ne_lr_2018	candidate_latin		google_phones=p r e s . k r i p . s ax n
present	present	p r e . dz e n tx		spoken_nepali	google_ne_lr_2018	candidate_latin		google_phones=p r e . jh e n tt
preservation	preservation	p r i . dz ax r . bh e . s ax n		spoken_nepali	google_ne_lr_2018	candidate_latin		google_phones=p r i . jh ax r . bh e . s ax n
presidential	presidential	p r e . s i . d e n . s i . y ax l		spoken_nepali	google_ne_lr_2018	candidate_latin		google_phones=p r e . s i . d e n . s i . y ax l
press	press	p r e s		spoken_nepali	google_ne_lr_2018	candidate_latin		google_phones=p r e s
pressure	pressure	p r e . s ax r		spoken_nepali	google_ne_lr_2018	candidate_latin		google_phones=p r e . s ax r
preventive	preventive	p r i . bh e n . tx i bh		spoken_nepali	google_ne_lr_2018	candidate_latin		google_phones=p r i . bh e n . tt i bh
price	price	p r aaj s		spoken_nepali	google_ne_lr_2018	candidate_latin		google_phones=p r aaj s
priceline	priceline	p r aaj s . l aaj n		spoken_nepali	google_ne_lr_2018	candidate_latin		google_phones=p r aaj s . l aaj n
pride	pride	p r aaj dx		spoken_nepali	google_ne_lr_2018	candidate_latin		google_phones=p r aaj dd
prime	prime	p r aaj m		spoken_nepali	google_ne_lr_2018	candidate_latin		google_phones=p r aaj m
prince	prince	p r i n s		spoken_nepali	google_ne_lr_2018	candidate_latin		google_phones=p r i n s
princess	princess	p r i n . s e s		spoken_nepali	google_ne_lr_2018	candidate_latin		google_phones=p r i n . s e s
principal	principal	p r i n . s i . p ax l		spoken_nepali	google_ne_lr_2018	candidate_latin		google_phones=p r i n . s i . p ax l
principle	principle	p r i n . s i . p ax l		spoken_nepali	google_ne_lr_2018	candidate_latin		google_phones=p r i n . s i . p ax l
principles	principles	p r i n . s i . p ax l s		spoken_nepali	google_ne_lr_2018	candidate_latin		google_phones=p r i n . s i . p ax l s
prinsha	prinsha	p r i n . s aa		spoken_nepali	google_ne_lr_2018	candidate_latin		google_phones=p r i n . s aa
printed	printed	p r i n . tx e dx		spoken_nepali	google_ne_lr_2018	candidate_latin		google_phones=p r i n . tt e dd
printer	printer	p r i n . tx ax r		spoken_nepali	google_ne_lr_2018	candidate_latin		google_phones=p r i n . tt ax r
prism	prism	p r i dz m		spoken_nepali	google_ne_lr_2018	candidate_latin		google_phones=p r i jh m
pritam	pritam	p r i . t ax m		spoken_nepali	google_ne_lr_2018	candidate_latin		google_phones=p r i . t ax m
private	private	p r aaj . bh e tx		spoken_nepali	google_ne_lr_2018	candidate_latin		google_phones=p r aaj . bh e tt
priya	priya	p r i . y aa		spoken_nepali	google_ne_lr_2018	candidate_latin		google_phones=p r i . y aa
priyanka	priyanka	p r i . y ax ng . k aa		spoken_nepali	google_ne_lr_2018	candidate_latin		google_phones=p r i . y ax ng . k aa
pro	pro	p r o		spoken_nepali	google_ne_lr_2018	candidate_latin		google_phones=p r o
probation	probation	p r o . b e . s ax n		spoken_nepali	google_ne_lr_2018	candidate_latin		google_phones=p r o . b e . s ax n
problem	problem	p r o b . l ax m		spoken_nepali	google_ne_lr_2018	candidate_latin		google_phones=p r o b . l ax m
process	process	p r o . s e s		spoken_nepali	google_ne_lr_2018	candidate_latin		google_phones=p r o . s e s
processing	processing	p r o . s e . s i ng		spoken_nepali	google_ne_lr_2018	candidate_latin		google_phones=p r o . s e . s i ng
procter	procter	p r o k . tx ax r		spoken_nepali	google_ne_lr_2018	candidate_latin		google_phones=p r o k . tt ax r
procurement	procurement	p r o . k y o r . m e n tx		spoken_nepali	google_ne_lr_2018	candidate_latin		google_phones=p r o . k y o r . m e n tt
producer	producer	p r o . d y u . s ax r		spoken_nepali	google_ne_lr_2018	candidate_latin		google_phones=p r o . d y u . s ax r
product	product	p r o . dx ax k tx		spoken_nepali	google_ne_lr_2018	candidate_latin		google_phones=p r o . dd ax k tt
production	production	p r o . d ax k . s ax n		spoken_nepali	google_ne_lr_2018	candidate_latin		google_phones=p r o . d ax k . s ax n
products	products	p r o . dx ax k tx s		spoken_nepali	google_ne_lr_2018	candidate_latin		google_phones=p r o . dd ax k tt s
professional	professional	p r o . ph e . s ax . n ax l		spoken_nepali	google_ne_lr_2018	candidate_latin		google_phones=p r o . ph e . s ax . n ax l
professor	professor	p r o . ph e . s ax r		spoken_nepali	google_ne_lr_2018	candidate_latin		google_phones=p r o . ph e . s ax r
progestin	progestin	p r o . dz e s . tx i n		spoken_nepali	google_ne_lr_2018	candidate_latin		google_phones=p r o . jh e s . tt i n
program	program	p r o g . g r aa m		spoken_nepali	google_ne_lr_2018	candidate_latin		google_phones=p r o g . g r aa m
programming	programming	p r o . g r aa . m i ng		spoken_nepali	google_ne_lr_2018	candidate_latin		google_phones=p r o . g r aa . m i ng
progress	progress	p r o . g r e s		spoken_nepali	google_ne_lr_2018	candidate_latin		google_phones=p r o . g r e s
progression	progression	p r o g . g r e . s ax n		spoken_nepali	google_ne_lr_2018	candidate_latin		google_phones=p r o g . g r e . s ax n
progressive	progressive	p r o . g r e . s i bh		spoken_nepali	google_ne_lr_2018	candidate_latin		google_phones=p r o . g r e . s i bh
project	project	p r o . dz e k tx		spoken_nepali	google_ne_lr_2018	candidate_latin		google_phones=p r o . jh e k tt
projection	projection	p r o . dz e k . s ax n		spoken_nepali	google_ne_lr_2018	candidate_latin		google_phones=p r o . jh e k . s ax n
projector	projector	p r o . dz e k . tx ax r		spoken_nepali	google_ne_lr_2018	candidate_latin		google_phones=p r o . jh e k . tt ax r
prolactin	prolactin	p r o . l y aa k . tx i n		spoken_nepali	google_ne_lr_2018	candidate_latin		google_phones=p r o . l y aa k . tt i n
promises	promises	p r ax . m i . s e s		spoken_nepali	google_ne_lr_2018	candidate_latin		google_phones=p r ax . m i . s e s
promotion	promotion	p r o . m o . s ax n		spoken_nepali	google_ne_lr_2018	candidate_latin		google_phones=p r o . m o . s ax n
promulgation	promulgation	p r o . m ax l . g e . s ax n		spoken_nepali	google_ne_lr_2018	candidate_latin		google_phones=p r o . m ax l . g e . s ax n
proof	proof	p r u ph		spoken_nepali	google_ne_lr_2018	candidate_latin		google_phones=p r u ph
proofreading	proofreading	p r u ph . r i . dx i ng		spoken_nepali	google_ne_lr_2018	candidate_latin		google_phones=p r u ph . r i . dd i ng
propaganda	propaganda	p r o . p aa . g y aa n . dx aa		spoken_nepali	google_ne_lr_2018	candidate_latin		google_phones=p r o . p aa . g y aa n . dd aa
propanol	propanol	p r o . p aa . n o l		spoken_nepali	google_ne_lr_2018	candidate_latin		google_phones=p r o . p aa . n o l
proportions	proportions	p r o . p o r . s ax n s		spoken_nepali	google_ne_lr_2018	candidate_latin		google_phones=p r o . p o r . s ax n s
proposal	proposal	p r o . p o . s ax l		spoken_nepali	google_ne_lr_2018	candidate_latin		google_phones=p r o . p o . s ax l
proposition	proposition	p r o . p o . dz i . s ax n		spoken_nepali	google_ne_lr_2018	candidate_latin		google_phones=p r o . p o . jh i . s ax n
prosecutor	prosecutor	p r o . s i . k y u . tx ax r		spoken_nepali	google_ne_lr_2018	candidate_latin		google_phones=p r o . s i . k y u . tt ax r
prospect	prospect	p r o s . p e k tx		spoken_nepali	google_ne_lr_2018	candidate_latin		google_phones=p r o s . p e k tt
prostatic	prostatic	p r o s . tx y aa . tx i k		spoken_nepali	google_ne_lr_2018	candidate_latin		google_phones=p r o s . tt y aa . tt i k
protected	protected	p r o . tx e k . tx e dx		spoken_nepali	google_ne_lr_2018	candidate_latin		google_phones=p r o . tt e k . tt e dd
protection	protection	p r o . tx e k . s ax n		spoken_nepali	google_ne_lr_2018	candidate_latin		google_phones=p r o . tt e k . s ax n
protocol	protocol	p r o . tx o . k ax l		spoken_nepali	google_ne_lr_2018	candidate_latin		google_phones=p r o . tt o . k ax l
protocols	protocols	p r o . tx o . k ax l s		spoken_nepali	google_ne_lr_2018	candidate_latin		google_phones=p r o . tt o . k ax l s
proton	proton	p r o . tx o n		spoken_nepali	google_ne_lr_2018	candidate_latin		google_phones=p r o . tt o n
protoplasm	protoplasm	p r o . tx o . p l aa dz m		spoken_nepali	google_ne_lr_2018	candidate_latin		google_phones=p r o . tt o . p l aa jh m
protostar	protostar	p r o . tx o . s tx aa r		spoken_nepali	google_ne_lr_2018	candidate_latin		google_phones=p r o . tt o . s tt aa r
providers	providers	p r o . bh aaj . dx ax r s		spoken_nepali	google_ne_lr_2018	candidate_latin		google_phones=p r o . bh aaj . dd ax r s
provocation	provocation	p r o . bh o . k e . s ax n		spoken_nepali	google_ne_lr_2018	candidate_latin		google_phones=p r o . bh o . k e . s ax n
prudential	prudential	p r u . dx e n . s i . y ax l		spoken_nepali	google_ne_lr_2018	candidate_latin		google_phones=p r u . dd e n . s i . y ax l
psychiatric	psychiatric	s aaj . k i . y aa . tx r i k		spoken_nepali	google_ne_lr_2018	candidate_latin		google_phones=s aaj . k i . y aa . tt r i k
psychological	psychological	s aaj . k o . l o . dz i . k ax l		spoken_nepali	google_ne_lr_2018	candidate_latin		google_phones=s aaj . k o . l o . jh i . k ax l
psychophysics	psychophysics	s aaj . k o . ph i . dz i k s		spoken_nepali	google_ne_lr_2018	candidate_latin		google_phones=s aaj . k o . ph i . jh i k s
psychosocial	psychosocial	s aaj . k o . s o . s ax l		spoken_nepali	google_ne_lr_2018	candidate_latin		google_phones=s aaj . k o . s o . s ax l
pteridophyte	pteridophyte	tx e . r i . dx o . ph aaj tx		spoken_nepali	google_ne_lr_2018	candidate_latin		google_phones=tt e . r i . dd o . ph aaj tt
public	public	p ax b . b l i k		spoken_nepali	google_ne_lr_2018	candidate_latin		google_phones=p ax b . b l i k
publication	publication	p ax b . l i . k e . s ax n		spoken_nepali	google_ne_lr_2018	candidate_latin		google_phones=p ax b . l i . k e . s ax n
publix	publix	p ax b . l i k s		spoken_nepali	google_ne_lr_2018	candidate_latin		google_phones=p ax b . l i k s
pudding	pudding	p u . dx i ng		spoken_nepali	google_ne_lr_2018	candidate_latin		google_phones=p u . dd i ng
puja	puja	p u . dz aa		spoken_nepali	google_ne_lr_2018	candidate_latin		google_phones=p u . jh aa
pujara	pujara	p u . dz aa . r aa		spoken_nepali	google_ne_lr_2018	candidate_latin		google_phones=p u . jh aa . r aa
pulp	pulp	p ax l p		spoken_nepali	google_ne_lr_2018	candidate_latin		google_phones=p ax l p
pultegroup	pultegroup	p ax l tx . g r u p		spoken_nepali	google_ne_lr_2018	candidate_latin		google_phones=p ax l tt . g r u p
pun	pun	p ax n		spoken_nepali	google_ne_lr_2018	candidate_latin		google_phones=p ax n
punarjanma	punarjanma	p u . n ax r . dz ax n . m ax		spoken_nepali	google_ne_lr_2018	candidate_latin		google_phones=p u . n ax r . jh ax n . m ax
punch	punch	p ax n ts		spoken_nepali	google_ne_lr_2018	candidate_latin		google_phones=p ax n ts
punctata	punctata	p ax ng k . tx aa . tx aa		spoken_nepali	google_ne_lr_2018	candidate_latin		google_phones=p ax ng k . tt aa . tt aa
pune	pune	p u . n e		spoken_nepali	google_ne_lr_2018	candidate_latin		google_phones=p u . nn e
punishment	punishment	p ax . n i s . m e n tx		spoken_nepali	google_ne_lr_2018	candidate_latin		google_phones=p ax . n i s . m e n tt
punit	punit	p u . n i t		spoken_nepali	google_ne_lr_2018	candidate_latin		google_phones=p u . n i t
punita	punita	p u . n i . t aa		spoken_nepali	google_ne_lr_2018	candidate_latin		google_phones=p u . n i . t aa
punk	punk	p ax ng k		spoken_nepali	google_ne_lr_2018	candidate_latin		google_phones=p ax ng k
punte	punte	p u n . tx e		spoken_nepali	google_ne_lr_2018	candidate_latin		google_phones=p u n . tt e
punya	punya	p u n . n y ax		spoken_nepali	google_ne_lr_2018	candidate_latin		google_phones=p u nn . nn y ax
pupa	pupa	p y u . p aa		spoken_nepali	google_ne_lr_2018	candidate_latin		google_phones=p y u . p aa
puranas	puranas	p u . r aa n s		spoken_nepali	google_ne_lr_2018	candidate_latin		google_phones=p u . r aa nn s
purchasing	purchasing	p ax r . ts e . dz i ng		spoken_nepali	google_ne_lr_2018	candidate_latin		google_phones=p ax r . ts e . jh i ng
purification	purification	p y u . r i . ph i . k e . s ax n		spoken_nepali	google_ne_lr_2018	candidate_latin		google_phones=p y u . r i . ph i . k e . s ax n
purusha	purusha	p u . r u . s ax		spoken_nepali	google_ne_lr_2018	candidate_latin		google_phones=p u . r u . s ax
purushottama	purushottama	p u . r u . s o t . t ax . m ax		spoken_nepali	google_ne_lr_2018	candidate_latin		google_phones=p u . r u . s o t . t ax . m ax
purwanchal	purwanchal	p u r . w aa n . ts ax l		spoken_nepali	google_ne_lr_2018	candidate_latin		google_phones=p u r . w aa n . ts ax l
pushkar	pushkar	p u s . k ax r		spoken_nepali	google_ne_lr_2018	candidate_latin		google_phones=p u s . k ax r
put	put	p u tx		spoken_nepali	google_ne_lr_2018	candidate_latin		google_phones=p u tt
pyaare	pyaare	p y aa . r e		spoken_nepali	google_ne_lr_2018	candidate_latin		google_phones=p y aa . r e
pyar	pyar	p y aa r		spoken_nepali	google_ne_lr_2018	candidate_latin		google_phones=p y aa r
pyramid	pyramid	p i . r aa . m i dx		spoken_nepali	google_ne_lr_2018	candidate_latin		google_phones=p i . r aa . m i dd
pyrolysis	pyrolysis	p aaj . r o . l aaj . s i s		spoken_nepali	google_ne_lr_2018	candidate_latin		google_phones=p aaj . r o . l aaj . s i s
python	python	p aaj . th ax n		spoken_nepali	google_ne_lr_2018	candidate_latin		google_phones=p aaj . th ax n
q	q	k i . u		spoken_nepali	google_ne_lr_2018	candidate_latin		google_phones=k i . u
qatar	qatar	k ax . t aa r		spoken_nepali	google_ne_lr_2018	candidate_latin		google_phones=k ax . t aa r
quadratic	quadratic	k w aa . dx r e . tx i k		spoken_nepali	google_ne_lr_2018	candidate_latin		google_phones=k w aa . dd r e . tt i k
quake	quake	k w e k		spoken_nepali	google_ne_lr_2018	candidate_latin		google_phones=k w e k
qualcomm	qualcomm	k w aa l . k ax m		spoken_nepali	google_ne_lr_2018	candidate_latin		google_phones=k w aa l . k ax m
qualifier	qualifier	k w aa . l i . ph aa . y ax r		spoken_nepali	google_ne_lr_2018	candidate_latin		google_phones=k w aa . l i . ph aa . y ax r
quanta	quanta	k w aa n . tx aa		spoken_nepali	google_ne_lr_2018	candidate_latin		google_phones=k w aa n . tt aa
quantico	quantico	k w aa n . tx i . k o		spoken_nepali	google_ne_lr_2018	candidate_latin		google_phones=k w aa n . tt i . k o
queens	queens	k w i n s		spoken_nepali	google_ne_lr_2018	candidate_latin		google_phones=k w i n s
quest	quest	k w e s tx		spoken_nepali	google_ne_lr_2018	candidate_latin		google_phones=k w e s tt
questa	questa	k w e s . tx aa		spoken_nepali	google_ne_lr_2018	candidate_latin		google_phones=k w e s . tt aa
question	question	k w e s . ts ax n		spoken_nepali	google_ne_lr_2018	candidate_latin		google_phones=k w e s . ts ax n
quicksand	quicksand	k w i k . s aa n dx		spoken_nepali	google_ne_lr_2018	candidate_latin		google_phones=k w i k . s aa n dd
quicksilver	quicksilver	k w i k . s i l . bh ax r		spoken_nepali	google_ne_lr_2018	candidate_latin		google_phones=k w i k . s i l . bh ax r
quickstart	quickstart	k w i k . s tx aa r tx		spoken_nepali	google_ne_lr_2018	candidate_latin		google_phones=k w i k . s tt aa r tt
quintiles	quintiles	k w i n . tx aaj l s		spoken_nepali	google_ne_lr_2018	candidate_latin		google_phones=k w i n . tt aaj l s
quota	quota	k o . tx aa		spoken_nepali	google_ne_lr_2018	candidate_latin		google_phones=k o . tt aa
quote	quote	k o tx		spoken_nepali	google_ne_lr_2018	candidate_latin		google_phones=k o tt
quotient	quotient	k o . s e n tx		spoken_nepali	google_ne_lr_2018	candidate_latin		google_phones=k o . s e n tt
r	r	aa r		spoken_nepali	google_ne_lr_2018	candidate_latin		google_phones=aa r
raat	raat	r aa t		spoken_nepali	google_ne_lr_2018	candidate_latin		google_phones=r aa t
raaz	raaz	r aa dz		spoken_nepali	google_ne_lr_2018	candidate_latin		google_phones=r aa jh
rabbit	rabbit	r y aa . b i tx		spoken_nepali	google_ne_lr_2018	candidate_latin		google_phones=r y aa . b i tt
rachana	rachana	r ax . ts ax . n aa		spoken_nepali	google_ne_lr_2018	candidate_latin		google_phones=r ax . ts ax . n aa
racoon	racoon	r y aa . k u n		spoken_nepali	google_ne_lr_2018	candidate_latin		google_phones=r y aa . k u n
radamel	radamel	r aa . dx aa . m e l		spoken_nepali	google_ne_lr_2018	candidate_latin		google_phones=r aa . dd aa . m e l
radar	radar	r ax . dx aa r		spoken_nepali	google_ne_lr_2018	candidate_latin		google_phones=r ax . dd aa r
radburn	radburn	r y aa dx . b ax r n		spoken_nepali	google_ne_lr_2018	candidate_latin		google_phones=r y aa dd . b ax r n
radford	radford	r y aa dx . ph o r dx		spoken_nepali	google_ne_lr_2018	candidate_latin		google_phones=r y aa dd . ph o r dd
radha	radha	r aa . dh aa		spoken_nepali	google_ne_lr_2018	candidate_latin		google_phones=r aa . dh aa
radial	radial	r e . dx i . y ax l		spoken_nepali	google_ne_lr_2018	candidate_latin		google_phones=r e . dd i . y ax l
radio	radio	r e . dx i . y o		spoken_nepali	google_ne_lr_2018	candidate_latin		google_phones=r e . dd i . y o
radioactive	radioactive	r e . dx i . y o . e k . t i bh		spoken_nepali	google_ne_lr_2018	candidate_latin		google_phones=r e . dd i . y o . e k . t i bh
radish	radish	r y aa . dx i s		spoken_nepali	google_ne_lr_2018	candidate_latin		google_phones=r y aa . dd i s
radius	radius	r e . dx i . y ax s		spoken_nepali	google_ne_lr_2018	candidate_latin		google_phones=r e . dd i . y ax s
radmin	radmin	r y aa dx . m i n		spoken_nepali	google_ne_lr_2018	candidate_latin		google_phones=r y aa dd . m i n
radon	radon	r y aa . dx ax n		spoken_nepali	google_ne_lr_2018	candidate_latin		google_phones=r y aa . dd ax n
rafting	rafting	r y aa ph . tx i ng		spoken_nepali	google_ne_lr_2018	candidate_latin		google_phones=r y aa ph . tt i ng
raghav	raghav	r aa . gh ax b		spoken_nepali	google_ne_lr_2018	candidate_latin		google_phones=r aa . gh ax b
raging	raging	r y aa . g i ng		spoken_nepali	google_ne_lr_2018	candidate_latin		google_phones=r y aa . g i ng
rahasaya	rahasaya	r ax . h ax s . s y ax		spoken_nepali	google_ne_lr_2018	candidate_latin		google_phones=r ax . h ax s . s y ax
rahat	rahat	r aa . h ax t		spoken_nepali	google_ne_lr_2018	candidate_latin		google_phones=r aa . h ax t
rahman	rahman	r ax . h ax . m aa n		spoken_nepali	google_ne_lr_2018	candidate_latin		google_phones=r ax . h ax . m aa n
rahul	rahul	r aa . h u l		spoken_nepali	google_ne_lr_2018	candidate_latin		google_phones=r aa . h u l
rai	rai	r aaj		spoken_nepali	google_ne_lr_2018	candidate_latin		google_phones=r aaj
rails	rails	r e l s		spoken_nepali	google_ne_lr_2018	candidate_latin		google_phones=r e l s
railway	railway	r e l . w e		spoken_nepali	google_ne_lr_2018	candidate_latin		google_phones=r e l . w e
rain	rain	r e n		spoken_nepali	google_ne_lr_2018	candidate_latin		google_phones=r e n
rainbow	rainbow	r e n . b o		spoken_nepali	google_ne_lr_2018	candidate_latin		google_phones=r e n . b o
raincoat	raincoat	r e n . k o tx		spoken_nepali	google_ne_lr_2018	candidate_latin		google_phones=r e n . k o tt
raj	raj	r aa dz		spoken_nepali	google_ne_lr_2018	candidate_latin		google_phones=r aa jh
raja	raja	r aa . dz aa		spoken_nepali	google_ne_lr_2018	candidate_latin		google_phones=r aa . jh aa
rajeev	rajeev	r aa . dz i b		spoken_nepali	google_ne_lr_2018	candidate_latin		google_phones=r aa . jh i b
rajendra	rajendra	r aa . dz e n . d r ax		spoken_nepali	google_ne_lr_2018	candidate_latin		google_phones=r aa . jh e n . d r ax
rajesh	rajesh	r aa . dz e s		spoken_nepali	google_ne_lr_2018	candidate_latin		google_phones=r aa . jh e s
rajinder	rajinder	r ax . dz i n . d ax r		spoken_nepali	google_ne_lr_2018	candidate_latin		google_phones=r ax . jh i n . d ax r
rajiv	rajiv	r aa . dz i bh		spoken_nepali	google_ne_lr_2018	candidate_latin		google_phones=r aa . jh i bh
rajneesh	rajneesh	r ax . dz ax . n i s		spoken_nepali	google_ne_lr_2018	candidate_latin		google_phones=r ax . jh ax . n i s
rajya	rajya	r aa dz . dz y ax		spoken_nepali	google_ne_lr_2018	candidate_latin		google_phones=r aa jh . jh y ax
rakesh	rakesh	r aa . k e s		spoken_nepali	google_ne_lr_2018	candidate_latin		google_phones=r aa . k e s
rakshita	rakshita	r ax k . tsh y i . t aa		spoken_nepali	google_ne_lr_2018	candidate_latin		google_phones=r ax k . tsh y i . t aa
ralitsa	ralitsa	r y aa . l i t . s aa		spoken_nepali	google_ne_lr_2018	candidate_latin		google_phones=r y aa . l i t . s aa
ralph	ralph	r aa l ph		spoken_nepali	google_ne_lr_2018	candidate_latin		google_phones=r aa l ph
ram	ram	r aa m		spoken_nepali	google_ne_lr_2018	candidate_latin		google_phones=r aa m
rama	rama	r ax . m aa		spoken_nepali	google_ne_lr_2018	candidate_latin		google_phones=r ax . m aa
ramakrishna	ramakrishna	r aa m . k r i s . n ax		spoken_nepali	google_ne_lr_2018	candidate_latin		google_phones=r aa m . k r i s . nn ax
ramakrishnan	ramakrishnan	r aa m . k r i s . n ax n		spoken_nepali	google_ne_lr_2018	candidate_latin		google_phones=r aa m . k r i s . nn ax n
raman	raman	r ax . m ax n		spoken_nepali	google_ne_lr_2018	candidate_latin		google_phones=r ax . m ax n
ramana	ramana	r ax . m ax . n ax		spoken_nepali	google_ne_lr_2018	candidate_latin		google_phones=r ax . m ax . n ax
rambo	rambo	r y aa m . b o		spoken_nepali	google_ne_lr_2018	candidate_latin		google_phones=r y aa m . b o
ramesh	ramesh	r ax . m e s		spoken_nepali	google_ne_lr_2018	candidate_latin		google_phones=r ax . m e s
ramnabagan	ramnabagan	r aa m . n ax . b ax . g ax n		spoken_nepali	google_ne_lr_2018	candidate_latin		google_phones=r aa m . n ax . b ax . g ax n
ramola	ramola	r ax . m o . l aa		spoken_nepali	google_ne_lr_2018	candidate_latin		google_phones=r ax . m o . l aa
ramon	ramon	r y aa . m o n		spoken_nepali	google_ne_lr_2018	candidate_latin		google_phones=r y aa . m o n
rampa	rampa	r y aa m . p aa		spoken_nepali	google_ne_lr_2018	candidate_latin		google_phones=r y aa m . p aa
ramsar	ramsar	r aa m . s ax r		spoken_nepali	google_ne_lr_2018	candidate_latin		google_phones=r aa m . s ax r
ramsay	ramsay	r aa m . s e		spoken_nepali	google_ne_lr_2018	candidate_latin		google_phones=r aa m . s e
ramzan	ramzan	r ax m . dz aa n		spoken_nepali	google_ne_lr_2018	candidate_latin		google_phones=r ax m . jh aa n
rana	rana	r aa . n aa		spoken_nepali	google_ne_lr_2018	candidate_latin		google_phones=r aa . n aa
ranabhat	ranabhat	r aa . n aa . bh aa tx		spoken_nepali	google_ne_lr_2018	candidate_latin		google_phones=r aa . n aa . bh aa tt
ranchera	ranchera	r ax n . ts e . r aa		spoken_nepali	google_ne_lr_2018	candidate_latin		google_phones=r ax n . ts e . r aa
rancidification	rancidification	r y aa n . s i . dx i . ph i . k e . s ax n		spoken_nepali	google_ne_lr_2018	candidate_latin		google_phones=r y aa n . s i . dd i . ph i . k e . s ax n
ranganathan	ranganathan	r ax ng . g ax . n aa . th ax n		spoken_nepali	google_ne_lr_2018	candidate_latin		google_phones=r ax ng . g ax . n aa . th ax n
rangeela	rangeela	r ax ng . g i . l aa		spoken_nepali	google_ne_lr_2018	candidate_latin		google_phones=r ax ng . g i . l aa
ranighat	ranighat	r aa . n i . gh aa tx		spoken_nepali	google_ne_lr_2018	candidate_latin		google_phones=r aa . n i . gh aa tt
ranipauwa	ranipauwa	r aa . n i . p axw . w aa		spoken_nepali	google_ne_lr_2018	candidate_latin		google_phones=r aa . n i . p axw . w aa
rank	rank	r y aa n k		spoken_nepali	google_ne_lr_2018	candidate_latin		google_phones=r y aa n k
ranter	ranter	r e n . tx ax r		spoken_nepali	google_ne_lr_2018	candidate_latin		google_phones=r e n . tt ax r
rao	rao	r aa w		spoken_nepali	google_ne_lr_2018	candidate_latin		google_phones=r aa w
rapid	rapid	r y aa . p i dx		spoken_nepali	google_ne_lr_2018	candidate_latin		google_phones=r y aa . p i dd
rapture	rapture	r y aa p . ts ax r		spoken_nepali	google_ne_lr_2018	candidate_latin		google_phones=r y aa p . ts ax r
rara	rara	r aa . r aa		spoken_nepali	google_ne_lr_2018	candidate_latin		google_phones=r aa . r aa
rat	rat	r y aa tx		spoken_nepali	google_ne_lr_2018	candidate_latin		google_phones=r y aa tt
rate	rate	r e tx		spoken_nepali	google_ne_lr_2018	candidate_latin		google_phones=r e tt
rathod	rathod	r aa . txh o dx		spoken_nepali	google_ne_lr_2018	candidate_latin		google_phones=r aa . tth o dd
rathore	rathore	r aa . txh o r		spoken_nepali	google_ne_lr_2018	candidate_latin		google_phones=r aa . tth o r
ratification	ratification	r y aa . tx i . ph i . k e . s ax n		spoken_nepali	google_ne_lr_2018	candidate_latin		google_phones=r y aa . tt i . ph i . k e . s ax n
ratna	ratna	r ax t . n ax		spoken_nepali	google_ne_lr_2018	candidate_latin		google_phones=r ax t . n ax
ratnam	ratnam	r ax t . n ax m		spoken_nepali	google_ne_lr_2018	candidate_latin		google_phones=r ax t . n ax m
rato	rato	r aa . t o		spoken_nepali	google_ne_lr_2018	candidate_latin		google_phones=r aa . t o
raut	raut	r aaw t		spoken_nepali	google_ne_lr_2018	candidate_latin		google_phones=r aaw t
raval	raval	r y aa . bh ax l		spoken_nepali	google_ne_lr_2018	candidate_latin		google_phones=r y aa . bh ax l
rawal	rawal	r aa . w ax l		spoken_nepali	google_ne_lr_2018	candidate_latin		google_phones=r aa . w ax l
rawat	rawat	r aa . w ax t		spoken_nepali	google_ne_lr_2018	candidate_latin		google_phones=r aa . w ax t
ray	ray	r e		spoken_nepali	google_ne_lr_2018	candidate_latin		google_phones=r e
rayon	rayon	r e . y ax n		spoken_nepali	google_ne_lr_2018	candidate_latin		google_phones=r e . y ax n
raytheon	raytheon	r e . th i . y o n		spoken_nepali	google_ne_lr_2018	candidate_latin		google_phones=r e . th i . y o n
re	re	r e		spoken_nepali	google_ne_lr_2018	candidate_latin		google_phones=r e
reaction	reaction	r i . y aa k . s ax n		spoken_nepali	google_ne_lr_2018	candidate_latin		google_phones=r i . y aa k . s ax n
read	read	r i dx		spoken_nepali	google_ne_lr_2018	candidate_latin		google_phones=r i dd
reader	reader	r i . dx ax r		spoken_nepali	google_ne_lr_2018	candidate_latin		google_phones=r i . dd ax r
readyboost	readyboost	r e . dx i . b u s tx		spoken_nepali	google_ne_lr_2018	candidate_latin		google_phones=r e . dd i . b u s tt
reagent	reagent	r i . dz e n tx		spoken_nepali	google_ne_lr_2018	candidate_latin		google_phones=r i . jh e n tt
real	real	r i . y ax l		spoken_nepali	google_ne_lr_2018	candidate_latin		google_phones=r i . y ax l
reason	reason	r i . dz ax n		spoken_nepali	google_ne_lr_2018	candidate_latin		google_phones=r i . jh ax n
recall	recall	r i . k ax l		spoken_nepali	google_ne_lr_2018	candidate_latin		google_phones=r i . k ax l
rechargeable	rechargeable	r i . ts aa r . dz e . b ax l		spoken_nepali	google_ne_lr_2018	candidate_latin		google_phones=r i . ts aa r . jh e . b ax l
reciprocal	reciprocal	r e . s i . p r o . k ax l		spoken_nepali	google_ne_lr_2018	candidate_latin		google_phones=r e . s i . p r o . k ax l
recognition	recognition	r i . k ax g . n i . s ax n		spoken_nepali	google_ne_lr_2018	candidate_latin		google_phones=r i . k ax g . n i . s ax n
recombination	recombination	r i . k ax m . b i . n e . s ax n		spoken_nepali	google_ne_lr_2018	candidate_latin		google_phones=r i . k ax m . b i . n e . s ax n
reconstruction	reconstruction	r i . k ax n s . tx r ax k . s ax n		spoken_nepali	google_ne_lr_2018	candidate_latin		google_phones=r i . k ax n s . tt r ax k . s ax n
record	record	r e . k ax r dx		spoken_nepali	google_ne_lr_2018	candidate_latin		google_phones=r e . k ax r dd
recording	recording	r e . k ax r . dx i ng		spoken_nepali	google_ne_lr_2018	candidate_latin		google_phones=r e . k ax r . dd i ng
recurring	recurring	r e . k ax . r i ng		spoken_nepali	google_ne_lr_2018	candidate_latin		google_phones=r e . k ax . r i ng
red	red	r e dx		spoken_nepali	google_ne_lr_2018	candidate_latin		google_phones=r e dd
reducing	reducing	r i . dx y u . s i ng		spoken_nepali	google_ne_lr_2018	candidate_latin		google_phones=r i . dd y u . s i ng
reef	reef	r i ph		spoken_nepali	google_ne_lr_2018	candidate_latin		google_phones=r i ph
reema	reema	r i . m aa		spoken_nepali	google_ne_lr_2018	candidate_latin		google_phones=r i . m aa
reet	reet	r i tx		spoken_nepali	google_ne_lr_2018	candidate_latin		google_phones=r i tt
reference	reference	r e ph . r ax n s		spoken_nepali	google_ne_lr_2018	candidate_latin		google_phones=r e ph . r ax n s
refining	refining	r i . ph aaj . n i ng		spoken_nepali	google_ne_lr_2018	candidate_latin		google_phones=r i . ph aaj . n i ng
reflection	reflection	r i ph . ph l e k . s ax n		spoken_nepali	google_ne_lr_2018	candidate_latin		google_phones=r i ph . ph l e k . s ax n
reflector	reflector	r i . ph l e k . tx ax r		spoken_nepali	google_ne_lr_2018	candidate_latin		google_phones=r i . ph l e k . tt ax r
reflex	reflex	r i . ph l e k s		spoken_nepali	google_ne_lr_2018	candidate_latin		google_phones=r i . ph l e k s
reflux	reflux	r e . ph l ax k s		spoken_nepali	google_ne_lr_2018	candidate_latin		google_phones=r e . ph l ax k s
reform	reform	r i . ph ax r m		spoken_nepali	google_ne_lr_2018	candidate_latin		google_phones=r i . ph ax r m
regiments	regiments	r e . dz i . m e n tx s		spoken_nepali	google_ne_lr_2018	candidate_latin		google_phones=r e . jh i . m e n tt s
regional	regional	r i . dz ax . n ax l		spoken_nepali	google_ne_lr_2018	candidate_latin		google_phones=r i . jh ax . n ax l
regions	regions	r i . dz ax n s		spoken_nepali	google_ne_lr_2018	candidate_latin		google_phones=r i . jh ax n s
register	register	r ax . g i s . tx ax r		spoken_nepali	google_ne_lr_2018	candidate_latin		google_phones=r ax . g i s . tt ax r
registered	registered	r ax . dz i s . tx ax r dx		spoken_nepali	google_ne_lr_2018	candidate_latin		google_phones=r ax . jh i s . tt ax r dd
regression	regression	r i g . g r e . s ax n		spoken_nepali	google_ne_lr_2018	candidate_latin		google_phones=r i g . g r e . s ax n
regular	regular	r e . g u . l ax r		spoken_nepali	google_ne_lr_2018	candidate_latin		google_phones=r e . g u . l ax r
regulation	regulation	r e . g u . l e . s ax n		spoken_nepali	google_ne_lr_2018	candidate_latin		google_phones=r e . g u . l e . s ax n
rehabilitation	rehabilitation	r i . h y aa . b i . l i . tx e . s ax n		spoken_nepali	google_ne_lr_2018	candidate_latin		google_phones=r i . h y aa . b i . l i . tt e . s ax n
rehal	rehal	r e . h ax l		spoken_nepali	google_ne_lr_2018	candidate_latin		google_phones=r e . h ax l
reign	reign	r e n		spoken_nepali	google_ne_lr_2018	candidate_latin		google_phones=r e n
reinisa	reinisa	r e . n i . s aa		spoken_nepali	google_ne_lr_2018	candidate_latin		google_phones=r e . n i . s aa
relational	relational	r i . l e . s ax . n ax l		spoken_nepali	google_ne_lr_2018	candidate_latin		google_phones=r i . l e . s ax . n ax l
relations	relations	r i . l e . s ax n s		spoken_nepali	google_ne_lr_2018	candidate_latin		google_phones=r i . l e . s ax n s
relative	relative	r i . l e . tx i bh		spoken_nepali	google_ne_lr_2018	candidate_latin		google_phones=r i . l e . tt i bh
relegation	relegation	r e . l i . g e . s ax n		spoken_nepali	google_ne_lr_2018	candidate_latin		google_phones=r e . l i . g e . s ax n
reliance	reliance	r i . l aa . y ax n s		spoken_nepali	google_ne_lr_2018	candidate_latin		google_phones=r i . l aa . y ax n s
relief	relief	r i . l i ph		spoken_nepali	google_ne_lr_2018	candidate_latin		google_phones=r i . l i ph
religion	religion	r i . l i . dz ax n		spoken_nepali	google_ne_lr_2018	candidate_latin		google_phones=r i . l i . jh ax n
remix	remix	r i . m i k s		spoken_nepali	google_ne_lr_2018	candidate_latin		google_phones=r i . m i k s
remote	remote	r i . m o tx		spoken_nepali	google_ne_lr_2018	candidate_latin		google_phones=r i . m o tt
renal	renal	r i . n ax l		spoken_nepali	google_ne_lr_2018	candidate_latin		google_phones=r i . n ax l
renaming	renaming	r i . n e . m i ng		spoken_nepali	google_ne_lr_2018	candidate_latin		google_phones=r i . n e . m i ng
renault	renault	r e . n ax l tx		spoken_nepali	google_ne_lr_2018	candidate_latin		google_phones=r e . n ax l tt
rendering	rendering	r e n . dx ax . r i ng		spoken_nepali	google_ne_lr_2018	candidate_latin		google_phones=r e n . dd ax . r i ng
reno	reno	r e . n o		spoken_nepali	google_ne_lr_2018	candidate_latin		google_phones=r e . n o
rent	rent	r e n tx		spoken_nepali	google_ne_lr_2018	candidate_latin		google_phones=r e n tt
rentals	rentals	r e n . tx ax l s		spoken_nepali	google_ne_lr_2018	candidate_latin		google_phones=r e n . tt ax l s
renuka	renuka	r e . n u . k aa		spoken_nepali	google_ne_lr_2018	candidate_latin		google_phones=r e . n u . k aa
replacement	replacement	r i . p l e s . m e n tx		spoken_nepali	google_ne_lr_2018	candidate_latin		google_phones=r i . p l e s . m e n tt
report	report	r i . p o r tx		spoken_nepali	google_ne_lr_2018	candidate_latin		google_phones=r i . p o r tt
reporting	reporting	r i . p o r . tx i ng		spoken_nepali	google_ne_lr_2018	candidate_latin		google_phones=r i . p o r . tt i ng
reproduction	reproduction	r i . p r o . d ax k . s ax n		spoken_nepali	google_ne_lr_2018	candidate_latin		google_phones=r i . p r o . d ax k . s ax n
republic	republic	r i . p ax b . b l i k		spoken_nepali	google_ne_lr_2018	candidate_latin		google_phones=r i . p ax b . b l i k
republica	republica	r i . p ax b . b l i . k aa		spoken_nepali	google_ne_lr_2018	candidate_latin		google_phones=r i . p ax b . b l i . k aa
repulsion	repulsion	r e . p ax l . s ax n		spoken_nepali	google_ne_lr_2018	candidate_latin		google_phones=r e . p ax l . s ax n
reputation	reputation	r i . p y u . tx e . s ax n		spoken_nepali	google_ne_lr_2018	candidate_latin		google_phones=r i . p y u . tt e . s ax n
requirements	requirements	r i . k w aa . y ax r . m ax n tx s		spoken_nepali	google_ne_lr_2018	candidate_latin		google_phones=r i . k w aa . y ax r . m ax n tt s
research	research	r i . s ax r ts		spoken_nepali	google_ne_lr_2018	candidate_latin		google_phones=r i . s ax r ts
reset	reset	r i . s e tx		spoken_nepali	google_ne_lr_2018	candidate_latin		google_phones=r i . s e tt
residence	residence	r e . dz i . dx e n s		spoken_nepali	google_ne_lr_2018	candidate_latin		google_phones=r e . jh i . dd e n s
resilience	resilience	r e . s i . l y e n s		spoken_nepali	google_ne_lr_2018	candidate_latin		google_phones=r e . s i . l y e n s
resistance	resistance	r e . s i s . tx e n s		spoken_nepali	google_ne_lr_2018	candidate_latin		google_phones=r e . s i s . tt e n s
resonance	resonance	r e . dz o . n y aa n s		spoken_nepali	google_ne_lr_2018	candidate_latin		google_phones=r e . jh o . n y aa n s
resort	resort	r i . s o r tx		spoken_nepali	google_ne_lr_2018	candidate_latin		google_phones=r i . s o r tt
resorts	resorts	r i . s o r tx s		spoken_nepali	google_ne_lr_2018	candidate_latin		google_phones=r i . s o r tt s
resource	resource	r i . s o r s		spoken_nepali	google_ne_lr_2018	candidate_latin		google_phones=r i . s o r s
resources	resources	r i . s o r . s e dz		spoken_nepali	google_ne_lr_2018	candidate_latin		google_phones=r i . s o r . s e jh
respect	respect	r e s . p e k tx		spoken_nepali	google_ne_lr_2018	candidate_latin		google_phones=r e s . p e k tt
response	response	r e s . p o n s		spoken_nepali	google_ne_lr_2018	candidate_latin		google_phones=r e s . p o n s
restaurant	restaurant	r e s . tx u . r e n tx		spoken_nepali	google_ne_lr_2018	candidate_latin		google_phones=r e s . tt u . r e n tt
restaurants	restaurants	r e s . tx u . r e n tx s		spoken_nepali	google_ne_lr_2018	candidate_latin		google_phones=r e s . tt u . r e n tt s
restoring	restoring	r e s . tx o . r i ng		spoken_nepali	google_ne_lr_2018	candidate_latin		google_phones=r e s . tt o . r i ng
retail	retail	r i . tx e l		spoken_nepali	google_ne_lr_2018	candidate_latin		google_phones=r i . tt e l
retard	retard	r i . tx aa r dx		spoken_nepali	google_ne_lr_2018	candidate_latin		google_phones=r i . tt aa r dd
return	return	r i . tx ax r n		spoken_nepali	google_ne_lr_2018	candidate_latin		google_phones=r i . tt ax r n
returns	returns	r i . t ax r n s		spoken_nepali	google_ne_lr_2018	candidate_latin		google_phones=r i . t ax r n s
reus	reus	r ew s		spoken_nepali	google_ne_lr_2018	candidate_latin		google_phones=r ew s
revenant	revenant	r i . bh ax . n e n tx		spoken_nepali	google_ne_lr_2018	candidate_latin		google_phones=r i . bh ax . n e n tt
reverberation	reverberation	r i . bh ax r . b ax . r e . s ax n		spoken_nepali	google_ne_lr_2018	candidate_latin		google_phones=r i . bh ax r . b ax . r e . s ax n
revision	revision	r i . bh i . dz ax n		spoken_nepali	google_ne_lr_2018	candidate_latin		google_phones=r i . bh i . jh ax n
revolver	revolver	r i . bh ax l . b ax r		spoken_nepali	google_ne_lr_2018	candidate_latin		google_phones=r i . bh ax l . b ax r
reyhaneh	reyhaneh	r e . h aa . n e		spoken_nepali	google_ne_lr_2018	candidate_latin		google_phones=r e . h aa . n e
reynolds	reynolds	r e . n ax dx s		spoken_nepali	google_ne_lr_2018	candidate_latin		google_phones=r e . n ax dd s
rhino	rhino	r aaj . n o		spoken_nepali	google_ne_lr_2018	candidate_latin		google_phones=r aaj . n o
rhomboid	rhomboid	r o m . b oj dx		spoken_nepali	google_ne_lr_2018	candidate_latin		google_phones=r o m . b oj dd
rhombus	rhombus	r o m . b ax s		spoken_nepali	google_ne_lr_2018	candidate_latin		google_phones=r o m . b ax s
ribbon	ribbon	r i . b ax n		spoken_nepali	google_ne_lr_2018	candidate_latin		google_phones=r i . b ax n
rice	rice	r aaj s		spoken_nepali	google_ne_lr_2018	candidate_latin		google_phones=r aaj s
richa	richa	r i . ts aa		spoken_nepali	google_ne_lr_2018	candidate_latin		google_phones=r i . ts aa
rickshaw	rickshaw	r i k . s aa		spoken_nepali	google_ne_lr_2018	candidate_latin		google_phones=r i k . s aa
riddle	riddle	r i . dx ax l		spoken_nepali	google_ne_lr_2018	candidate_latin		google_phones=r i . dd ax l
ride	ride	r aaj dx		spoken_nepali	google_ne_lr_2018	candidate_latin		google_phones=r aaj dd
riding	riding	r aaj . dx i ng		spoken_nepali	google_ne_lr_2018	candidate_latin		google_phones=r aaj . dd i ng
right	right	r aaj tx		spoken_nepali	google_ne_lr_2018	candidate_latin		google_phones=r aaj tt
rights	rights	r aaj tx s		spoken_nepali	google_ne_lr_2018	candidate_latin		google_phones=r aaj tt s
rijal	rijal	r i . dz aa l		spoken_nepali	google_ne_lr_2018	candidate_latin		google_phones=r i . jh aa l
rimal	rimal	r i . m aa l		spoken_nepali	google_ne_lr_2018	candidate_latin		google_phones=r i . m aa l
ring	ring	r i ng		spoken_nepali	google_ne_lr_2018	candidate_latin		google_phones=r i ng
ringtone	ringtone	r i ng . tx o n		spoken_nepali	google_ne_lr_2018	candidate_latin		google_phones=r i ng . tt o n
ripening	ripening	r aaj p . n i ng		spoken_nepali	google_ne_lr_2018	candidate_latin		google_phones=r aaj p . n i ng
risk	risk	r i s k		spoken_nepali	google_ne_lr_2018	candidate_latin		google_phones=r i s k
rite	rite	r aaj tx		spoken_nepali	google_ne_lr_2018	candidate_latin		google_phones=r aaj tt
river	river	r i . bh ax r		spoken_nepali	google_ne_lr_2018	candidate_latin		google_phones=r i . bh ax r
riya	riya	r i . y aa		spoken_nepali	google_ne_lr_2018	candidate_latin		google_phones=r i . y aa
rna	rna	aa r . e n . e		spoken_nepali	google_ne_lr_2018	candidate_latin		google_phones=aa r . e n . e
road	road	r o dx		spoken_nepali	google_ne_lr_2018	candidate_latin		google_phones=r o dd
roadkill	roadkill	r o dx . k i l		spoken_nepali	google_ne_lr_2018	candidate_latin		google_phones=r o dd . k i l
roar	roar	r o . ax r		spoken_nepali	google_ne_lr_2018	candidate_latin		google_phones=r o . ax r
roasting	roasting	r o s . tx i ng		spoken_nepali	google_ne_lr_2018	candidate_latin		google_phones=r o s . tt i ng
rob	rob	r ax b		spoken_nepali	google_ne_lr_2018	candidate_latin		google_phones=r ax b
robbins	robbins	r o . b i n s		spoken_nepali	google_ne_lr_2018	candidate_latin		google_phones=r o . b i n s
robert	robert	r o . b ax r tx		spoken_nepali	google_ne_lr_2018	candidate_latin		google_phones=r o . b ax r tt
robin	robin	r o . b i n		spoken_nepali	google_ne_lr_2018	candidate_latin		google_phones=r o . b i n
robinson	robinson	r ax . b i n . s ax n		spoken_nepali	google_ne_lr_2018	candidate_latin		google_phones=r ax . b i n . s ax n
robyn	robyn	r o . b i n		spoken_nepali	google_ne_lr_2018	candidate_latin		google_phones=r o . b i n
rochak	rochak	r o . ts ax k		spoken_nepali	google_ne_lr_2018	candidate_latin		google_phones=r o . ts ax k
rock	rock	r ax k		spoken_nepali	google_ne_lr_2018	candidate_latin		google_phones=r ax k
rockefeller	rockefeller	r ax . k ax . ph e . l ax r		spoken_nepali	google_ne_lr_2018	candidate_latin		google_phones=r ax . k ax . ph e . l ax r
rocket	rocket	r ax . k e tx		spoken_nepali	google_ne_lr_2018	candidate_latin		google_phones=r ax . k e tt
rocktenn	rocktenn	r ax k . tx e n		spoken_nepali	google_ne_lr_2018	candidate_latin		google_phones=r ax k . tt e n
rockwell	rockwell	r ax k . w e l		spoken_nepali	google_ne_lr_2018	candidate_latin		google_phones=r ax k . w e l
roger	roger	r o . dz ax r		spoken_nepali	google_ne_lr_2018	candidate_latin		google_phones=r o . jh ax r
rogers	rogers	r o . dz ax r s		spoken_nepali	google_ne_lr_2018	candidate_latin		google_phones=r o . jh ax r s
rohan	rohan	r o . h ax n		spoken_nepali	google_ne_lr_2018	candidate_latin		google_phones=r o . h ax n
rohira	rohira	r o . h i . r aa		spoken_nepali	google_ne_lr_2018	candidate_latin		google_phones=r o . h i . r aa
rohit	rohit	r o . h i t		spoken_nepali	google_ne_lr_2018	candidate_latin		google_phones=r o . h i t
role	role	r o l		spoken_nepali	google_ne_lr_2018	candidate_latin		google_phones=r o l
roller	roller	r o . l ax r		spoken_nepali	google_ne_lr_2018	candidate_latin		google_phones=r o . l ax r
rolpa	rolpa	r o l . p aa		spoken_nepali	google_ne_lr_2018	candidate_latin		google_phones=r o l . p aa
roman	roman	r o . m ax n		spoken_nepali	google_ne_lr_2018	candidate_latin		google_phones=r o . m ax n
romance	romance	r o . m aa n s		spoken_nepali	google_ne_lr_2018	candidate_latin		google_phones=r o . m aa n s
romanians	romanians	r o . m aa . n i . y ax n s		spoken_nepali	google_ne_lr_2018	candidate_latin		google_phones=r o . m aa . n i . y ax n s
romeo	romeo	r o . m i . y o		spoken_nepali	google_ne_lr_2018	candidate_latin		google_phones=r o . m i . y o
romero	romero	r o . m e . r o		spoken_nepali	google_ne_lr_2018	candidate_latin		google_phones=r o . m e . r o
ron	ron	r o n		spoken_nepali	google_ne_lr_2018	candidate_latin		google_phones=r o n
ronin	ronin	r o . n i n		spoken_nepali	google_ne_lr_2018	candidate_latin		google_phones=r o . n i n
room	room	r u m		spoken_nepali	google_ne_lr_2018	candidate_latin		google_phones=r u m
roommate	roommate	r u m . m e tx		spoken_nepali	google_ne_lr_2018	candidate_latin		google_phones=r u m . m e tt
roop	roop	r u p		spoken_nepali	google_ne_lr_2018	candidate_latin		google_phones=r u p
root	root	r u tx		spoken_nepali	google_ne_lr_2018	candidate_latin		google_phones=r u tt
rope	rope	r o p		spoken_nepali	google_ne_lr_2018	candidate_latin		google_phones=r o p
rorschach	rorschach	r o r s . ts aa ts		spoken_nepali	google_ne_lr_2018	candidate_latin		google_phones=r o r s . ts aa ts
rosetta	rosetta	r o . dz e . tx aa		spoken_nepali	google_ne_lr_2018	candidate_latin		google_phones=r o . jh e . tt aa
roshan	roshan	r o . s ax n		spoken_nepali	google_ne_lr_2018	candidate_latin		google_phones=r o . s ax n
ross	ross	r ax s		spoken_nepali	google_ne_lr_2018	candidate_latin		google_phones=r ax s
rotation	rotation	r o . tx e . s ax n		spoken_nepali	google_ne_lr_2018	candidate_latin		google_phones=r o . tt e . s ax n
route	route	r u tx		spoken_nepali	google_ne_lr_2018	candidate_latin		google_phones=r u tt
roy	roy	r oj		spoken_nepali	google_ne_lr_2018	candidate_latin		google_phones=r oj
royal	royal	r o . y ax l		spoken_nepali	google_ne_lr_2018	candidate_latin		google_phones=r o . y ax l
royale	royale	r o . y aa l		spoken_nepali	google_ne_lr_2018	candidate_latin		google_phones=r o . y aa l
rozhkov	rozhkov	r o dz . k o bh		spoken_nepali	google_ne_lr_2018	candidate_latin		google_phones=r o jh . k o bh
rr	rr	aa r . aa r		spoken_nepali	google_ne_lr_2018	candidate_latin		google_phones=aa r . aa r
rubber	rubber	r ax . b ax r		spoken_nepali	google_ne_lr_2018	candidate_latin		google_phones=r ax . b ax r
rubbermaid	rubbermaid	r ax . b ax r . m e dx		spoken_nepali	google_ne_lr_2018	candidate_latin		google_phones=r ax . b ax r . m e dd
rubble	rubble	r u . b ax l		spoken_nepali	google_ne_lr_2018	candidate_latin		google_phones=r u . b ax l
rubicon	rubicon	r u . b i . k ax n		spoken_nepali	google_ne_lr_2018	candidate_latin		google_phones=r u . b i . k ax n
ruble	ruble	r u . b ax l		spoken_nepali	google_ne_lr_2018	candidate_latin		google_phones=r u . b ax l
rude	rude	r y u dx		spoken_nepali	google_ne_lr_2018	candidate_latin		google_phones=r y u dd
rudra	rudra	r u d . d r ax		spoken_nepali	google_ne_lr_2018	candidate_latin		google_phones=r u d . d r ax
rudraksh	rudraksh	r u d . d r aa k . tsh y ax		spoken_nepali	google_ne_lr_2018	candidate_latin		google_phones=r u d . d r aa k . tsh y ax
rule	rule	r u l		spoken_nepali	google_ne_lr_2018	candidate_latin		google_phones=r u l
rumble	rumble	r ax m . b ax l		spoken_nepali	google_ne_lr_2018	candidate_latin		google_phones=r ax m . b ax l
rumjatar	rumjatar	r u m . dz aa . tx aa r		spoken_nepali	google_ne_lr_2018	candidate_latin		google_phones=r u m . jh aa . tt aa r
rumor	rumor	r y u . m ax r		spoken_nepali	google_ne_lr_2018	candidate_latin		google_phones=r y u . m ax r
run	run	r ax n		spoken_nepali	google_ne_lr_2018	candidate_latin		google_phones=r ax n
runs	runs	r ax n s		spoken_nepali	google_ne_lr_2018	candidate_latin		google_phones=r ax n s
rural	rural	r u . r ax l		spoken_nepali	google_ne_lr_2018	candidate_latin		google_phones=r u . r ax l
rush	rush	r ax s		spoken_nepali	google_ne_lr_2018	candidate_latin		google_phones=r ax s
rushabh	rushabh	r u . s aa bh		spoken_nepali	google_ne_lr_2018	candidate_latin		google_phones=r u . s aa bh
russian	russian	r ax . s i . y ax n		spoken_nepali	google_ne_lr_2018	candidate_latin		google_phones=r ax . s i . y ax n
ryan	ryan	r y aa n		spoken_nepali	google_ne_lr_2018	candidate_latin		google_phones=r y aa n
rydberg	rydberg	r i dx . b ax r g		spoken_nepali	google_ne_lr_2018	candidate_latin		google_phones=r i dd . b ax r g
ryder	ryder	r aaj . dx ax r		spoken_nepali	google_ne_lr_2018	candidate_latin		google_phones=r aaj . dd ax r
s	s	e s		spoken_nepali	google_ne_lr_2018	candidate_latin		google_phones=e s
saadat	saadat	s aa . d ax t		spoken_nepali	google_ne_lr_2018	candidate_latin		google_phones=s aa . d ax t
saahil	saahil	s aa . h i l		spoken_nepali	google_ne_lr_2018	candidate_latin		google_phones=s aa . h i l
saaya	saaya	s aa . y aa		spoken_nepali	google_ne_lr_2018	candidate_latin		google_phones=s aa . y aa
sabha	sabha	s ax . bh aa		spoken_nepali	google_ne_lr_2018	candidate_latin		google_phones=s ax . bh aa
sabharwal	sabharwal	s aa . bh ax r . w aa l		spoken_nepali	google_ne_lr_2018	candidate_latin		google_phones=s aa . bh ax r . w aa l
sabita	sabita	s ax . b i . t aa		spoken_nepali	google_ne_lr_2018	candidate_latin		google_phones=s ax . b i . t aa
sable	sable	s e . b ax l		spoken_nepali	google_ne_lr_2018	candidate_latin		google_phones=s e . b ax l
sabudana	sabudana	s aa . b u . d aa . n aa		spoken_nepali	google_ne_lr_2018	candidate_latin		google_phones=s aa . b u . d aa . n aa
sachs	sachs	s y aa k s		spoken_nepali	google_ne_lr_2018	candidate_latin		google_phones=s y aa k s
sacrum	sacrum	s y aa k . r ax m		spoken_nepali	google_ne_lr_2018	candidate_latin		google_phones=s y aa k . r ax m
sadbhawna	sadbhawna	s ax d . bh aa . w ax . n aa		spoken_nepali	google_ne_lr_2018	candidate_latin		google_phones=s ax d . bh aa . w ax . n aa
sade	sade	s e dx		spoken_nepali	google_ne_lr_2018	candidate_latin		google_phones=s e dd
sadha	sadha	s ax . dh aa		spoken_nepali	google_ne_lr_2018	candidate_latin		google_phones=s ax . dh aa
sadhana	sadhana	s aa . dh ax . n aa		spoken_nepali	google_ne_lr_2018	candidate_latin		google_phones=s aa . dh ax . n aa
safeway	safeway	s e ph . w e		spoken_nepali	google_ne_lr_2018	candidate_latin		google_phones=s e ph . w e
saga	saga	s aa . g aa		spoken_nepali	google_ne_lr_2018	candidate_latin		google_phones=s aa . g aa
sagar	sagar	s aa . g ax r		spoken_nepali	google_ne_lr_2018	candidate_latin		google_phones=s aa . g ax r
sagarmatha	sagarmatha	s ax . g ax r . m aa . th aa		spoken_nepali	google_ne_lr_2018	candidate_latin		google_phones=s ax . g ax r . m aa . th aa
sahara	sahara	s aa . h aa . r aa		spoken_nepali	google_ne_lr_2018	candidate_latin		google_phones=s aa . h aa . r aa
sahasranama	sahasranama	s ax . h ax s . s r ax . n aa m		spoken_nepali	google_ne_lr_2018	candidate_latin		google_phones=s ax . h ax s . s r ax . n aa m
sahil	sahil	s aa . h i l		spoken_nepali	google_ne_lr_2018	candidate_latin		google_phones=s aa . h i l
sai	sai	s aaj		spoken_nepali	google_ne_lr_2018	candidate_latin		google_phones=s aaj
sainamaina	sainamaina	s axj . n aa . m axj . n aa		spoken_nepali	google_ne_lr_2018	candidate_latin		google_phones=s axj . n aa . m axj . n aa
sainik	sainik	s axj . n i k		spoken_nepali	google_ne_lr_2018	candidate_latin		google_phones=s axj . n i k
sajha	sajha	s aa . dzh aa		spoken_nepali	google_ne_lr_2018	candidate_latin		google_phones=s aa . jhh aa
sajina	sajina	s ax . dz i . n aa		spoken_nepali	google_ne_lr_2018	candidate_latin		google_phones=s ax . jh i . n aa
sajjad	sajjad	s ax dz . dz aa dx		spoken_nepali	google_ne_lr_2018	candidate_latin		google_phones=s ax jh . jh aa dd
sakta	sakta	s ax k . t ax		spoken_nepali	google_ne_lr_2018	candidate_latin		google_phones=s ax k . t ax
sakya	sakya	s aa k . k y ax		spoken_nepali	google_ne_lr_2018	candidate_latin		google_phones=s aa k . k y ax
salak	salak	s aa . l ax k		spoken_nepali	google_ne_lr_2018	candidate_latin		google_phones=s aa . l ax k
salalah	salalah	s ax . l ax . l ax h		spoken_nepali	google_ne_lr_2018	candidate_latin		google_phones=s ax . l ax . l ax h
salat	salat	s y aa . l ax t		spoken_nepali	google_ne_lr_2018	candidate_latin		google_phones=s y aa . l ax t
sale	sale	s e l		spoken_nepali	google_ne_lr_2018	candidate_latin		google_phones=s e l
sales	sales	s e l s		spoken_nepali	google_ne_lr_2018	candidate_latin		google_phones=s e l s
salim	salim	s ax . l i m		spoken_nepali	google_ne_lr_2018	candidate_latin		google_phones=s ax . l i m
saliva	saliva	s y aa . l i . bh aa		spoken_nepali	google_ne_lr_2018	candidate_latin		google_phones=s y aa . l i . bh aa
salman	salman	s ax l . m aa n		spoken_nepali	google_ne_lr_2018	candidate_latin		google_phones=s ax l . m aa n
salon	salon	s y aa . l o n		spoken_nepali	google_ne_lr_2018	candidate_latin		google_phones=s y aa . l o n
salsa	salsa	s aa l . s aa		spoken_nepali	google_ne_lr_2018	candidate_latin		google_phones=s aa l . s aa
salt	salt	s aa l tx		spoken_nepali	google_ne_lr_2018	candidate_latin		google_phones=s aa l tt
salvation	salvation	s y aa l . bh e . s ax n		spoken_nepali	google_ne_lr_2018	candidate_latin		google_phones=s y aa l . bh e . s ax n
sam	sam	s aa m		spoken_nepali	google_ne_lr_2018	candidate_latin		google_phones=s aa m
sama	sama	s aa . m ax		spoken_nepali	google_ne_lr_2018	candidate_latin		google_phones=s aa . m ax
samaira	samaira	s ax . m aaj . r aa		spoken_nepali	google_ne_lr_2018	candidate_latin		google_phones=s ax . m aaj . r aa
samba	samba	s aa m . b ax		spoken_nepali	google_ne_lr_2018	candidate_latin		google_phones=s aa m . b ax
sambad	sambad	s ax m . b aa d		spoken_nepali	google_ne_lr_2018	candidate_latin		google_phones=s ax m . b aa d
same	same	s e m		spoken_nepali	google_ne_lr_2018	candidate_latin		google_phones=s e m
samir	samir	s ax . m i r		spoken_nepali	google_ne_lr_2018	candidate_latin		google_phones=s ax . m i r
samkhya	samkhya	s aa ng . kh y ax		spoken_nepali	google_ne_lr_2018	candidate_latin		google_phones=s aa ng . kh y ax
samrat	samrat	s ax m . m r aa tx		spoken_nepali	google_ne_lr_2018	candidate_latin		google_phones=s ax m . m r aa tt
samson	samson	s y aa m . s o n		spoken_nepali	google_ne_lr_2018	candidate_latin		google_phones=s y aa m . s o n
samsung	samsung	s aa m . s u ng		spoken_nepali	google_ne_lr_2018	candidate_latin		google_phones=s aa m . s u ng
samurai	samurai	s ax . m u . r aaj		spoken_nepali	google_ne_lr_2018	candidate_latin		google_phones=s ax . m u . r aaj
samyam	samyam	s ax m . y ax m		spoken_nepali	google_ne_lr_2018	candidate_latin		google_phones=s ax m . y ax m
san	san	s aa n		spoken_nepali	google_ne_lr_2018	candidate_latin		google_phones=s aa n
sanam	sanam	s ax . n ax m		spoken_nepali	google_ne_lr_2018	candidate_latin		google_phones=s ax . n ax m
sandisk	sandisk	s y aa n . dx i s k		spoken_nepali	google_ne_lr_2018	candidate_latin		google_phones=s y aa n . dd i s k
sandra	sandra	s aa n . d r aa		spoken_nepali	google_ne_lr_2018	candidate_latin		google_phones=s aa n . d r aa
sands	sands	s y aa n dx s		spoken_nepali	google_ne_lr_2018	candidate_latin		google_phones=s y aa n dd s
sandwich	sandwich	s y aa n dx . w i ts		spoken_nepali	google_ne_lr_2018	candidate_latin		google_phones=s y aa n dd . w i ts
sangemarmar	sangemarmar	s ax ng . g ax . m ax r . m ax r		spoken_nepali	google_ne_lr_2018	candidate_latin		google_phones=s ax ng . g ax . m ax r . m ax r
sangha	sangha	s ax ng . gh ax		spoken_nepali	google_ne_lr_2018	candidate_latin		google_phones=s ax ng . gh ax
sangina	sangina	s ax ng . g i . n aa		spoken_nepali	google_ne_lr_2018	candidate_latin		google_phones=s ax ng . g i . n aa
sanima	sanima	s aa . n i . m aa		spoken_nepali	google_ne_lr_2018	candidate_latin		google_phones=s aa . n i . m aa
sanitation	sanitation	s y aa . n i . tx e . s ax n		spoken_nepali	google_ne_lr_2018	candidate_latin		google_phones=s y aa . n i . tt e . s ax n
sanjay	sanjay	s ax n . dz ax . y ax		spoken_nepali	google_ne_lr_2018	candidate_latin		google_phones=s ax n . jh ax . y ax
sanjeev	sanjeev	s ax n . dz i b		spoken_nepali	google_ne_lr_2018	candidate_latin		google_phones=s ax n . jh i b
sanjita	sanjita	s ax n . dz i . t aa		spoken_nepali	google_ne_lr_2018	candidate_latin		google_phones=s ax n . jh i . t aa
sankata	sankata	s ax ng . k ax . tx aa		spoken_nepali	google_ne_lr_2018	candidate_latin		google_phones=s ax ng . k ax . tt aa
sanmina	sanmina	s aa n . m i . n aa		spoken_nepali	google_ne_lr_2018	candidate_latin		google_phones=s aa n . m i . n aa
sanskrit	sanskrit	s ax m s . k r i t		spoken_nepali	google_ne_lr_2018	candidate_latin		google_phones=s ax m s . k r i t
santa	santa	s aa n . t aa		spoken_nepali	google_ne_lr_2018	candidate_latin		google_phones=s aa n . t aa
santos	santos	s ax n . tx o s		spoken_nepali	google_ne_lr_2018	candidate_latin		google_phones=s ax n . tt o s
santosh	santosh	s ax n . t o s		spoken_nepali	google_ne_lr_2018	candidate_latin		google_phones=s ax n . t o s
sapkota	sapkota	s aa p . k o . tx aa		spoken_nepali	google_ne_lr_2018	candidate_latin		google_phones=s aa p . k o . tt aa
sapna	sapna	s ax p . n aa		spoken_nepali	google_ne_lr_2018	candidate_latin		google_phones=s ax p . n aa
sara	sara	s aa . r aa		spoken_nepali	google_ne_lr_2018	candidate_latin		google_phones=s aa . r aa
sarad	sarad	s ax . r ax d		spoken_nepali	google_ne_lr_2018	candidate_latin		google_phones=s ax . r ax d
sarah	sarah	s aa . r aa		spoken_nepali	google_ne_lr_2018	candidate_latin		google_phones=s aa . r aa
saran	saran	s ax . r ax n		spoken_nepali	google_ne_lr_2018	candidate_latin		google_phones=s ax . r ax nn
sarcasm	sarcasm	s ax r . k aa dz m		spoken_nepali	google_ne_lr_2018	candidate_latin		google_phones=s ax r . k aa jh m
sargam	sargam	s ax r . g ax m		spoken_nepali	google_ne_lr_2018	candidate_latin		google_phones=s ax r . g ax m
sarika	sarika	s aa . r i . k aa		spoken_nepali	google_ne_lr_2018	candidate_latin		google_phones=s aa . r i . k aa
sarita	sarita	s ax . r i . t aa		spoken_nepali	google_ne_lr_2018	candidate_latin		google_phones=s ax . r i . t aa
sarkar	sarkar	s ax r . k aa r		spoken_nepali	google_ne_lr_2018	candidate_latin		google_phones=s ax r . k aa r
sarn	sarn	s aa r n		spoken_nepali	google_ne_lr_2018	candidate_latin		google_phones=s aa r n
sarnath	sarnath	s aa r . n aa th		spoken_nepali	google_ne_lr_2018	candidate_latin		google_phones=s aa r . n aa th
saroj	saroj	s ax . r o dz		spoken_nepali	google_ne_lr_2018	candidate_latin		google_phones=s ax . r o jh
sarthak	sarthak	s aa r . th ax k		spoken_nepali	google_ne_lr_2018	candidate_latin		google_phones=s aa r . th ax k
sarun	sarun	s aa . r u n		spoken_nepali	google_ne_lr_2018	candidate_latin		google_phones=s aa . r u n
sat	sat	s y aa tx		spoken_nepali	google_ne_lr_2018	candidate_latin		google_phones=s y aa tt
sathya	sathya	s ax t . t y ax		spoken_nepali	google_ne_lr_2018	candidate_latin		google_phones=s ax t . t y ax
satisfaction	satisfaction	s y aa . tx i s . ph y aa k . s ax n		spoken_nepali	google_ne_lr_2018	candidate_latin		google_phones=s y aa . tt i s . ph y aa k . s ax n
saturated	saturated	s y aa . ts y u . r e . t e dx		spoken_nepali	google_ne_lr_2018	candidate_latin		google_phones=s y aa . ts y u . r e . t e dd
satyanarayan	satyanarayan	s ax t . t y ax . n aa . r aa . y ax n		spoken_nepali	google_ne_lr_2018	candidate_latin		google_phones=s ax t . t y ax . n aa . r aa . y ax n
saud	saud	s aaw d		spoken_nepali	google_ne_lr_2018	candidate_latin		google_phones=s aaw d
saudagar	saudagar	s axw . d aa . g ax r		spoken_nepali	google_ne_lr_2018	candidate_latin		google_phones=s axw . d aa . g ax r
saurabh	saurabh	s axw . r ax bh		spoken_nepali	google_ne_lr_2018	candidate_latin		google_phones=s axw . r ax bh
saurya	saurya	s axw r . y ax		spoken_nepali	google_ne_lr_2018	candidate_latin		google_phones=s axw r . y ax
savanna	savanna	s ax . w ax n . n aa		spoken_nepali	google_ne_lr_2018	candidate_latin		google_phones=s ax . w ax n . n aa
savarkar	savarkar	s ax . b aa r . k ax r		spoken_nepali	google_ne_lr_2018	candidate_latin		google_phones=s ax . b aa r . k ax r
save	save	s e bh		spoken_nepali	google_ne_lr_2018	candidate_latin		google_phones=s e bh
saw	saw	s ax		spoken_nepali	google_ne_lr_2018	candidate_latin		google_phones=s ax
sawal	sawal	s ax . w aa l		spoken_nepali	google_ne_lr_2018	candidate_latin		google_phones=s ax . w aa l
saxena	saxena	s ax k . s e . n aa		spoken_nepali	google_ne_lr_2018	candidate_latin		google_phones=s ax k . s e . n aa
saxis	saxis	s y aa k . s i s		spoken_nepali	google_ne_lr_2018	candidate_latin		google_phones=s y aa k . s i s
scaffolding	scaffolding	s k aa . ph o l . dx i ng		spoken_nepali	google_ne_lr_2018	candidate_latin		google_phones=s k aa . ph o l . dd i ng
scale	scale	s k e l		spoken_nepali	google_ne_lr_2018	candidate_latin		google_phones=s k e l
scanning	scanning	s k y aa . n i ng		spoken_nepali	google_ne_lr_2018	candidate_latin		google_phones=s k y aa . n i ng
scapula	scapula	s k aa . p u . l aa		spoken_nepali	google_ne_lr_2018	candidate_latin		google_phones=s k aa . p u . l aa
scarface	scarface	s k aa r . ph e s		spoken_nepali	google_ne_lr_2018	candidate_latin		google_phones=s k aa r . ph e s
scattering	scattering	s k y aa . tx ax . r i ng		spoken_nepali	google_ne_lr_2018	candidate_latin		google_phones=s k y aa . tt ax . r i ng
scenario	scenario	s i . n aa . r i . y o		spoken_nepali	google_ne_lr_2018	candidate_latin		google_phones=s i . n aa . r i . y o
scheduling	scheduling	s k e . dz y u . l i ng		spoken_nepali	google_ne_lr_2018	candidate_latin		google_phones=s k e . jh y u . l i ng
schein	schein	s k e n		spoken_nepali	google_ne_lr_2018	candidate_latin		google_phones=s k e n
schengen	schengen	s e n . dz e n		spoken_nepali	google_ne_lr_2018	candidate_latin		google_phones=s e n . jh e n
schneiderlin	schneiderlin	s n aaj . dx ax r . l i n		spoken_nepali	google_ne_lr_2018	candidate_latin		google_phones=s n aaj . dd ax r . l i n
scholarship	scholarship	s k ax . l ax r . s i p		spoken_nepali	google_ne_lr_2018	candidate_latin		google_phones=s k ax . l ax r . s i p
school	school	s k u l		spoken_nepali	google_ne_lr_2018	candidate_latin		google_phones=s k u l
schultz	schultz	s k ax l dz		spoken_nepali	google_ne_lr_2018	candidate_latin		google_phones=s k ax l jh
schwab	schwab	s w aa b		spoken_nepali	google_ne_lr_2018	candidate_latin		google_phones=s w aa b
science	science	s aaj n s		spoken_nepali	google_ne_lr_2018	candidate_latin		google_phones=s aaj n s
sciences	sciences	s aaj n . s e s		spoken_nepali	google_ne_lr_2018	candidate_latin		google_phones=s aaj n . s e s
scientific	scientific	s aaj n . tx i . ph i k		spoken_nepali	google_ne_lr_2018	candidate_latin		google_phones=s aaj n . tt i . ph i k
scirocco	scirocco	s i . r o . k o		spoken_nepali	google_ne_lr_2018	candidate_latin		google_phones=s i . r o . k o
scissors	scissors	s i . dz ax r s		spoken_nepali	google_ne_lr_2018	candidate_latin		google_phones=s i . jh ax r s
scope	scope	s k o p		spoken_nepali	google_ne_lr_2018	candidate_latin		google_phones=s k o p
score	score	s k o r		spoken_nepali	google_ne_lr_2018	candidate_latin		google_phones=s k o r
scorpion	scorpion	s k o r . p i . y ax n		spoken_nepali	google_ne_lr_2018	candidate_latin		google_phones=s k o r . p i . y ax n
scouse	scouse	s k aaw s		spoken_nepali	google_ne_lr_2018	candidate_latin		google_phones=s k aaw s
screed	screed	s k r i dx		spoken_nepali	google_ne_lr_2018	candidate_latin		google_phones=s k r i dd
screenshot	screenshot	s k r i n . s ax tx		spoken_nepali	google_ne_lr_2018	candidate_latin		google_phones=s k r i n . s ax tt
screwdriver	screwdriver	s k r u . dx r aaj . bh ax r		spoken_nepali	google_ne_lr_2018	candidate_latin		google_phones=s k r u . dd r aaj . bh ax r
script	script	i s . k r i p tx		spoken_nepali	google_ne_lr_2018	candidate_latin		google_phones=i s . k r i p tt
scripts	scripts	s k r i p tx s		spoken_nepali	google_ne_lr_2018	candidate_latin		google_phones=s k r i p tt s
scrubs	scrubs	s k r ax b s		spoken_nepali	google_ne_lr_2018	candidate_latin		google_phones=s k r ax b s
se	se	s e		spoken_nepali	google_ne_lr_2018	candidate_latin		google_phones=s e
seaboard	seaboard	s i . b o r dx		spoken_nepali	google_ne_lr_2018	candidate_latin		google_phones=s i . b o r dd
seal	seal	s i l		spoken_nepali	google_ne_lr_2018	candidate_latin		google_phones=s i l
sealed	sealed	s i l dx		spoken_nepali	google_ne_lr_2018	candidate_latin		google_phones=s i l dd
search	search	s ax r ts		spoken_nepali	google_ne_lr_2018	candidate_latin		google_phones=s ax r ts
season	season	s i . dz ax n		spoken_nepali	google_ne_lr_2018	candidate_latin		google_phones=s i . jh ax n
seasons	seasons	s i . dz ax n s		spoken_nepali	google_ne_lr_2018	candidate_latin		google_phones=s i . jh ax n s
seat	seat	s i tx		spoken_nepali	google_ne_lr_2018	candidate_latin		google_phones=s i tt
seattle	seattle	s i . y aa . tx ax l		spoken_nepali	google_ne_lr_2018	candidate_latin		google_phones=s i . y aa . tt ax l
second	second	s e . k e n dx		spoken_nepali	google_ne_lr_2018	candidate_latin		google_phones=s e . k e n dd
secret	secret	s e k . k r e tx		spoken_nepali	google_ne_lr_2018	candidate_latin		google_phones=s e k . k r e tt
secretariat	secretariat	s e k . k r e . tx aa . r i . y ax tx		spoken_nepali	google_ne_lr_2018	candidate_latin		google_phones=s e k . k r e . tt aa . r i . y ax tt
secretin	secretin	s i . k r e . tx i n		spoken_nepali	google_ne_lr_2018	candidate_latin		google_phones=s i . k r e . tt i n
secrets	secrets	s e k . k r e tx s		spoken_nepali	google_ne_lr_2018	candidate_latin		google_phones=s e k . k r e tt s
sectarianism	sectarianism	s e k . tx e . r i . y ax . n i . dz ax m		spoken_nepali	google_ne_lr_2018	candidate_latin		google_phones=s e k . tt e . r i . y ax . n i . jh ax m
section	section	s e k . s ax n		spoken_nepali	google_ne_lr_2018	candidate_latin		google_phones=s e k . s ax n
sector	sector	s e k . tx ax r		spoken_nepali	google_ne_lr_2018	candidate_latin		google_phones=s e k . tt ax r
seduction	seduction	s i . dx ax k . s ax n		spoken_nepali	google_ne_lr_2018	candidate_latin		google_phones=s i . dd ax k . s ax n
seed	seed	s i dx		spoken_nepali	google_ne_lr_2018	candidate_latin		google_phones=s i dd
seema	seema	s i . m aa		spoken_nepali	google_ne_lr_2018	candidate_latin		google_phones=s i . m aa
segment	segment	s e g . m e n tx		spoken_nepali	google_ne_lr_2018	candidate_latin		google_phones=s e g . m e n tt
segmentation	segmentation	s e g . m e n . tx e . s ax n		spoken_nepali	google_ne_lr_2018	candidate_latin		google_phones=s e g . m e n . tt e . s ax n
seismometer	seismometer	s i s . m o . m i . tx ax r		spoken_nepali	google_ne_lr_2018	candidate_latin		google_phones=s i s . m o . m i . tt ax r
seka	seka	s e . k aa		spoken_nepali	google_ne_lr_2018	candidate_latin		google_phones=s e . k aa
selection	selection	s e . l e k . s ax n		spoken_nepali	google_ne_lr_2018	candidate_latin		google_phones=s e . l e k . s ax n
selena	selena	s e . l i . n aa		spoken_nepali	google_ne_lr_2018	candidate_latin		google_phones=s e . l i . n aa
semaan	semaan	s e . m aa n		spoken_nepali	google_ne_lr_2018	candidate_latin		google_phones=s e . m aa n
semicircular	semicircular	s e . m i . s ax r . k u . l ax r		spoken_nepali	google_ne_lr_2018	candidate_latin		google_phones=s e . m i . s ax r . k u . l ax r
sempra	sempra	s e m . p r aa		spoken_nepali	google_ne_lr_2018	candidate_latin		google_phones=s e m . p r aa
senior	senior	s i . n i . y ax r		spoken_nepali	google_ne_lr_2018	candidate_latin		google_phones=s i . n i . y ax r
sensation	sensation	s e n . s e . s ax n		spoken_nepali	google_ne_lr_2018	candidate_latin		google_phones=s e n . s e . s ax n
sensationalism	sensationalism	s e n s . s e . s ax . n aa . l i s m		spoken_nepali	google_ne_lr_2018	candidate_latin		google_phones=s e n s . s e . s ax . n aa . l i s m
sense	sense	s e n s		spoken_nepali	google_ne_lr_2018	candidate_latin		google_phones=s e n s
sensible	sensible	s e n . s i . b ax l		spoken_nepali	google_ne_lr_2018	candidate_latin		google_phones=s e n . s i . b ax l
sensing	sensing	s e n . s i ng		spoken_nepali	google_ne_lr_2018	candidate_latin		google_phones=s e n . s i ng
sensor	sensor	s e n . s ax r		spoken_nepali	google_ne_lr_2018	candidate_latin		google_phones=s e n . s ax r
sentimental	sentimental	s e n . tx i . m e n . tx ax l		spoken_nepali	google_ne_lr_2018	candidate_latin		google_phones=s e n . tt i . m e n . tt ax l
septic	septic	s e p . tx i k		spoken_nepali	google_ne_lr_2018	candidate_latin		google_phones=s e p . tt i k
sequel	sequel	s i k . w ax l		spoken_nepali	google_ne_lr_2018	candidate_latin		google_phones=s i k . w ax l
ser	ser	s e r		spoken_nepali	google_ne_lr_2018	candidate_latin		google_phones=s e r
sergeant	sergeant	s ax r . dz ax n tx		spoken_nepali	google_ne_lr_2018	candidate_latin		google_phones=s ax r . jh ax n tt
serial	serial	s i . r i . y ax l		spoken_nepali	google_ne_lr_2018	candidate_latin		google_phones=s i . r i . y ax l
series	series	s i . r i dz		spoken_nepali	google_ne_lr_2018	candidate_latin		google_phones=s i . r i jh
server	server	s ax r . bh ax r		spoken_nepali	google_ne_lr_2018	candidate_latin		google_phones=s ax r . bh ax r
service	service	s ax r . bh i s		spoken_nepali	google_ne_lr_2018	candidate_latin		google_phones=s ax r . bh i s
services	services	s ax r . bh i . s e dz		spoken_nepali	google_ne_lr_2018	candidate_latin		google_phones=s ax r . bh i . s e jh
set	set	s e tx		spoken_nepali	google_ne_lr_2018	candidate_latin		google_phones=s e tt
setup	setup	s e tx . ax p		spoken_nepali	google_ne_lr_2018	candidate_latin		google_phones=s e tt . ax p
seven	seven	s e . bh e n		spoken_nepali	google_ne_lr_2018	candidate_latin		google_phones=s e . bh e n
seventeen	seventeen	s e . bh e n . tx i n		spoken_nepali	google_ne_lr_2018	candidate_latin		google_phones=s e . bh e n . tt i n
sevilla	sevilla	s e . bh i l . l aa		spoken_nepali	google_ne_lr_2018	candidate_latin		google_phones=s e . bh i l . l aa
shaan	shaan	s aa n		spoken_nepali	google_ne_lr_2018	candidate_latin		google_phones=s aa n
shades	shades	s e dx s		spoken_nepali	google_ne_lr_2018	candidate_latin		google_phones=s e dd s
shading	shading	s e . dx i ng		spoken_nepali	google_ne_lr_2018	candidate_latin		google_phones=s e . dd i ng
shadow	shadow	s y aa . dx o		spoken_nepali	google_ne_lr_2018	candidate_latin		google_phones=s y aa . dd o
shafqat	shafqat	s ax ph . k ax t		spoken_nepali	google_ne_lr_2018	candidate_latin		google_phones=s ax ph . k ax t
shah	shah	s aa . h ax		spoken_nepali	google_ne_lr_2018	candidate_latin		google_phones=s aa . h ax
shahjahan	shahjahan	s aa h . dz ax . h aan		spoken_nepali	google_ne_lr_2018	candidate_latin		google_phones=s aa h . jh ax . h aan
shakya	shakya	s aa k . k y ax		spoken_nepali	google_ne_lr_2018	candidate_latin		google_phones=s aa k . k y ax
shame	shame	s e m		spoken_nepali	google_ne_lr_2018	candidate_latin		google_phones=s e m
shamitabh	shamitabh	s ax . m i . t aa bh		spoken_nepali	google_ne_lr_2018	candidate_latin		google_phones=s ax . m i . t aa bh
shamsher	shamsher	s ax m . s e r		spoken_nepali	google_ne_lr_2018	candidate_latin		google_phones=s ax m . s e r
shanakhat	shanakhat	s ax . n aa . kh ax t		spoken_nepali	google_ne_lr_2018	candidate_latin		google_phones=s ax . n aa . kh ax t
shanakht	shanakht	s ax . n aa . kh ax t		spoken_nepali	google_ne_lr_2018	candidate_latin		google_phones=s ax . n aa . kh ax t
shanghai	shanghai	s aa ng . gh aaj		spoken_nepali	google_ne_lr_2018	candidate_latin		google_phones=s aa ng . gh aaj
shankar	shankar	s ax ng . k ax r		spoken_nepali	google_ne_lr_2018	candidate_latin		google_phones=s ax ng . k ax r
shankara	shankara	s ax ng . k ax . r ax		spoken_nepali	google_ne_lr_2018	candidate_latin		google_phones=s ax ng . k ax . r ax
shape	shape	s e p		spoken_nepali	google_ne_lr_2018	candidate_latin		google_phones=s e p
shaper	shaper	s e . p ax r		spoken_nepali	google_ne_lr_2018	candidate_latin		google_phones=s e . p ax r
sharad	sharad	s ax . r ax d		spoken_nepali	google_ne_lr_2018	candidate_latin		google_phones=s ax . r ax d
shares	shares	s e . y ax r s		spoken_nepali	google_ne_lr_2018	candidate_latin		google_phones=s e . y ax r s
sharex	sharex	s y aa . r e k s		spoken_nepali	google_ne_lr_2018	candidate_latin		google_phones=s y aa . r e k s
sharif	sharif	s ax . r i ph		spoken_nepali	google_ne_lr_2018	candidate_latin		google_phones=s ax . r i ph
shark	shark	s aa r k		spoken_nepali	google_ne_lr_2018	candidate_latin		google_phones=s aa r k
sharma	sharma	s ax r . m aa		spoken_nepali	google_ne_lr_2018	candidate_latin		google_phones=s ax r . m aa
shastra	shastra	s aa s . t r ax		spoken_nepali	google_ne_lr_2018	candidate_latin		google_phones=s aa s . t r ax
shaukeens	shaukeens	s axw . k i n s		spoken_nepali	google_ne_lr_2018	candidate_latin		google_phones=s axw . k i n s
shavasana	shavasana	s ax . b aa . s ax . n aa		spoken_nepali	google_ne_lr_2018	candidate_latin		google_phones=s ax . b aa . s ax . n aa
shaving	shaving	s e . bh i ng		spoken_nepali	google_ne_lr_2018	candidate_latin		google_phones=s e . bh i ng
shawn	shawn	s aa n		spoken_nepali	google_ne_lr_2018	candidate_latin		google_phones=s aa n
sheela	sheela	s i . l aa		spoken_nepali	google_ne_lr_2018	candidate_latin		google_phones=s i . l aa
sheet	sheet	s i tx		spoken_nepali	google_ne_lr_2018	candidate_latin		google_phones=s i tt
shekhar	shekhar	s e . kh ax r		spoken_nepali	google_ne_lr_2018	candidate_latin		google_phones=s e . kh ax r
shelled	shelled	s e l dx		spoken_nepali	google_ne_lr_2018	candidate_latin		google_phones=s e l dd
shelton	shelton	s e l . tx ax n		spoken_nepali	google_ne_lr_2018	candidate_latin		google_phones=s e l . tt ax n
shemale	shemale	s e . m e l		spoken_nepali	google_ne_lr_2018	candidate_latin		google_phones=s e . m e l
shep	shep	s e p		spoken_nepali	google_ne_lr_2018	candidate_latin		google_phones=s e p
sherpa	sherpa	s e r . p aa		spoken_nepali	google_ne_lr_2018	candidate_latin		google_phones=s e r . p aa
sherwinwilliams	sherwinwilliams	s e r . w i n . w i . l i . y ax m s		spoken_nepali	google_ne_lr_2018	candidate_latin		google_phones=s e r . w i n . w i . l i . y ax m s
shey	shey	s e		spoken_nepali	google_ne_lr_2018	candidate_latin		google_phones=s e
shifting	shifting	s i ph . tx i ng		spoken_nepali	google_ne_lr_2018	candidate_latin		google_phones=s i ph . tt i ng
shikhar	shikhar	s i . kh ax r		spoken_nepali	google_ne_lr_2018	candidate_latin		google_phones=s i . kh ax r
shiladitya	shiladitya	s i . l aa . d i t . t y aa		spoken_nepali	google_ne_lr_2018	candidate_latin		google_phones=s i . l aa . d i t . t y aa
ship	ship	s i p		spoken_nepali	google_ne_lr_2018	candidate_latin		google_phones=s i p
shirodhara	shirodhara	s i . r o . dh ax . r aa		spoken_nepali	google_ne_lr_2018	candidate_latin		google_phones=s i . r o . dh ax . r aa
shirpur	shirpur	s i r . p u r		spoken_nepali	google_ne_lr_2018	candidate_latin		google_phones=s i r . p u r
shirt	shirt	s ax r tx		spoken_nepali	google_ne_lr_2018	candidate_latin		google_phones=s ax r tt
shirtlessness	shirtlessness	s ax r tx . l e s . n e s		spoken_nepali	google_ne_lr_2018	candidate_latin		google_phones=s ax r tt . l e s . n e s
shirwaikar	shirwaikar	s i r . w aaj . k ax r		spoken_nepali	google_ne_lr_2018	candidate_latin		google_phones=s i r . w aaj . k ax r
shiv	shiv	s i . b ax		spoken_nepali	google_ne_lr_2018	candidate_latin		google_phones=s i . b ax
shock	shock	s ax k		spoken_nepali	google_ne_lr_2018	candidate_latin		google_phones=s ax k
sholay	sholay	s o . l e		spoken_nepali	google_ne_lr_2018	candidate_latin		google_phones=s o . l e
shopping	shopping	s ax . p i ng		spoken_nepali	google_ne_lr_2018	candidate_latin		google_phones=s ax . p i ng
shore	shore	s o r		spoken_nepali	google_ne_lr_2018	candidate_latin		google_phones=s o r
short	short	s ax r tx		spoken_nepali	google_ne_lr_2018	candidate_latin		google_phones=s ax r tt
shortcut	shortcut	s ax r tx . k ax tx		spoken_nepali	google_ne_lr_2018	candidate_latin		google_phones=s ax r tt . k ax tt
shorts	shorts	s ax r tx s		spoken_nepali	google_ne_lr_2018	candidate_latin		google_phones=s ax r tt s
shotgun	shotgun	s ax tx . g ax n		spoken_nepali	google_ne_lr_2018	candidate_latin		google_phones=s ax tt . g ax n
shoulder	shoulder	s o l . dx ax r		spoken_nepali	google_ne_lr_2018	candidate_latin		google_phones=s o l . dd ax r
show	show	s o		spoken_nepali	google_ne_lr_2018	candidate_latin		google_phones=s o
shower	shower	s aa . w ax r		spoken_nepali	google_ne_lr_2018	candidate_latin		google_phones=s aa . w ax r
showroom	showroom	s o . r u m		spoken_nepali	google_ne_lr_2018	candidate_latin		google_phones=s o . r u m
shraddha	shraddha	s r ax d . dh aa		spoken_nepali	google_ne_lr_2018	candidate_latin		google_phones=s r ax d . dh aa
shreshta	shreshta	s r e s . tx ax		spoken_nepali	google_ne_lr_2018	candidate_latin		google_phones=s r e s . tt ax
shrestha	shrestha	s r e s . txh ax		spoken_nepali	google_ne_lr_2018	candidate_latin		google_phones=s r e s . tth ax
shresthas	shresthas	s r e s . txh ax dz		spoken_nepali	google_ne_lr_2018	candidate_latin		google_phones=s r e s . tth ax jh
shukla	shukla	s u k . k l ax		spoken_nepali	google_ne_lr_2018	candidate_latin		google_phones=s u k . k l ax
shukre	shukre	s u k . k r e		spoken_nepali	google_ne_lr_2018	candidate_latin		google_phones=s u k . k r e
shunt	shunt	s ax n tx		spoken_nepali	google_ne_lr_2018	candidate_latin		google_phones=s ax n tt
shweta	shweta	s w e . t aa		spoken_nepali	google_ne_lr_2018	candidate_latin		google_phones=s w e . t aa
shyam	shyam	s y aa m		spoken_nepali	google_ne_lr_2018	candidate_latin		google_phones=s y aa m
sibling	sibling	s i . b l i ng		spoken_nepali	google_ne_lr_2018	candidate_latin		google_phones=s i . b l i ng
siddha	siddha	s i d . dh ax		spoken_nepali	google_ne_lr_2018	candidate_latin		google_phones=s i d . dh ax
siddhanta	siddhanta	s i d . dh aa n . t ax		spoken_nepali	google_ne_lr_2018	candidate_latin		google_phones=s i d . dh aa n . t ax
siddhartha	siddhartha	s i d . dh aa r . th ax		spoken_nepali	google_ne_lr_2018	candidate_latin		google_phones=s i d . dh aa r . th ax
siddhicharan	siddhicharan	s i d . dh i . ts ax . r ax n		spoken_nepali	google_ne_lr_2018	candidate_latin		google_phones=s i d . dh i . ts ax . r ax n
side	side	s aaj dx		spoken_nepali	google_ne_lr_2018	candidate_latin		google_phones=s aaj dd
sidhant	sidhant	s i d . dh aa n t		spoken_nepali	google_ne_lr_2018	candidate_latin		google_phones=s i d . dh aa n t
sidhartha	sidhartha	s i d . dh aa r . th ax		spoken_nepali	google_ne_lr_2018	candidate_latin		google_phones=s i d . dh aa r . th ax
sigma	sigma	s i g . m aa		spoken_nepali	google_ne_lr_2018	candidate_latin		google_phones=s i g . m aa
sign	sign	s aaj n		spoken_nepali	google_ne_lr_2018	candidate_latin		google_phones=s aaj n
signal	signal	s i g . n ax l		spoken_nepali	google_ne_lr_2018	candidate_latin		google_phones=s i g . n ax l
significant	significant	s i g . n i . ph i . k e n tx		spoken_nepali	google_ne_lr_2018	candidate_latin		google_phones=s i g . n i . ph i . k e n tt
signify	signify	s i g . n i . ph aaj		spoken_nepali	google_ne_lr_2018	candidate_latin		google_phones=s i g . n i . ph aaj
sikandar	sikandar	s i . k ax n . d ax r		spoken_nepali	google_ne_lr_2018	candidate_latin		google_phones=s i . k ax n . d ax r
sikkim	sikkim	s i k . k i m		spoken_nepali	google_ne_lr_2018	candidate_latin		google_phones=s i k . k i m
silence	silence	s aaj . l e n s		spoken_nepali	google_ne_lr_2018	candidate_latin		google_phones=s aaj . l e n s
silicon	silicon	s i . l i . k ax n		spoken_nepali	google_ne_lr_2018	candidate_latin		google_phones=s i . l i . k ax n
silk	silk	s i l k		spoken_nepali	google_ne_lr_2018	candidate_latin		google_phones=s i l k
silver	silver	s i l . bh ax r		spoken_nepali	google_ne_lr_2018	candidate_latin		google_phones=s i l . bh ax r
sim	sim	s i m		spoken_nepali	google_ne_lr_2018	candidate_latin		google_phones=s i m
simbel	simbel	s i m . b e l		spoken_nepali	google_ne_lr_2018	candidate_latin		google_phones=s i m . b e l
simon	simon	s aaj . m ax n		spoken_nepali	google_ne_lr_2018	candidate_latin		google_phones=s aaj . m ax n
simple	simple	s i m . p ax l		spoken_nepali	google_ne_lr_2018	candidate_latin		google_phones=s i m . p ax l
simplex	simplex	s i m . p l e k s		spoken_nepali	google_ne_lr_2018	candidate_latin		google_phones=s i m . p l e k s
simulation	simulation	s i . m u . l e . s ax n		spoken_nepali	google_ne_lr_2018	candidate_latin		google_phones=s i . m u . l e . s ax n
sinatra	sinatra	s i . n aa t . t r aa		spoken_nepali	google_ne_lr_2018	candidate_latin		google_phones=s i . n aa t . t r aa
sing	sing	s i ng		spoken_nepali	google_ne_lr_2018	candidate_latin		google_phones=s i ng
singh	singh	s i ng		spoken_nepali	google_ne_lr_2018	candidate_latin		google_phones=s i ng
singing	singing	s i ng . g i ng		spoken_nepali	google_ne_lr_2018	candidate_latin		google_phones=s i ng . g i ng
singtel	singtel	s i ng . t e l		spoken_nepali	google_ne_lr_2018	candidate_latin		google_phones=s i ng . t e l
sinkhole	sinkhole	s i n . kh o . l e		spoken_nepali	google_ne_lr_2018	candidate_latin		google_phones=s i n . kh o . l e
sir	sir	s ax r		spoken_nepali	google_ne_lr_2018	candidate_latin		google_phones=s ax r
sirens	sirens	s aaj . r ax n s		spoken_nepali	google_ne_lr_2018	candidate_latin		google_phones=s aaj . r ax n s
sirsasana	sirsasana	s i r . s aa . s ax n		spoken_nepali	google_ne_lr_2018	candidate_latin		google_phones=s i r . s aa . s ax n
sita	sita	s i . t aa		spoken_nepali	google_ne_lr_2018	candidate_latin		google_phones=s i . t aa
sitting	sitting	s i . tx i ng		spoken_nepali	google_ne_lr_2018	candidate_latin		google_phones=s i . tt i ng
size	size	s aaj dz		spoken_nepali	google_ne_lr_2018	candidate_latin		google_phones=s aaj jh
skeleton	skeleton	s k e . l e . tx ax n		spoken_nepali	google_ne_lr_2018	candidate_latin		google_phones=s k e . l e . tt ax n
sketch	sketch	s k e ts		spoken_nepali	google_ne_lr_2018	candidate_latin		google_phones=s k e ts
skill	skill	s k i l		spoken_nepali	google_ne_lr_2018	candidate_latin		google_phones=s k i l
skin	skin	s k i n		spoken_nepali	google_ne_lr_2018	candidate_latin		google_phones=s k i n
skip	skip	s k i p		spoken_nepali	google_ne_lr_2018	candidate_latin		google_phones=s k i p
skull	skull	s k ax l		spoken_nepali	google_ne_lr_2018	candidate_latin		google_phones=s k ax l
sky	sky	s k aaj		spoken_nepali	google_ne_lr_2018	candidate_latin		google_phones=s k aaj
skype	skype	s k aaj p		spoken_nepali	google_ne_lr_2018	candidate_latin		google_phones=s k aaj p
slam	slam	s l y aa m		spoken_nepali	google_ne_lr_2018	candidate_latin		google_phones=s l y aa m
slapping	slapping	s l y aa . p i ng		spoken_nepali	google_ne_lr_2018	candidate_latin		google_phones=s l y aa . p i ng
slash	slash	s l y aa s		spoken_nepali	google_ne_lr_2018	candidate_latin		google_phones=s l y aa s
slater	slater	s l e . tx ax r		spoken_nepali	google_ne_lr_2018	candidate_latin		google_phones=s l e . tt ax r
slayer	slayer	s l e . y ax r		spoken_nepali	google_ne_lr_2018	candidate_latin		google_phones=s l e . y ax r
sleep	sleep	s l i p		spoken_nepali	google_ne_lr_2018	candidate_latin		google_phones=s l i p
sleeping	sleeping	s l i . p i ng		spoken_nepali	google_ne_lr_2018	candidate_latin		google_phones=s l i . p i ng
slm	slm	e s . e l . e m		spoken_nepali	google_ne_lr_2018	candidate_latin		google_phones=e s . e l . e m
slogan	slogan	s l o . g ax n		spoken_nepali	google_ne_lr_2018	candidate_latin		google_phones=s l o . g ax n
slovaks	slovaks	s l o . bh aa k s		spoken_nepali	google_ne_lr_2018	candidate_latin		google_phones=s l o . bh aa k s
slow	slow	s l o		spoken_nepali	google_ne_lr_2018	candidate_latin		google_phones=s l o
slug	slug	s l ax g		spoken_nepali	google_ne_lr_2018	candidate_latin		google_phones=s l ax g
slum	slum	s l ax m		spoken_nepali	google_ne_lr_2018	candidate_latin		google_phones=s l ax m
slump	slump	s l ax m p		spoken_nepali	google_ne_lr_2018	candidate_latin		google_phones=s l ax m p
small	small	s m ax l		spoken_nepali	google_ne_lr_2018	candidate_latin		google_phones=s m ax l
smart	smart	s m aa r tx		spoken_nepali	google_ne_lr_2018	candidate_latin		google_phones=s m aa r tt
smartlink	smartlink	s m aa r tx . l i ng k		spoken_nepali	google_ne_lr_2018	candidate_latin		google_phones=s m aa r tt . l i ng k
smartphone	smartphone	s m aa r tx . ph o n		spoken_nepali	google_ne_lr_2018	candidate_latin		google_phones=s m aa r tt . ph o n
smash	smash	s m aa s		spoken_nepali	google_ne_lr_2018	candidate_latin		google_phones=s m aa s
smile	smile	s m aaj l		spoken_nepali	google_ne_lr_2018	candidate_latin		google_phones=s m aaj l
smith	smith	s m i th		spoken_nepali	google_ne_lr_2018	candidate_latin		google_phones=s m i th
smithfield	smithfield	s m i th . ph i l dx		spoken_nepali	google_ne_lr_2018	candidate_latin		google_phones=s m i th . ph i l dd
smoking	smoking	s m o . k i ng		spoken_nepali	google_ne_lr_2018	candidate_latin		google_phones=s m o . k i ng
smooth	smooth	s m u th		spoken_nepali	google_ne_lr_2018	candidate_latin		google_phones=s m u th
sms	sms	e s . e m . e s		spoken_nepali	google_ne_lr_2018	candidate_latin		google_phones=e s . e m . e s
smucker	smucker	s m ax . k ax r		spoken_nepali	google_ne_lr_2018	candidate_latin		google_phones=s m ax . k ax r
snack	snack	s n y aa k		spoken_nepali	google_ne_lr_2018	candidate_latin		google_phones=s n y aa k
snake	snake	s n e k		spoken_nepali	google_ne_lr_2018	candidate_latin		google_phones=s n e k
snapple	snapple	s n y aa . p ax l		spoken_nepali	google_ne_lr_2018	candidate_latin		google_phones=s n y aa . p ax l
snatam	snatam	s n aa . t ax m		spoken_nepali	google_ne_lr_2018	candidate_latin		google_phones=s n aa . t ax m
sneeze	sneeze	s n i dz		spoken_nepali	google_ne_lr_2018	candidate_latin		google_phones=s n i jh
snickers	snickers	s n i . k ax r s		spoken_nepali	google_ne_lr_2018	candidate_latin		google_phones=s n i . k ax r s
snoop	snoop	s n u p		spoken_nepali	google_ne_lr_2018	candidate_latin		google_phones=s n u p
snoring	snoring	s n o . r i ng		spoken_nepali	google_ne_lr_2018	candidate_latin		google_phones=s n o . r i ng
snow	snow	s n o		spoken_nepali	google_ne_lr_2018	candidate_latin		google_phones=s n o
snowflake	snowflake	s n o . ph l e k		spoken_nepali	google_ne_lr_2018	candidate_latin		google_phones=s n o . ph l e k
snowstorm	snowstorm	s n o . s tx o r m		spoken_nepali	google_ne_lr_2018	candidate_latin		google_phones=s n o . s tt o r m
sobhan	sobhan	s o . bh ax n		spoken_nepali	google_ne_lr_2018	candidate_latin		google_phones=s o . bh ax n
soccer	soccer	s ax . k ax r		spoken_nepali	google_ne_lr_2018	candidate_latin		google_phones=s ax . k ax r
social	social	s o . s ax l		spoken_nepali	google_ne_lr_2018	candidate_latin		google_phones=s o . s ax l
socialist	socialist	s o . s ax . l i s tx		spoken_nepali	google_ne_lr_2018	candidate_latin		google_phones=s o . s ax . l i s tt
sock	sock	s ax k		spoken_nepali	google_ne_lr_2018	candidate_latin		google_phones=s ax k
sodium	sodium	s o . dx i . y ax m		spoken_nepali	google_ne_lr_2018	candidate_latin		google_phones=s o . dd i . y ax m
soft	soft	s ax ph tx		spoken_nepali	google_ne_lr_2018	candidate_latin		google_phones=s ax ph tt
softcore	softcore	s ax ph tx . k o r		spoken_nepali	google_ne_lr_2018	candidate_latin		google_phones=s ax ph tt . k o r
software	software	s ax ph tx . w e . y ax r		spoken_nepali	google_ne_lr_2018	candidate_latin		google_phones=s ax ph tt . w e . y ax r
soil	soil	s o . y e l		spoken_nepali	google_ne_lr_2018	candidate_latin		google_phones=s o . y e l
solar	solar	s o . l aa r		spoken_nepali	google_ne_lr_2018	candidate_latin		google_phones=s o . l aa r
soldier	soldier	s o l . dz ax r		spoken_nepali	google_ne_lr_2018	candidate_latin		google_phones=s o l . jh ax r
soleil	soleil	s o . l e l		spoken_nepali	google_ne_lr_2018	candidate_latin		google_phones=s o . l e l
solenoid	solenoid	s o . l e . n oj dx		spoken_nepali	google_ne_lr_2018	candidate_latin		google_phones=s o . l e . n oj dd
solo	solo	s o . l o		spoken_nepali	google_ne_lr_2018	candidate_latin		google_phones=s o . l o
solutions	solutions	s o . l y u . s ax n s		spoken_nepali	google_ne_lr_2018	candidate_latin		google_phones=s o . l y u . s ax n s
somatic	somatic	s o . m y aa . tx i k		spoken_nepali	google_ne_lr_2018	candidate_latin		google_phones=s o . m y aa . tt i k
some	some	s ax m		spoken_nepali	google_ne_lr_2018	candidate_latin		google_phones=s ax m
sommerfeld	sommerfeld	s ax . m ax r . ph e l dx		spoken_nepali	google_ne_lr_2018	candidate_latin		google_phones=s ax . m ax r . ph e l dd
son	son	s ax n		spoken_nepali	google_ne_lr_2018	candidate_latin		google_phones=s ax n
song	song	s ax ng		spoken_nepali	google_ne_lr_2018	candidate_latin		google_phones=s ax ng
sonia	sonia	s o . n i . y aa		spoken_nepali	google_ne_lr_2018	candidate_latin		google_phones=s o . n i . y aa
sonic	sonic	s o . n i k		spoken_nepali	google_ne_lr_2018	candidate_latin		google_phones=s o . n i k
sons	sons	s ax n dz		spoken_nepali	google_ne_lr_2018	candidate_latin		google_phones=s ax n jh
sos	sos	e s . o . e s		spoken_nepali	google_ne_lr_2018	candidate_latin		google_phones=e s . o . e s
soul	soul	s o l		spoken_nepali	google_ne_lr_2018	candidate_latin		google_phones=s o l
sound	sound	s aaw n dx		spoken_nepali	google_ne_lr_2018	candidate_latin		google_phones=s aaw n dd
soundwave	soundwave	s aaw n dx . w e b		spoken_nepali	google_ne_lr_2018	candidate_latin		google_phones=s aaw n dd . w e b
soup	soup	s u p		spoken_nepali	google_ne_lr_2018	candidate_latin		google_phones=s u p
source	source	s o r s		spoken_nepali	google_ne_lr_2018	candidate_latin		google_phones=s o r s
sourcing	sourcing	s o r . s i ng		spoken_nepali	google_ne_lr_2018	candidate_latin		google_phones=s o r . s i ng
south	south	s aaw th		spoken_nepali	google_ne_lr_2018	candidate_latin		google_phones=s aaw th
southern	southern	s aaw . d ax r n		spoken_nepali	google_ne_lr_2018	candidate_latin		google_phones=s aaw . d ax r n
southwest	southwest	s aaw th . w e s tx		spoken_nepali	google_ne_lr_2018	candidate_latin		google_phones=s aaw th . w e s tt
sox	sox	s ax k s		spoken_nepali	google_ne_lr_2018	candidate_latin		google_phones=s ax k s
space	space	s p e s		spoken_nepali	google_ne_lr_2018	candidate_latin		google_phones=s p e s
spacer	spacer	s p e . s ax r		spoken_nepali	google_ne_lr_2018	candidate_latin		google_phones=s p e . s ax r
spade	spade	s p e dx		spoken_nepali	google_ne_lr_2018	candidate_latin		google_phones=s p e dd
spandan	spandan	s p aa n . dx ax n		spoken_nepali	google_ne_lr_2018	candidate_latin		google_phones=s p aa n . dd ax n
spare	spare	s p e . y ax r		spoken_nepali	google_ne_lr_2018	candidate_latin		google_phones=s p e . y ax r
sparebanken	sparebanken	s p e . ax r . b y aa ng . k ax n		spoken_nepali	google_ne_lr_2018	candidate_latin		google_phones=s p e . ax r . b y aa ng . k ax n
sparrow	sparrow	s p y aa . r o		spoken_nepali	google_ne_lr_2018	candidate_latin		google_phones=s p y aa . r o
spears	spears	s p i . y ax r s		spoken_nepali	google_ne_lr_2018	candidate_latin		google_phones=s p i . y ax r s
special	special	s p e . s ax l		spoken_nepali	google_ne_lr_2018	candidate_latin		google_phones=s p e . s ax l
specialization	specialization	s p e . s i . y ax . l i . dz e . s ax n		spoken_nepali	google_ne_lr_2018	candidate_latin		google_phones=s p e . s i . y ax . l i . jh e . s ax n
species	species	s p e . s i dz		spoken_nepali	google_ne_lr_2018	candidate_latin		google_phones=s p e . s i jh
specification	specification	s p e . s i . ph i . k e . s ax n		spoken_nepali	google_ne_lr_2018	candidate_latin		google_phones=s p e . s i . ph i . k e . s ax n
specified	specified	s p e . s i . ph aaj dx		spoken_nepali	google_ne_lr_2018	candidate_latin		google_phones=s p e . s i . ph aaj dd
spectra	spectra	s p e k . tx r aa		spoken_nepali	google_ne_lr_2018	candidate_latin		google_phones=s p e k . tt r aa
spectrometer	spectrometer	s p e k . tx r o . m i . tx ax r		spoken_nepali	google_ne_lr_2018	candidate_latin		google_phones=s p e k . tt r o . m i . tt ax r
spectrum	spectrum	s p e k . tx r ax m		spoken_nepali	google_ne_lr_2018	candidate_latin		google_phones=s p e k . tt r ax m
speed	speed	s p i dx		spoken_nepali	google_ne_lr_2018	candidate_latin		google_phones=s p i dd
spelling	spelling	s p e . l i ng		spoken_nepali	google_ne_lr_2018	candidate_latin		google_phones=s p e . l i ng
sperm	sperm	s p ax r m		spoken_nepali	google_ne_lr_2018	candidate_latin		google_phones=s p ax r m
spermatic	spermatic	s p ax r . m y aa . tx i k		spoken_nepali	google_ne_lr_2018	candidate_latin		google_phones=s p ax r . m y aa . tt i k
spherical	spherical	i s . ph e . r i . k ax l		spoken_nepali	google_ne_lr_2018	candidate_latin		google_phones=i s . ph e . r i . k ax l
spider	spider	s p aaj . dx ax r		spoken_nepali	google_ne_lr_2018	candidate_latin		google_phones=s p aaj . dd ax r
spiegel	spiegel	s p i . g ax l		spoken_nepali	google_ne_lr_2018	candidate_latin		google_phones=s p i . g ax l
spinach	spinach	s p i . n aa k		spoken_nepali	google_ne_lr_2018	candidate_latin		google_phones=s p i . n aa k
spinal	spinal	s p aaj . n ax l		spoken_nepali	google_ne_lr_2018	candidate_latin		google_phones=s p aaj . n ax l
spirillum	spirillum	s p aaj . r i . l ax m		spoken_nepali	google_ne_lr_2018	candidate_latin		google_phones=s p aaj . r i . l ax m
spiritualism	spiritualism	s p i . r i . ts w aa . l i dz m		spoken_nepali	google_ne_lr_2018	candidate_latin		google_phones=s p i . r i . ts w aa . l i jh m
spirogyra	spirogyra	s p aaj . r o . dz aaj . r aa		spoken_nepali	google_ne_lr_2018	candidate_latin		google_phones=s p aaj . r o . jh aaj . r aa
splash	splash	s p l y aa s		spoken_nepali	google_ne_lr_2018	candidate_latin		google_phones=s p l y aa s
splint	splint	s p l i n tx		spoken_nepali	google_ne_lr_2018	candidate_latin		google_phones=s p l i n tt
split	split	s p l i tx		spoken_nepali	google_ne_lr_2018	candidate_latin		google_phones=s p l i tt
spoken	spoken	s p o . k ax n		spoken_nepali	google_ne_lr_2018	candidate_latin		google_phones=s p o . k ax n
spokesperson	spokesperson	s p o k s . p ax r . s ax n		spoken_nepali	google_ne_lr_2018	candidate_latin		google_phones=s p o k s . p ax r . s ax n
sport	sport	s p o r tx		spoken_nepali	google_ne_lr_2018	candidate_latin		google_phones=s p o r tt
sporting	sporting	s p o r . tx i ng		spoken_nepali	google_ne_lr_2018	candidate_latin		google_phones=s p o r . tt i ng
sports	sports	s p o r tx s		spoken_nepali	google_ne_lr_2018	candidate_latin		google_phones=s p o r tt s
sportsmanship	sportsmanship	s p o r tx s . m y aa n . s i p		spoken_nepali	google_ne_lr_2018	candidate_latin		google_phones=s p o r tt s . m y aa n . s i p
spotting	spotting	s p ax . tx i ng		spoken_nepali	google_ne_lr_2018	candidate_latin		google_phones=s p ax . tt i ng
sprain	sprain	s p r e n		spoken_nepali	google_ne_lr_2018	candidate_latin		google_phones=s p r e n
sprayer	sprayer	s p r e . y ax r		spoken_nepali	google_ne_lr_2018	candidate_latin		google_phones=s p r e . y ax r
spring	spring	s p r i ng		spoken_nepali	google_ne_lr_2018	candidate_latin		google_phones=s p r i ng
spruce	spruce	s p r u s		spoken_nepali	google_ne_lr_2018	candidate_latin		google_phones=s p r u s
spy	spy	s p aaj		spoken_nepali	google_ne_lr_2018	candidate_latin		google_phones=s p aaj
squad	squad	s k w aa dx		spoken_nepali	google_ne_lr_2018	candidate_latin		google_phones=s k w aa dd
square	square	i s . k w aaj r		spoken_nepali	google_ne_lr_2018	candidate_latin		google_phones=i s . k w aaj r
squibb	squibb	s k w i b		spoken_nepali	google_ne_lr_2018	candidate_latin		google_phones=s k w i b
sridhar	sridhar	s r i . dh ax r		spoken_nepali	google_ne_lr_2018	candidate_latin		google_phones=s r i . dh ax r
srijana	srijana	s r i . dz ax . n aa		spoken_nepali	google_ne_lr_2018	candidate_latin		google_phones=s r i . jh ax . n aa
srinagar	srinagar	s r i . n ax . g ax r		spoken_nepali	google_ne_lr_2018	candidate_latin		google_phones=s r i . n ax . g ax r
srivastava	srivastava	s r i . b aa s . t ax b		spoken_nepali	google_ne_lr_2018	candidate_latin		google_phones=s r i . b aa s . t ax b
stack	stack	s tx y aa k		spoken_nepali	google_ne_lr_2018	candidate_latin		google_phones=s tt y aa k
stadium	stadium	s tx e . dx i . y ax m		spoken_nepali	google_ne_lr_2018	candidate_latin		google_phones=s tt e . dd i . y ax m
staff	staff	s tx aa ph		spoken_nepali	google_ne_lr_2018	candidate_latin		google_phones=s tt aa ph
stafford	stafford	s t y aa . ph o r dx		spoken_nepali	google_ne_lr_2018	candidate_latin		google_phones=s t y aa . ph o r dd
stairs	stairs	s tx e . ax r s		spoken_nepali	google_ne_lr_2018	candidate_latin		google_phones=s tt e . ax r s
stalker	stalker	s tx ax . k ax r		spoken_nepali	google_ne_lr_2018	candidate_latin		google_phones=s tt ax . k ax r
stamen	stamen	s tx aa . m ax n		spoken_nepali	google_ne_lr_2018	candidate_latin		google_phones=s tt aa . m ax n
stamp	stamp	s tx y aa m p		spoken_nepali	google_ne_lr_2018	candidate_latin		google_phones=s tt y aa m p
standard	standard	s t y aa n . dx ax r dx		spoken_nepali	google_ne_lr_2018	candidate_latin		google_phones=s t y aa n . dd ax r dd
standards	standards	s tx y aa n . dx ax r dx s		spoken_nepali	google_ne_lr_2018	candidate_latin		google_phones=s tt y aa n . dd ax r dd s
staple	staple	s tx e . p ax l		spoken_nepali	google_ne_lr_2018	candidate_latin		google_phones=s tt e . p ax l
staples	staples	s tx e . p ax l s		spoken_nepali	google_ne_lr_2018	candidate_latin		google_phones=s tt e . p ax l s
star	star	s tx aa r		spoken_nepali	google_ne_lr_2018	candidate_latin		google_phones=s tt aa r
starbucks	starbucks	s tx aa r . b ax k s		spoken_nepali	google_ne_lr_2018	candidate_latin		google_phones=s tt aa r . b ax k s
stars	stars	s tx aa r s		spoken_nepali	google_ne_lr_2018	candidate_latin		google_phones=s tt aa r s
starship	starship	s tx aa r . s i p		spoken_nepali	google_ne_lr_2018	candidate_latin		google_phones=s tt aa r . s i p
starvation	starvation	s tx aa r . bh e . s ax n		spoken_nepali	google_ne_lr_2018	candidate_latin		google_phones=s tt aa r . bh e . s ax n
starwood	starwood	s tx aa r . w u dx		spoken_nepali	google_ne_lr_2018	candidate_latin		google_phones=s tt aa r . w u dd
state	state	s tx e tx		spoken_nepali	google_ne_lr_2018	candidate_latin		google_phones=s tt e tt
states	states	s tx e tx s		spoken_nepali	google_ne_lr_2018	candidate_latin		google_phones=s tt e tt s
station	station	s tx e . s ax n		spoken_nepali	google_ne_lr_2018	candidate_latin		google_phones=s tt e . s ax n
stationers	stationers	s tx e s . n ax r s		spoken_nepali	google_ne_lr_2018	candidate_latin		google_phones=s tt e s . n ax r s
statistical	statistical	s tx aa . tx i s . tx i . k ax l		spoken_nepali	google_ne_lr_2018	candidate_latin		google_phones=s tt aa . tt i s . tt i . k ax l
statistics	statistics	s tx y aa . tx i s . tx i k s		spoken_nepali	google_ne_lr_2018	candidate_latin		google_phones=s tt y aa . tt i s . tt i k s
status	status	s tx y aa . tx ax s		spoken_nepali	google_ne_lr_2018	candidate_latin		google_phones=s tt y aa . tt ax s
steal	steal	s tx i l		spoken_nepali	google_ne_lr_2018	candidate_latin		google_phones=s tt i l
steel	steel	s tx i l		spoken_nepali	google_ne_lr_2018	candidate_latin		google_phones=s tt i l
steelmaking	steelmaking	s tx i l . m e . k i ng		spoken_nepali	google_ne_lr_2018	candidate_latin		google_phones=s tt i l . m e . k i ng
steering	steering	s tx e . r i ng		spoken_nepali	google_ne_lr_2018	candidate_latin		google_phones=s tt e . r i ng
steffanina	steffanina	s tx e . ph aa . n i . n aa		spoken_nepali	google_ne_lr_2018	candidate_latin		google_phones=s tt e . ph aa . n i . n aa
stem	stem	s tx e m		spoken_nepali	google_ne_lr_2018	candidate_latin		google_phones=s tt e m
stephen	stephen	s tx e . ph ax n		spoken_nepali	google_ne_lr_2018	candidate_latin		google_phones=s tt e . ph ax n
sterling	sterling	s tx ax r . l i ng		spoken_nepali	google_ne_lr_2018	candidate_latin		google_phones=s tt ax r . l i ng
sternum	sternum	s tx ax r . n ax m		spoken_nepali	google_ne_lr_2018	candidate_latin		google_phones=s tt ax r . n ax m
steroid	steroid	s t e . r oj dx		spoken_nepali	google_ne_lr_2018	candidate_latin		google_phones=s t e . r oj dd
steve	steve	s tx i bh		spoken_nepali	google_ne_lr_2018	candidate_latin		google_phones=s tt i bh
steven	steven	s tx i . bh e n		spoken_nepali	google_ne_lr_2018	candidate_latin		google_phones=s tt i . bh e n
stewart	stewart	s tx i . w aa r tx		spoken_nepali	google_ne_lr_2018	candidate_latin		google_phones=s tt i . w aa r tt
still	still	s t i l		spoken_nepali	google_ne_lr_2018	candidate_latin		google_phones=s t i l
stiving	stiving	s tx aaj . bh i ng		spoken_nepali	google_ne_lr_2018	candidate_latin		google_phones=s tt aaj . bh i ng
stock	stock	s tx ax k		spoken_nepali	google_ne_lr_2018	candidate_latin		google_phones=s tt ax k
stoke	stoke	s tx o k		spoken_nepali	google_ne_lr_2018	candidate_latin		google_phones=s tt o k
stomach	stomach	s tx o . m y aa k		spoken_nepali	google_ne_lr_2018	candidate_latin		google_phones=s tt o . m y aa k
storage	storage	s tx o . r e dz		spoken_nepali	google_ne_lr_2018	candidate_latin		google_phones=s tt o . r e jh
store	store	s tx o r		spoken_nepali	google_ne_lr_2018	candidate_latin		google_phones=s tt o r
stores	stores	s tx o r s		spoken_nepali	google_ne_lr_2018	candidate_latin		google_phones=s tt o r s
storm	storm	s tx r o m		spoken_nepali	google_ne_lr_2018	candidate_latin		google_phones=s tt r o m
stormwater	stormwater	s tx ax r m . w aa . tx ax r		spoken_nepali	google_ne_lr_2018	candidate_latin		google_phones=s tt ax r m . w aa . tt ax r
straddle	straddle	s tx r y aa . dx ax l		spoken_nepali	google_ne_lr_2018	candidate_latin		google_phones=s tt r y aa . dd ax l
strain	strain	s tx r e n		spoken_nepali	google_ne_lr_2018	candidate_latin		google_phones=s tt r e n
strangling	strangling	s tx r y aa ng . l i ng		spoken_nepali	google_ne_lr_2018	candidate_latin		google_phones=s tt r y aa ng . l i ng
strategic	strategic	s tx r aa . tx e . dz i k		spoken_nepali	google_ne_lr_2018	candidate_latin		google_phones=s tt r aa . tt e . jh i k
straw	straw	s tx r ax		spoken_nepali	google_ne_lr_2018	candidate_latin		google_phones=s tt r ax
stream	stream	s tx r i m		spoken_nepali	google_ne_lr_2018	candidate_latin		google_phones=s tt r i m
street	street	s tx r i tx		spoken_nepali	google_ne_lr_2018	candidate_latin		google_phones=s tt r i tt
strength	strength	s tx r e n th		spoken_nepali	google_ne_lr_2018	candidate_latin		google_phones=s tt r e n th
stress	stress	s tx r e s		spoken_nepali	google_ne_lr_2018	candidate_latin		google_phones=s tt r e s
strike	strike	s tx r aaj k		spoken_nepali	google_ne_lr_2018	candidate_latin		google_phones=s tt r aaj k
string	string	s tx r i ng		spoken_nepali	google_ne_lr_2018	candidate_latin		google_phones=s tt r i ng
strip	strip	s tx r i p		spoken_nepali	google_ne_lr_2018	candidate_latin		google_phones=s tt r i p
structural	structural	s tx r ax k . ts ax . r ax l		spoken_nepali	google_ne_lr_2018	candidate_latin		google_phones=s tt r ax k . ts ax . r ax l
structure	structure	s tx r ax k . ts ax r		spoken_nepali	google_ne_lr_2018	candidate_latin		google_phones=s tt r ax k . ts ax r
struggle	struggle	s tx r ax . g ax l		spoken_nepali	google_ne_lr_2018	candidate_latin		google_phones=s tt r ax . g ax l
strut	strut	s tx r ax tx		spoken_nepali	google_ne_lr_2018	candidate_latin		google_phones=s tt r ax tt
stryker	stryker	s tx r aaj . k ax r		spoken_nepali	google_ne_lr_2018	candidate_latin		google_phones=s tt r aaj . k ax r
student	student	s tx u . d e n tx		spoken_nepali	google_ne_lr_2018	candidate_latin		google_phones=s tt u . d e n tt
studies	studies	s tx ax . dx i s		spoken_nepali	google_ne_lr_2018	candidate_latin		google_phones=s tt ax . dd i s
studio	studio	s tx u . dx i . y o		spoken_nepali	google_ne_lr_2018	candidate_latin		google_phones=s tt u . dd i . y o
stuffing	stuffing	s tx ax . ph i ng		spoken_nepali	google_ne_lr_2018	candidate_latin		google_phones=s tt ax . ph i ng
stupa	stupa	s t u . p aa		spoken_nepali	google_ne_lr_2018	candidate_latin		google_phones=s t u . p aa
stupid	stupid	s tx u . p i dx		spoken_nepali	google_ne_lr_2018	candidate_latin		google_phones=s tt u . p i dd
sturt	sturt	s tx ax r tx		spoken_nepali	google_ne_lr_2018	candidate_latin		google_phones=s tt ax r tt
style	style	s tx aaj l		spoken_nepali	google_ne_lr_2018	candidate_latin		google_phones=s tt aaj l
styles	styles	s tx aaj l s		spoken_nepali	google_ne_lr_2018	candidate_latin		google_phones=s tt aaj l s
stylus	stylus	s tx aaj . l ax s		spoken_nepali	google_ne_lr_2018	candidate_latin		google_phones=s tt aaj . l ax s
subatomic	subatomic	s ax b . e . tx o . m i k		spoken_nepali	google_ne_lr_2018	candidate_latin		google_phones=s ax b . e . tt o . m i k
subba	subba	s u b . b aa		spoken_nepali	google_ne_lr_2018	candidate_latin		google_phones=s u b . b aa
subgrade	subgrade	s ax b . g r e dx		spoken_nepali	google_ne_lr_2018	candidate_latin		google_phones=s ax b . g r e dd
subhas	subhas	s u . bh aa s		spoken_nepali	google_ne_lr_2018	candidate_latin		google_phones=s u . bh aa s
subhash	subhash	s u . bh aa s		spoken_nepali	google_ne_lr_2018	candidate_latin		google_phones=s u . bh aa s
subhreet	subhreet	s u . bh r i t		spoken_nepali	google_ne_lr_2018	candidate_latin		google_phones=s u . bh r i t
subin	subin	s u . b i n		spoken_nepali	google_ne_lr_2018	candidate_latin		google_phones=s u . b i n
submandibular	submandibular	s ax b . m y aa n . dx i . b u . l ax r		spoken_nepali	google_ne_lr_2018	candidate_latin		google_phones=s ax b . m y aa n . dd i . b u . l ax r
subphylum	subphylum	s ax b . ph aaj . l ax m		spoken_nepali	google_ne_lr_2018	candidate_latin		google_phones=s ax b . ph aaj . l ax m
subregional	subregional	s ax b . r i . dz ax . n ax l		spoken_nepali	google_ne_lr_2018	candidate_latin		google_phones=s ax b . r i . jh ax . n ax l
subscriber	subscriber	s ax b s . k r aaj . b ax r		spoken_nepali	google_ne_lr_2018	candidate_latin		google_phones=s ax b s . k r aaj . b ax r
substance	substance	s ax b s . tx y aa n s		spoken_nepali	google_ne_lr_2018	candidate_latin		google_phones=s ax b s . tt y aa n s
substitution	substitution	s ax b s . tx i . ts y u . s ax n		spoken_nepali	google_ne_lr_2018	candidate_latin		google_phones=s ax b s . tt i . ts y u . s ax n
subtitle	subtitle	s ax b . tx aaj . tx ax l		spoken_nepali	google_ne_lr_2018	candidate_latin		google_phones=s ax b . tt aaj . tt ax l
success	success	s ax k . s e s		spoken_nepali	google_ne_lr_2018	candidate_latin		google_phones=s ax k . s e s
succession	succession	s ax k . s e . s ax n		spoken_nepali	google_ne_lr_2018	candidate_latin		google_phones=s ax k . s e . s ax n
suction	suction	s ax k . s ax n		spoken_nepali	google_ne_lr_2018	candidate_latin		google_phones=s ax k . s ax n
suffering	suffering	s ax . ph ax . r i ng		spoken_nepali	google_ne_lr_2018	candidate_latin		google_phones=s ax . ph ax . r i ng
suffocation	suffocation	s ax . ph o . k e . s ax n		spoken_nepali	google_ne_lr_2018	candidate_latin		google_phones=s ax . ph o . k e . s ax n
sugar	sugar	s u . g ax r		spoken_nepali	google_ne_lr_2018	candidate_latin		google_phones=s u . g ax r
sugriva	sugriva	s u g . g r i b		spoken_nepali	google_ne_lr_2018	candidate_latin		google_phones=s u g . g r i b
suit	suit	s u tx		spoken_nepali	google_ne_lr_2018	candidate_latin		google_phones=s u tt
suitcase	suitcase	s u tx . k e s		spoken_nepali	google_ne_lr_2018	candidate_latin		google_phones=s u tt . k e s
sukanya	sukanya	s u . k ax n . n y aa		spoken_nepali	google_ne_lr_2018	candidate_latin		google_phones=s u . k ax n . n y aa
sulakshana	sulakshana	s u . l ax k . tsh y ax . n aa		spoken_nepali	google_ne_lr_2018	candidate_latin		google_phones=s u . l ax k . tsh y ax . nn aa
sulav	sulav	s u . l ax bh		spoken_nepali	google_ne_lr_2018	candidate_latin		google_phones=s u . l ax bh
sulfur	sulfur	s ax l . ph ax r		spoken_nepali	google_ne_lr_2018	candidate_latin		google_phones=s ax l . ph ax r
sultan	sultan	s u l . t aa n		spoken_nepali	google_ne_lr_2018	candidate_latin		google_phones=s u l . t aa n
suman	suman	s u . m ax n		spoken_nepali	google_ne_lr_2018	candidate_latin		google_phones=s u . m ax n
summer	summer	s ax . m ax r		spoken_nepali	google_ne_lr_2018	candidate_latin		google_phones=s ax . m ax r
summers	summers	s ax . m ax r s		spoken_nepali	google_ne_lr_2018	candidate_latin		google_phones=s ax . m ax r s
suncheon	suncheon	s ax n . ts e . ax n		spoken_nepali	google_ne_lr_2018	candidate_latin		google_phones=s ax n . ts e . ax n
sundar	sundar	s u n . d ax r		spoken_nepali	google_ne_lr_2018	candidate_latin		google_phones=s u n . d ax r
sunder	sunder	s u n . d ax r		spoken_nepali	google_ne_lr_2018	candidate_latin		google_phones=s u n . d ax r
sunderland	sunderland	s u n . dx ax r . l y aa n dx		spoken_nepali	google_ne_lr_2018	candidate_latin		google_phones=s u n . dd ax r . l y aa n dd
sunglasses	sunglasses	s ax n . g l aa . s e s		spoken_nepali	google_ne_lr_2018	candidate_latin		google_phones=s ax n . g l aa . s e s
sunil	sunil	s u . n i l		spoken_nepali	google_ne_lr_2018	candidate_latin		google_phones=s u . n i l
suno	suno	s u . n o		spoken_nepali	google_ne_lr_2018	candidate_latin		google_phones=s u . n o
sunrise	sunrise	s ax n . r aaj dz		spoken_nepali	google_ne_lr_2018	candidate_latin		google_phones=s ax n . r aaj jh
sunscreen	sunscreen	s ax n . s k r i n		spoken_nepali	google_ne_lr_2018	candidate_latin		google_phones=s ax n . s k r i n
sunset	sunset	s ax n . s e tx		spoken_nepali	google_ne_lr_2018	candidate_latin		google_phones=s ax n . s e tt
sunsilk	sunsilk	s ax n . s i l k		spoken_nepali	google_ne_lr_2018	candidate_latin		google_phones=s ax n . s i l k
suntrust	suntrust	s ax n . tx r ax s tx		spoken_nepali	google_ne_lr_2018	candidate_latin		google_phones=s ax n . tt r ax s tt
super	super	s u . p ax r		spoken_nepali	google_ne_lr_2018	candidate_latin		google_phones=s u . p ax r
superheating	superheating	s u . p ax r . h i . tx i ng		spoken_nepali	google_ne_lr_2018	candidate_latin		google_phones=s u . p ax r . h i . tt i ng
superhuman	superhuman	s u . p ax r . h y u . m ax n		spoken_nepali	google_ne_lr_2018	candidate_latin		google_phones=s u . p ax r . h y u . m ax n
superinfection	superinfection	s u . p ax r . i n . ph e k . s ax n		spoken_nepali	google_ne_lr_2018	candidate_latin		google_phones=s u . p ax r . i n . ph e k . s ax n
superior	superior	s u . p e . r i . y ax r		spoken_nepali	google_ne_lr_2018	candidate_latin		google_phones=s u . p e . r i . y ax r
superman	superman	s u . p ax r . m y aa n		spoken_nepali	google_ne_lr_2018	candidate_latin		google_phones=s u . p ax r . m y aa n
supply	supply	s ax p . p l aaj		spoken_nepali	google_ne_lr_2018	candidate_latin		google_phones=s ax p . p l aaj
support	support	s ax . p o r tx		spoken_nepali	google_ne_lr_2018	candidate_latin		google_phones=s ax . p o r tt
surabaya	surabaya	s u . r ax . b aa . y ax		spoken_nepali	google_ne_lr_2018	candidate_latin		google_phones=s u . r ax . b aa . y ax
surat	surat	s u . r ax t		spoken_nepali	google_ne_lr_2018	candidate_latin		google_phones=s u . r ax t
surendra	surendra	s u . r e n . d r ax		spoken_nepali	google_ne_lr_2018	candidate_latin		google_phones=s u . r e n . d r ax
suresh	suresh	s u . r e s		spoken_nepali	google_ne_lr_2018	candidate_latin		google_phones=s u . r e s
surface	surface	s ax r . ph e s		spoken_nepali	google_ne_lr_2018	candidate_latin		google_phones=s ax r . ph e s
surjective	surjective	s ax r . dz e k . tx i bh		spoken_nepali	google_ne_lr_2018	candidate_latin		google_phones=s ax r . jh e k . tt i bh
surroundings	surroundings	s ax . r aaw n . dx i ng s		spoken_nepali	google_ne_lr_2018	candidate_latin		google_phones=s ax . r aaw n . dd i ng s
survey	survey	s ax r . bh e		spoken_nepali	google_ne_lr_2018	candidate_latin		google_phones=s ax r . bh e
surveying	surveying	s ax r . bh e . y i ng		spoken_nepali	google_ne_lr_2018	candidate_latin		google_phones=s ax r . bh e . y i ng
survival	survival	s ax r . bh aaj . bh ax l		spoken_nepali	google_ne_lr_2018	candidate_latin		google_phones=s ax r . bh aaj . bh ax l
survivor	survivor	s ax r . bh aaj . bh ax r		spoken_nepali	google_ne_lr_2018	candidate_latin		google_phones=s ax r . bh aaj . bh ax r
surya	surya	s u r . y ax		spoken_nepali	google_ne_lr_2018	candidate_latin		google_phones=s u r . y ax
suryodaya	suryodaya	s u r . y o . d ax . y ax		spoken_nepali	google_ne_lr_2018	candidate_latin		google_phones=s u r . y o . d ax . y ax
susheela	susheela	s u . s i . l aa		spoken_nepali	google_ne_lr_2018	candidate_latin		google_phones=s u . s i . l aa
sushil	sushil	s u . s i l		spoken_nepali	google_ne_lr_2018	candidate_latin		google_phones=s u . s i l
sushila	sushila	s u . s i . l aa		spoken_nepali	google_ne_lr_2018	candidate_latin		google_phones=s u . s i . l aa
sushma	sushma	s u s . m aa		spoken_nepali	google_ne_lr_2018	candidate_latin		google_phones=s u s . m aa
suspect	suspect	s ax s . p e k tx		spoken_nepali	google_ne_lr_2018	candidate_latin		google_phones=s ax s . p e k tt
suspension	suspension	s ax s . p e n . s ax n		spoken_nepali	google_ne_lr_2018	candidate_latin		google_phones=s ax s . p e n . s ax n
susser	susser	s ax . s ax r		spoken_nepali	google_ne_lr_2018	candidate_latin		google_phones=s ax . s ax r
sustainable	sustainable	s ax s . tx e . n e . b ax l		spoken_nepali	google_ne_lr_2018	candidate_latin		google_phones=s ax s . tt e . n e . b ax l
sutra	sutra	s u t . t r ax		spoken_nepali	google_ne_lr_2018	candidate_latin		google_phones=s u t . t r ax
suzuka	suzuka	s u . dz u . k aa		spoken_nepali	google_ne_lr_2018	candidate_latin		google_phones=s u . jh u . k aa
swagger	swagger	s w y aa . g ax r		spoken_nepali	google_ne_lr_2018	candidate_latin		google_phones=s w y aa . g ax r
swallow	swallow	s w aa . l o		spoken_nepali	google_ne_lr_2018	candidate_latin		google_phones=s w aa . l o
swallowing	swallowing	s w ax . l o . i ng		spoken_nepali	google_ne_lr_2018	candidate_latin		google_phones=s w ax . l o . i ng
swanage	swanage	s w aa . n e dz		spoken_nepali	google_ne_lr_2018	candidate_latin		google_phones=s w aa . n e jh
swap	swap	s w aa p		spoken_nepali	google_ne_lr_2018	candidate_latin		google_phones=s w aa p
swarm	swarm	s w aa r m		spoken_nepali	google_ne_lr_2018	candidate_latin		google_phones=s w aa r m
swat	swat	s w aa tx		spoken_nepali	google_ne_lr_2018	candidate_latin		google_phones=s w aa tt
sweater	sweater	s w e . tx ax r		spoken_nepali	google_ne_lr_2018	candidate_latin		google_phones=s w e . tt ax r
swedish	swedish	s w e . dx i s		spoken_nepali	google_ne_lr_2018	candidate_latin		google_phones=s w e . dd i s
sweet	sweet	s w i tx		spoken_nepali	google_ne_lr_2018	candidate_latin		google_phones=s w i tt
sweta	sweta	s w e . t aa		spoken_nepali	google_ne_lr_2018	candidate_latin		google_phones=s w e . t aa
swift	swift	s w i ph tx		spoken_nepali	google_ne_lr_2018	candidate_latin		google_phones=s w i ph tt
swim	swim	s w i m		spoken_nepali	google_ne_lr_2018	candidate_latin		google_phones=s w i m
swimwear	swimwear	s w i m . w e . y ax r		spoken_nepali	google_ne_lr_2018	candidate_latin		google_phones=s w i m . w e . y ax r
swing	swing	s w i ng		spoken_nepali	google_ne_lr_2018	candidate_latin		google_phones=s w i ng
swingers	swingers	s w i ng . g ax r s		spoken_nepali	google_ne_lr_2018	candidate_latin		google_phones=s w i ng . g ax r s
switching	switching	s w i . ts i ng		spoken_nepali	google_ne_lr_2018	candidate_latin		google_phones=s w i . ts i ng
sword	sword	s o r dx		spoken_nepali	google_ne_lr_2018	candidate_latin		google_phones=s o r dd
symantec	symantec	s i . m y aa n . tx e k		spoken_nepali	google_ne_lr_2018	candidate_latin		google_phones=s i . m y aa n . tt e k
symbol	symbol	s i m . b o l		spoken_nepali	google_ne_lr_2018	candidate_latin		google_phones=s i m . b o l
symbols	symbols	s i m . b o l s		spoken_nepali	google_ne_lr_2018	candidate_latin		google_phones=s i m . b o l s
sympathetic	sympathetic	s i m . p y aa . th e . tx i k		spoken_nepali	google_ne_lr_2018	candidate_latin		google_phones=s i m . p y aa . th e . tt i k
symptom	symptom	s i m p . tx ax m		spoken_nepali	google_ne_lr_2018	candidate_latin		google_phones=s i m p . tt ax m
syndicate	syndicate	s i n . dx i . k e tx		spoken_nepali	google_ne_lr_2018	candidate_latin		google_phones=s i n . dd i . k e tt
syndrome	syndrome	s i n . dx r o m		spoken_nepali	google_ne_lr_2018	candidate_latin		google_phones=s i n . dd r o m
synesthesia	synesthesia	s i . n e s . th e . s i . y aa		spoken_nepali	google_ne_lr_2018	candidate_latin		google_phones=s i . n e s . th e . s i . y aa
synnex	synnex	s aaj . n e k s		spoken_nepali	google_ne_lr_2018	candidate_latin		google_phones=s aaj . n e k s
syntax	syntax	s i n . tx y aa k s		spoken_nepali	google_ne_lr_2018	candidate_latin		google_phones=s i n . tt y aa k s
synthesis	synthesis	s i n . th e . s i s		spoken_nepali	google_ne_lr_2018	candidate_latin		google_phones=s i n . th e . s i s
synthetic	synthetic	s i n . th e . tx i k		spoken_nepali	google_ne_lr_2018	candidate_latin		google_phones=s i n . th e . tt i k
syrup	syrup	s i . r ax p		spoken_nepali	google_ne_lr_2018	candidate_latin		google_phones=s i . r ax p
sysco	sysco	s i s . k o		spoken_nepali	google_ne_lr_2018	candidate_latin		google_phones=s i s . k o
system	system	s i s . tx ax m		spoken_nepali	google_ne_lr_2018	candidate_latin		google_phones=s i s . tt ax m
systems	systems	s i s . tx ax m s		spoken_nepali	google_ne_lr_2018	candidate_latin		google_phones=s i s . tt ax m s
t	t	tx i		spoken_nepali	google_ne_lr_2018	candidate_latin		google_phones=tt i
tab	tab	tx y aa b		spoken_nepali	google_ne_lr_2018	candidate_latin		google_phones=tt y aa b
tabla	tabla	t ax b . l aa		spoken_nepali	google_ne_lr_2018	candidate_latin		google_phones=t ax b . l aa
tablature	tablature	tx y aa b . l e . ts ax r		spoken_nepali	google_ne_lr_2018	candidate_latin		google_phones=tt y aa b . l e . ts ax r
table	table	tx e . b ax l		spoken_nepali	google_ne_lr_2018	candidate_latin		google_phones=tt e . b ax l
tablet	tablet	tx y aa b . l e tx		spoken_nepali	google_ne_lr_2018	candidate_latin		google_phones=tt y aa b . l e tt
tachometer	tachometer	tx y aa . k o . m i . tx ax r		spoken_nepali	google_ne_lr_2018	candidate_latin		google_phones=tt y aa . k o . m i . tt ax r
tackle	tackle	tx y aa . k ax l		spoken_nepali	google_ne_lr_2018	candidate_latin		google_phones=tt y aa . k ax l
tahal	tahal	tx ax . h ax l		spoken_nepali	google_ne_lr_2018	candidate_latin		google_phones=tt ax . h ax l
taiping	taiping	t aaj . p i ng		spoken_nepali	google_ne_lr_2018	candidate_latin		google_phones=t aaj . p i ng
tak	tak	t ax k		spoken_nepali	google_ne_lr_2018	candidate_latin		google_phones=t ax k
take	take	tx e k		spoken_nepali	google_ne_lr_2018	candidate_latin		google_phones=tt e k
talakjung	talakjung	tx ax . l ax k . dz ax ng		spoken_nepali	google_ne_lr_2018	candidate_latin		google_phones=tt ax . l ax k . jh ax ng
talat	talat	tx y aa . l ax tx		spoken_nepali	google_ne_lr_2018	candidate_latin		google_phones=tt y aa . l ax tt
tales	tales	tx e l s		spoken_nepali	google_ne_lr_2018	candidate_latin		google_phones=tt e l s
talking	talking	tx ax . k i ng		spoken_nepali	google_ne_lr_2018	candidate_latin		google_phones=tt ax . k i ng
talreja	talreja	t aa . r e . dz aa		spoken_nepali	google_ne_lr_2018	candidate_latin		google_phones=t aa . r e . jh aa
tamang	tamang	t aa . m aa ng		spoken_nepali	google_ne_lr_2018	candidate_latin		google_phones=t aa . m aa ng
tamarind	tamarind	tx y aa . m ax . r i n dx		spoken_nepali	google_ne_lr_2018	candidate_latin		google_phones=tt y aa . m ax . r i n dd
tamasha	tamasha	t ax . m aa . s aa		spoken_nepali	google_ne_lr_2018	candidate_latin		google_phones=t ax . m aa . s aa
tamil	tamil	t aa . m i l		spoken_nepali	google_ne_lr_2018	candidate_latin		google_phones=t aa . m i l
tamrakar	tamrakar	t aa m . m r ax . k aa r		spoken_nepali	google_ne_lr_2018	candidate_latin		google_phones=t aa m . m r ax . k aa r
tandon	tandon	tx y aa n . dx ax n		spoken_nepali	google_ne_lr_2018	candidate_latin		google_phones=tt y aa n . dd ax n
tandoor	tandoor	t ax n . d u r		spoken_nepali	google_ne_lr_2018	candidate_latin		google_phones=t ax n . d u r
taneja	taneja	tx aa . n e . dz aa		spoken_nepali	google_ne_lr_2018	candidate_latin		google_phones=tt aa . n e . jh aa
tanita	tanita	tx y aa . n i . tx aa		spoken_nepali	google_ne_lr_2018	candidate_latin		google_phones=tt y aa . n i . tt aa
tank	tank	tx y aa ng k		spoken_nepali	google_ne_lr_2018	candidate_latin		google_phones=tt y aa ng k
tanner	tanner	tx y aa . n ax r		spoken_nepali	google_ne_lr_2018	candidate_latin		google_phones=tt y aa . n ax r
tantalum	tantalum	tx y aa n . tx ax . l ax m		spoken_nepali	google_ne_lr_2018	candidate_latin		google_phones=tt y aa n . tt ax . l ax m
tanwar	tanwar	t ax n . w ax r		spoken_nepali	google_ne_lr_2018	candidate_latin		google_phones=t ax n . w ax r
tanya	tanya	t aa n . n y ax		spoken_nepali	google_ne_lr_2018	candidate_latin		google_phones=t aa n . n y ax
tara	tara	t aa . r aa		spoken_nepali	google_ne_lr_2018	candidate_latin		google_phones=t aa . r aa
taranath	taranath	t aa . r aa . n aa th		spoken_nepali	google_ne_lr_2018	candidate_latin		google_phones=t aa . r aa . n aa th
targa	targa	tx aa r . g aa		spoken_nepali	google_ne_lr_2018	candidate_latin		google_phones=tt aa r . g aa
target	target	tx aa r . g e tx		spoken_nepali	google_ne_lr_2018	candidate_latin		google_phones=tt aa r . g e tt
tarsal	tarsal	t aa r . s ax l		spoken_nepali	google_ne_lr_2018	candidate_latin		google_phones=t aa r . s ax l
task	task	tx aa s k		spoken_nepali	google_ne_lr_2018	candidate_latin		google_phones=tt aa s k
tata	tata	tx aa . tx aa		spoken_nepali	google_ne_lr_2018	candidate_latin		google_phones=tt aa . tt aa
tax	tax	tx y aa k s		spoken_nepali	google_ne_lr_2018	candidate_latin		google_phones=tt y aa k s
taxon	taxon	tx y aa k . s ax n		spoken_nepali	google_ne_lr_2018	candidate_latin		google_phones=tt y aa k . s ax n
taxus	taxus	tx e k . s ax s		spoken_nepali	google_ne_lr_2018	candidate_latin		google_phones=tt e k . s ax s
taylor	taylor	tx e . l ax r		spoken_nepali	google_ne_lr_2018	candidate_latin		google_phones=tt e . l ax r
teacher	teacher	tx i . ts ax r		spoken_nepali	google_ne_lr_2018	candidate_latin		google_phones=tt i . ts ax r
team	team	tx i m		spoken_nepali	google_ne_lr_2018	candidate_latin		google_phones=tt i m
teaser	teaser	tx i . dz ax r		spoken_nepali	google_ne_lr_2018	candidate_latin		google_phones=tt i . jh ax r
teasing	teasing	tx i . dz i ng		spoken_nepali	google_ne_lr_2018	candidate_latin		google_phones=tt i . jh i ng
tech	tech	tx e k		spoken_nepali	google_ne_lr_2018	candidate_latin		google_phones=tt e k
technical	technical	tx e k . n i . k ax l		spoken_nepali	google_ne_lr_2018	candidate_latin		google_phones=tt e k . n i . k ax l
technologies	technologies	tx e k . n o . l o . dz i dz		spoken_nepali	google_ne_lr_2018	candidate_latin		google_phones=tt e k . n o . l o . jh i jh
tectonics	tectonics	tx e k . tx o . n i k s		spoken_nepali	google_ne_lr_2018	candidate_latin		google_phones=tt e k . tt o . n i k s
teen	teen	tx i n		spoken_nepali	google_ne_lr_2018	candidate_latin		google_phones=tt i n
teenage	teenage	tx i . n e dz		spoken_nepali	google_ne_lr_2018	candidate_latin		google_phones=tt i . n e jh
teeshay	teeshay	t i . s ax y		spoken_nepali	google_ne_lr_2018	candidate_latin		google_phones=t i . s ax y
teeth	teeth	tx i th		spoken_nepali	google_ne_lr_2018	candidate_latin		google_phones=tt i th
tej	tej	t e dz		spoken_nepali	google_ne_lr_2018	candidate_latin		google_phones=t e jh
tek	tek	tx e k		spoken_nepali	google_ne_lr_2018	candidate_latin		google_phones=tt e k
telangana	telangana	t e . l ax ng . g ax . n aa		spoken_nepali	google_ne_lr_2018	candidate_latin		google_phones=t e . l ax ng . g ax . n aa
telebrands	telebrands	tx e . l i . b r aa n dx s		spoken_nepali	google_ne_lr_2018	candidate_latin		google_phones=tt e . l i . b r aa n dd s
telecom	telecom	tx e . l i . k ax m		spoken_nepali	google_ne_lr_2018	candidate_latin		google_phones=tt e . l i . k ax m
telecommunication	telecommunication	tx e . l i . k ax m . m y u . n i . k e . s ax n		spoken_nepali	google_ne_lr_2018	candidate_latin		google_phones=tt e . l i . k ax m . m y u . n i . k e . s ax n
telecommunications	telecommunications	tx e . l i . k ax m . m y u . n i . k e . s ax n s		spoken_nepali	google_ne_lr_2018	candidate_latin		google_phones=tt e . l i . k ax m . m y u . n i . k e . s ax n s
telecommuting	telecommuting	tx e . l i . k ax m . m y u . tx i ng		spoken_nepali	google_ne_lr_2018	candidate_latin		google_phones=tt e . l i . k ax m . m y u . tt i ng
telephone	telephone	tx e . l i . ph o n		spoken_nepali	google_ne_lr_2018	candidate_latin		google_phones=tt e . l i . ph o n
teleprompter	teleprompter	tx e . l i . p r o m p . tx ax r		spoken_nepali	google_ne_lr_2018	candidate_latin		google_phones=tt e . l i . p r o m p . tt ax r
television	television	tx e . l i . bh i . dz ax n		spoken_nepali	google_ne_lr_2018	candidate_latin		google_phones=tt e . l i . bh i . jh ax n
tell	tell	tx e l		spoken_nepali	google_ne_lr_2018	candidate_latin		google_phones=tt e l
temazepam	temazepam	t e . m aa . dz e . p ax m		spoken_nepali	google_ne_lr_2018	candidate_latin		google_phones=t e . m aa . jh e . p ax m
temper	temper	tx e m . p ax r		spoken_nepali	google_ne_lr_2018	candidate_latin		google_phones=tt e m . p ax r
temperature	temperature	tx e m . p e . r aa . tx ax r		spoken_nepali	google_ne_lr_2018	candidate_latin		google_phones=tt e m . p e . r aa . tt ax r
temple	temple	tx e m . p ax l		spoken_nepali	google_ne_lr_2018	candidate_latin		google_phones=tt e m . p ax l
temples	temples	tx e m . p ax l s		spoken_nepali	google_ne_lr_2018	candidate_latin		google_phones=tt e m . p ax l s
tenet	tenet	tx i . n e tx		spoken_nepali	google_ne_lr_2018	candidate_latin		google_phones=tt i . n e tt
tenneco	tenneco	tx e . n e . k o		spoken_nepali	google_ne_lr_2018	candidate_latin		google_phones=tt e . n e . k o
tense	tense	tx e n s		spoken_nepali	google_ne_lr_2018	candidate_latin		google_phones=tt e n s
tension	tension	tx e n . s ax n		spoken_nepali	google_ne_lr_2018	candidate_latin		google_phones=tt e n . s ax n
tensor	tensor	tx e n . s ax r		spoken_nepali	google_ne_lr_2018	candidate_latin		google_phones=tt e n . s ax r
tent	tent	tx e n tx		spoken_nepali	google_ne_lr_2018	candidate_latin		google_phones=tt e n tt
tenzing	tenzing	t e n . dz i ng		spoken_nepali	google_ne_lr_2018	candidate_latin		google_phones=t e n . jh i ng
teresa	teresa	tx e . r e . s aa		spoken_nepali	google_ne_lr_2018	candidate_latin		google_phones=tt e . r e . s aa
terex	terex	tx e . r e k s		spoken_nepali	google_ne_lr_2018	candidate_latin		google_phones=tt e . r e k s
terminal	terminal	tx ax r . m i . n ax l		spoken_nepali	google_ne_lr_2018	candidate_latin		google_phones=tt ax r . m i . n ax l
terminator	terminator	tx ax r . m i . n e . tx ax r		spoken_nepali	google_ne_lr_2018	candidate_latin		google_phones=tt ax r . m i . n e . tt ax r
territorial	territorial	tx e . r i . tx o . r i . y ax l		spoken_nepali	google_ne_lr_2018	candidate_latin		google_phones=tt e . r i . tt o . r i . y ax l
tesoro	tesoro	tx e . s o . r o		spoken_nepali	google_ne_lr_2018	candidate_latin		google_phones=tt e . s o . r o
test	test	tx e s tx		spoken_nepali	google_ne_lr_2018	candidate_latin		google_phones=tt e s tt
tester	tester	tx e s . tx ax r		spoken_nepali	google_ne_lr_2018	candidate_latin		google_phones=tt e s . tt ax r
testing	testing	tx e s . tx i ng		spoken_nepali	google_ne_lr_2018	candidate_latin		google_phones=tt e s . tt i ng
tests	tests	tx e s tx s		spoken_nepali	google_ne_lr_2018	candidate_latin		google_phones=tt e s tt s
testtube	testtube	tx e s tx . tx y u b		spoken_nepali	google_ne_lr_2018	candidate_latin		google_phones=tt e s tt . tt y u b
tetrachloride	tetrachloride	tx e tx . tx r aa . k l o . r aaj dx		spoken_nepali	google_ne_lr_2018	candidate_latin		google_phones=tt e tt . tt r aa . k l o . r aaj dd
texas	texas	tx e k . s aa s		spoken_nepali	google_ne_lr_2018	candidate_latin		google_phones=tt e k . s aa s
text	text	tx e k s tx		spoken_nepali	google_ne_lr_2018	candidate_latin		google_phones=tt e k s tt
textbook	textbook	tx e k s tx . b u k		spoken_nepali	google_ne_lr_2018	candidate_latin		google_phones=tt e k s tt . b u k
textile	textile	tx e k s . tx aaj l		spoken_nepali	google_ne_lr_2018	candidate_latin		google_phones=tt e k s . tt aaj l
textron	textron	tx e k s . tx r ax n		spoken_nepali	google_ne_lr_2018	candidate_latin		google_phones=tt e k s . tt r ax n
thaha	thaha	th aa . h aa		spoken_nepali	google_ne_lr_2018	candidate_latin		google_phones=th aa . h aa
thakkar	thakkar	txh ax k . k ax r		spoken_nepali	google_ne_lr_2018	candidate_latin		google_phones=tth ax k . k ax r
thakur	thakur	txh aa . k u r		spoken_nepali	google_ne_lr_2018	candidate_latin		google_phones=tth aa . k u r
thapa	thapa	th aa . p aa		spoken_nepali	google_ne_lr_2018	candidate_latin		google_phones=th aa . p aa
thapaliya	thapaliya	th ax . p ax . l i . y aa		spoken_nepali	google_ne_lr_2018	candidate_latin		google_phones=th ax . p ax . l i . y aa
the	the	d ax		spoken_nepali	google_ne_lr_2018	candidate_latin		google_phones=d ax
thermal	thermal	th ax r . m ax l		spoken_nepali	google_ne_lr_2018	candidate_latin		google_phones=th ax r . m ax l
thermo	thermo	th ax r . m o		spoken_nepali	google_ne_lr_2018	candidate_latin		google_phones=th ax r . m o
thermodynamic	thermodynamic	th ax r . m o . dx aaj . n aa . m i k		spoken_nepali	google_ne_lr_2018	candidate_latin		google_phones=th ax r . m o . dd aaj . n aa . m i k
thermoelectric	thermoelectric	th ax r . m o . e . l e k . tx r i k		spoken_nepali	google_ne_lr_2018	candidate_latin		google_phones=th ax r . m o . e . l e k . tt r i k
thesis	thesis	th e . s i s		spoken_nepali	google_ne_lr_2018	candidate_latin		google_phones=th e . s i s
thigh	thigh	th aaj		spoken_nepali	google_ne_lr_2018	candidate_latin		google_phones=th aaj
thinking	thinking	th i ng . k i ng		spoken_nepali	google_ne_lr_2018	candidate_latin		google_phones=th i ng . k i ng
thinkpad	thinkpad	th i ng k . p y aa dx		spoken_nepali	google_ne_lr_2018	candidate_latin		google_phones=th i ng k . p y aa dd
third	third	th ax r dx		spoken_nepali	google_ne_lr_2018	candidate_latin		google_phones=th ax r dd
thorium	thorium	th o . r i . y ax m		spoken_nepali	google_ne_lr_2018	candidate_latin		google_phones=th o . r i . y ax m
threat	threat	th r e tx		spoken_nepali	google_ne_lr_2018	candidate_latin		google_phones=th r e tt
threesome	threesome	th r i . s ax m		spoken_nepali	google_ne_lr_2018	candidate_latin		google_phones=th r i . s ax m
thriller	thriller	th r i . l ax r		spoken_nepali	google_ne_lr_2018	candidate_latin		google_phones=th r i . l ax r
thrivent	thrivent	th r i . bh e n tx		spoken_nepali	google_ne_lr_2018	candidate_latin		google_phones=th r i . bh e n tt
throne	throne	th r o n		spoken_nepali	google_ne_lr_2018	candidate_latin		google_phones=th r o n
thrones	thrones	th r o n s		spoken_nepali	google_ne_lr_2018	candidate_latin		google_phones=th r o n s
thumakda	thumakda	th u . m ax k . d aa		spoken_nepali	google_ne_lr_2018	candidate_latin		google_phones=th u . m ax k . d aa
thumb	thumb	th ax m b		spoken_nepali	google_ne_lr_2018	candidate_latin		google_phones=th ax m b
thumbnail	thumbnail	th ax m . n e l		spoken_nepali	google_ne_lr_2018	candidate_latin		google_phones=th ax m . n e l
thun	thun	tx u n		spoken_nepali	google_ne_lr_2018	candidate_latin		google_phones=tt u n
thunder	thunder	th ax n . dx ax r		spoken_nepali	google_ne_lr_2018	candidate_latin		google_phones=th ax n . dd ax r
thuringiensis	thuringiensis	th u . r i n . g i n . s i s		spoken_nepali	google_ne_lr_2018	candidate_latin		google_phones=th u . r i n . g i n . s i s
thurman	thurman	th ax r . m y aa n		spoken_nepali	google_ne_lr_2018	candidate_latin		google_phones=th ax r . m y aa n
thyroid	thyroid	th aaj . r oj dx		spoken_nepali	google_ne_lr_2018	candidate_latin		google_phones=th aaj . r oj dd
tia	tia	tx i . y aa		spoken_nepali	google_ne_lr_2018	candidate_latin		google_phones=tt i . y aa
tiaacref	tiaacref	tx i . y aa . k r e ph		spoken_nepali	google_ne_lr_2018	candidate_latin		google_phones=tt i . y aa . k r e ph
tibetan	tibetan	tx i . b e . tx ax n		spoken_nepali	google_ne_lr_2018	candidate_latin		google_phones=tt i . b e . tt ax n
tick	tick	tx i k		spoken_nepali	google_ne_lr_2018	candidate_latin		google_phones=tt i k
tickling	tickling	tx i k . l i ng		spoken_nepali	google_ne_lr_2018	candidate_latin		google_phones=tt i k . l i ng
tiger	tiger	tx aaj . g ax r		spoken_nepali	google_ne_lr_2018	candidate_latin		google_phones=tt aaj . g ax r
tikaram	tikaram	tx i . k aa . r aa m		spoken_nepali	google_ne_lr_2018	candidate_latin		google_phones=tt i . k aa . r aa m
tikka	tikka	tx i k . k ax		spoken_nepali	google_ne_lr_2018	candidate_latin		google_phones=tt i k . k ax
tiles	tiles	tx aaj l s		spoken_nepali	google_ne_lr_2018	candidate_latin		google_phones=tt aaj l s
tilicho	tilicho	t i . l i . ts o		spoken_nepali	google_ne_lr_2018	candidate_latin		google_phones=t i . l i . ts o
till	till	tx i l		spoken_nepali	google_ne_lr_2018	candidate_latin		google_phones=tt i l
time	time	tx aaj m		spoken_nepali	google_ne_lr_2018	candidate_latin		google_phones=tt aaj m
timebomb	timebomb	tx aaj m . b ax m		spoken_nepali	google_ne_lr_2018	candidate_latin		google_phones=tt aaj m . b ax m
times	times	tx aaj m s		spoken_nepali	google_ne_lr_2018	candidate_latin		google_phones=tt aaj m s
timetable	timetable	tx aaj m . tx e . b ax l		spoken_nepali	google_ne_lr_2018	candidate_latin		google_phones=tt aaj m . tt e . b ax l
timur	timur	tx i . m u r		spoken_nepali	google_ne_lr_2018	candidate_latin		google_phones=tt i . m u r
tin	tin	tx i n		spoken_nepali	google_ne_lr_2018	candidate_latin		google_phones=tt i n
tintern	tintern	tx i n . tx ax r n		spoken_nepali	google_ne_lr_2018	candidate_latin		google_phones=tt i n . tt ax r n
tire	tire	tx aa . y ax r		spoken_nepali	google_ne_lr_2018	candidate_latin		google_phones=tt aa . y ax r
tirumala	tirumala	t i . r u . m aa . l aa		spoken_nepali	google_ne_lr_2018	candidate_latin		google_phones=t i . r u . m aa . l aa
tit	tit	tx i tx		spoken_nepali	google_ne_lr_2018	candidate_latin		google_phones=tt i tt
titanium	titanium	tx i . tx aa . n i . y ax m		spoken_nepali	google_ne_lr_2018	candidate_latin		google_phones=tt i . tt aa . n i . y ax m
titans	titans	tx aaj . tx ax n s		spoken_nepali	google_ne_lr_2018	candidate_latin		google_phones=tt aaj . tt ax n s
titanus	titanus	tx i . tx aa . n ax s		spoken_nepali	google_ne_lr_2018	candidate_latin		google_phones=tt i . tt aa . n ax s
titicaca	titicaca	tx i . tx i . k aa . k aa		spoken_nepali	google_ne_lr_2018	candidate_latin		google_phones=tt i . tt i . k aa . k aa
title	title	tx aaj . tx ax l		spoken_nepali	google_ne_lr_2018	candidate_latin		google_phones=tt aaj . tt ax l
tiz	tiz	tx i dz		spoken_nepali	google_ne_lr_2018	candidate_latin		google_phones=tt i jh
tjx	tjx	tx i . dz e . e k s		spoken_nepali	google_ne_lr_2018	candidate_latin		google_phones=tt i . jh e . e k s
toaster	toaster	tx o s . tx ax r		spoken_nepali	google_ne_lr_2018	candidate_latin		google_phones=tt o s . tt ax r
today	today	tx u . dx e		spoken_nepali	google_ne_lr_2018	candidate_latin		google_phones=tt u . dd e
todd	todd	tx o dx		spoken_nepali	google_ne_lr_2018	candidate_latin		google_phones=tt o dd
toddler	toddler	tx o dx . l ax r		spoken_nepali	google_ne_lr_2018	candidate_latin		google_phones=tt o dd . l ax r
toe	toe	tx oj		spoken_nepali	google_ne_lr_2018	candidate_latin		google_phones=tt oj
tokha	tokha	tx o . kh aa		spoken_nepali	google_ne_lr_2018	candidate_latin		google_phones=tt o . kh aa
tolerance	tolerance	tx o . l e . r e n s		spoken_nepali	google_ne_lr_2018	candidate_latin		google_phones=tt o . l e . r e n s
tomorrow	tomorrow	tx u . m o . r o		spoken_nepali	google_ne_lr_2018	candidate_latin		google_phones=tt u . m o . r o
tone	tone	tx o n		spoken_nepali	google_ne_lr_2018	candidate_latin		google_phones=tt o n
tool	tool	tx u l		spoken_nepali	google_ne_lr_2018	candidate_latin		google_phones=tt u l
toolkit	toolkit	tx u l . k i tx		spoken_nepali	google_ne_lr_2018	candidate_latin		google_phones=tt u l . k i tt
tools	tools	tx u l s		spoken_nepali	google_ne_lr_2018	candidate_latin		google_phones=tt u l s
tooth	tooth	tx u th		spoken_nepali	google_ne_lr_2018	candidate_latin		google_phones=tt u th
toothbrush	toothbrush	tx u th . b r ax s		spoken_nepali	google_ne_lr_2018	candidate_latin		google_phones=tt u th . b r ax s
toothpaste	toothpaste	tx u th . p e s tx		spoken_nepali	google_ne_lr_2018	candidate_latin		google_phones=tt u th . p e s tt
top	top	tx ax p		spoken_nepali	google_ne_lr_2018	candidate_latin		google_phones=tt ax p
topiramate	topiramate	tx o . p i . r aa . m e tx		spoken_nepali	google_ne_lr_2018	candidate_latin		google_phones=tt o . p i . r aa . m e tt
torch	torch	tx ax r ts		spoken_nepali	google_ne_lr_2018	candidate_latin		google_phones=tt ax r ts
tortoise	tortoise	tx ax r . tx oj dz		spoken_nepali	google_ne_lr_2018	candidate_latin		google_phones=tt ax r . tt oj jh
torture	torture	tx ax r . ts ax r		spoken_nepali	google_ne_lr_2018	candidate_latin		google_phones=tt ax r . ts ax r
touchpad	touchpad	tx ax ts . p y aa dx		spoken_nepali	google_ne_lr_2018	candidate_latin		google_phones=tt ax ts . p y aa dd
touring	touring	tx u . r i ng		spoken_nepali	google_ne_lr_2018	candidate_latin		google_phones=tt u . r i ng
tourism	tourism	tx u . r i . dz ax m		spoken_nepali	google_ne_lr_2018	candidate_latin		google_phones=tt u . r i . jh ax m
tournament	tournament	tx u r . n aa . m e n tx		spoken_nepali	google_ne_lr_2018	candidate_latin		google_phones=tt u r . n aa . m e n tt
towel	towel	tx aa . w e l		spoken_nepali	google_ne_lr_2018	candidate_latin		google_phones=tt aa . w e l
tower	tower	tx aa . w ax r		spoken_nepali	google_ne_lr_2018	candidate_latin		google_phones=tt aa . w ax r
town	town	tx aaw n		spoken_nepali	google_ne_lr_2018	candidate_latin		google_phones=tt aaw n
townhouse	townhouse	tx aaw n . h aaw s		spoken_nepali	google_ne_lr_2018	candidate_latin		google_phones=tt aaw n . h aaw s
toy	toy	tx oj		spoken_nepali	google_ne_lr_2018	candidate_latin		google_phones=tt oj
toyota	toyota	tx o . y o . tx aa		spoken_nepali	google_ne_lr_2018	candidate_latin		google_phones=tt o . y o . tt aa
track	track	tx r y aa k		spoken_nepali	google_ne_lr_2018	candidate_latin		google_phones=tt r y aa k
tracks	tracks	tx r y aa k s		spoken_nepali	google_ne_lr_2018	candidate_latin		google_phones=tt r y aa k s
tract	tract	tx r y aa k tx		spoken_nepali	google_ne_lr_2018	candidate_latin		google_phones=tt r y aa k tt
tractor	tractor	tx r y aa k . tx ax r		spoken_nepali	google_ne_lr_2018	candidate_latin		google_phones=tt r y aa k . tt ax r
trade	trade	tx r e dx		spoken_nepali	google_ne_lr_2018	candidate_latin		google_phones=tt r e dd
tradesman	tradesman	tx r e dx s . m y aa n		spoken_nepali	google_ne_lr_2018	candidate_latin		google_phones=tt r e dd s . m y aa n
traffic	traffic	tx r aa . ph i k		spoken_nepali	google_ne_lr_2018	candidate_latin		google_phones=tt r aa . ph i k
trafficking	trafficking	tx r aa . ph i . k i ng		spoken_nepali	google_ne_lr_2018	candidate_latin		google_phones=tt r aa . ph i . k i ng
trafford	trafford	tx r y aa . ph o r dx		spoken_nepali	google_ne_lr_2018	candidate_latin		google_phones=tt r y aa . ph o r dd
training	training	tx r e . n i ng		spoken_nepali	google_ne_lr_2018	candidate_latin		google_phones=tt r e . n i ng
trainwreck	trainwreck	tx r e n . r e k		spoken_nepali	google_ne_lr_2018	candidate_latin		google_phones=tt r e n . r e k
transaction	transaction	tx r aa n . dz e k . s ax n		spoken_nepali	google_ne_lr_2018	candidate_latin		google_phones=tt r aa n . jh e k . s ax n
transcription	transcription	tx r aa n s . k r i p . s ax n		spoken_nepali	google_ne_lr_2018	candidate_latin		google_phones=tt r aa n s . k r i p . s ax n
transfer	transfer	tx r aa n s . ph ax r		spoken_nepali	google_ne_lr_2018	candidate_latin		google_phones=tt r aa n s . ph ax r
transformation	transformation	tx r aa n s . ph ax r . m e . s ax n		spoken_nepali	google_ne_lr_2018	candidate_latin		google_phones=tt r aa n s . ph ax r . m e . s ax n
transformers	transformers	tx r aa n s . ph ax r . m ax r s		spoken_nepali	google_ne_lr_2018	candidate_latin		google_phones=tt r aa n s . ph ax r . m ax r s
transfusion	transfusion	tx r aa n s . ph y u . dz ax n		spoken_nepali	google_ne_lr_2018	candidate_latin		google_phones=tt r aa n s . ph y u . jh ax n
transgender	transgender	tx r aa n s . dz e n . dx ax r		spoken_nepali	google_ne_lr_2018	candidate_latin		google_phones=tt r aa n s . jh e n . dd ax r
transit	transit	tx r aa n . dz i tx		spoken_nepali	google_ne_lr_2018	candidate_latin		google_phones=tt r aa n . jh i tt
transitions	transitions	tx r aa n . dz i . s ax n s		spoken_nepali	google_ne_lr_2018	candidate_latin		google_phones=tt r aa n . jh i . s ax n s
translate	translate	tx r aa n s . l e tx		spoken_nepali	google_ne_lr_2018	candidate_latin		google_phones=tt r aa n s . l e tt
translation	translation	tx r aa n s . l e . s ax n		spoken_nepali	google_ne_lr_2018	candidate_latin		google_phones=tt r aa n s . l e . s ax n
translator	translator	tx r aa n s . l e . tx ax r		spoken_nepali	google_ne_lr_2018	candidate_latin		google_phones=tt r aa n s . l e . tt ax r
transmission	transmission	tx r aa n s . m i . s ax n		spoken_nepali	google_ne_lr_2018	candidate_latin		google_phones=tt r aa n s . m i . s ax n
transmittal	transmittal	tx r aa n s . m i . tx ax l		spoken_nepali	google_ne_lr_2018	candidate_latin		google_phones=tt r aa n s . m i . tt ax l
transmutation	transmutation	tx r aa n s . m y u . tx e . s ax n		spoken_nepali	google_ne_lr_2018	candidate_latin		google_phones=tt r aa n s . m y u . tt e . s ax n
transnational	transnational	tx r aa n s . n e s . n ax l		spoken_nepali	google_ne_lr_2018	candidate_latin		google_phones=tt r aa n s . n e s . n ax l
transpersonal	transpersonal	tx r aa n s . p ax r . s ax . n ax l		spoken_nepali	google_ne_lr_2018	candidate_latin		google_phones=tt r aa n s . p ax r . s ax . n ax l
transplant	transplant	tx r aa n s . p l aa n tx		spoken_nepali	google_ne_lr_2018	candidate_latin		google_phones=tt r aa n s . p l aa n tt
transplantation	transplantation	tx r aa n s . p l aa n . tx e . s ax n		spoken_nepali	google_ne_lr_2018	candidate_latin		google_phones=tt r aa n s . p l aa n . tt e . s ax n
transport	transport	tx r aa n s . p o r tx		spoken_nepali	google_ne_lr_2018	candidate_latin		google_phones=tt r aa n s . p o r tt
transpose	transpose	tx r aa n s . p o dz		spoken_nepali	google_ne_lr_2018	candidate_latin		google_phones=tt r aa n s . p o jh
trap	trap	tx r y aa p		spoken_nepali	google_ne_lr_2018	candidate_latin		google_phones=tt r y aa p
trapezoid	trapezoid	tx r y aa . p e . dz oj dx		spoken_nepali	google_ne_lr_2018	candidate_latin		google_phones=tt r y aa . p e . jh oj dd
trauma	trauma	tx r ax . m aa		spoken_nepali	google_ne_lr_2018	candidate_latin		google_phones=tt r ax . m aa
travel	travel	tx r aa . bh e l		spoken_nepali	google_ne_lr_2018	candidate_latin		google_phones=tt r aa . bh e l
travelcenters	travelcenters	tx r aa . bh ax l . s e n . tx ax r s		spoken_nepali	google_ne_lr_2018	candidate_latin		google_phones=tt r aa . bh ax l . s e n . tt ax r s
travelers	travelers	tx r y aa . bh ax . l ax r s		spoken_nepali	google_ne_lr_2018	candidate_latin		google_phones=tt r y aa . bh ax . l ax r s
tray	tray	tx r e		spoken_nepali	google_ne_lr_2018	candidate_latin		google_phones=tt r e
treasure	treasure	tx r e . dz ax r		spoken_nepali	google_ne_lr_2018	candidate_latin		google_phones=tt r e . jh ax r
treasurer	treasurer	tx r e . dz ax . r ax r		spoken_nepali	google_ne_lr_2018	candidate_latin		google_phones=tt r e . jh ax . r ax r
trial	trial	tx r aa . y ax l		spoken_nepali	google_ne_lr_2018	candidate_latin		google_phones=tt r aa . y ax l
triangle	triangle	t r aa ng . g ax l		spoken_nepali	google_ne_lr_2018	candidate_latin		google_phones=t r aa ng . g ax l
triangular	triangular	tx r y aa ng . g u . l ax r		spoken_nepali	google_ne_lr_2018	candidate_latin		google_phones=tt r y aa ng . g u . l ax r
triangulation	triangulation	tx r y aa ng . g u . l e . s ax n		spoken_nepali	google_ne_lr_2018	candidate_latin		google_phones=tt r y aa ng . g u . l e . s ax n
tribe	tribe	tx r aaj b		spoken_nepali	google_ne_lr_2018	candidate_latin		google_phones=tt r aaj b
tribhuvan	tribhuvan	t r i . bh u . b ax n		spoken_nepali	google_ne_lr_2018	candidate_latin		google_phones=t r i . bh u . b ax n
tribute	tribute	tx r i . b y u tx		spoken_nepali	google_ne_lr_2018	candidate_latin		google_phones=tt r i . b y u tt
trichocyst	trichocyst	tx r aaj . k o . s i s tx		spoken_nepali	google_ne_lr_2018	candidate_latin		google_phones=tt r aaj . k o . s i s tt
trick	trick	tx r i k		spoken_nepali	google_ne_lr_2018	candidate_latin		google_phones=tt r i k
tricks	tricks	tx r i k s		spoken_nepali	google_ne_lr_2018	candidate_latin		google_phones=tt r i k s
tricuspid	tricuspid	tx r aaj . k ax s . p i dx		spoken_nepali	google_ne_lr_2018	candidate_latin		google_phones=tt r aaj . k ax s . p i dd
tridev	tridev	t r i . d e b		spoken_nepali	google_ne_lr_2018	candidate_latin		google_phones=t r i . d e b
trigger	trigger	tx r i . g ax r		spoken_nepali	google_ne_lr_2018	candidate_latin		google_phones=tt r i . g ax r
trilateral	trilateral	t r aaj . l y aa . tx e . r ax l		spoken_nepali	google_ne_lr_2018	candidate_latin		google_phones=t r aaj . l y aa . tt e . r ax l
tripartite	tripartite	tx r aaj . p aa r . tx aaj tx		spoken_nepali	google_ne_lr_2018	candidate_latin		google_phones=tt r aaj . p aa r . tt aaj tt
triple	triple	tx r i . p ax l		spoken_nepali	google_ne_lr_2018	candidate_latin		google_phones=tt r i . p ax l
tripura	tripura	t r i . p u . r aa		spoken_nepali	google_ne_lr_2018	candidate_latin		google_phones=t r i . p u . r aa
trismus	trismus	tx r i s . m ax s		spoken_nepali	google_ne_lr_2018	candidate_latin		google_phones=tt r i s . m ax s
tron	tron	tx r o n		spoken_nepali	google_ne_lr_2018	candidate_latin		google_phones=tt r o n
troop	troop	tx r u p		spoken_nepali	google_ne_lr_2018	candidate_latin		google_phones=tt r u p
troopers	troopers	tx r u . p ax r s		spoken_nepali	google_ne_lr_2018	candidate_latin		google_phones=tt r u . p ax r s
tropicos	tropicos	tx r ax . p i . k o dz		spoken_nepali	google_ne_lr_2018	candidate_latin		google_phones=tt r ax . p i . k o jh
trouble	trouble	tx r ax . b ax l		spoken_nepali	google_ne_lr_2018	candidate_latin		google_phones=tt r ax . b ax l
troy	troy	tx r oj		spoken_nepali	google_ne_lr_2018	candidate_latin		google_phones=tt r oj
trust	trust	tx r ax s tx		spoken_nepali	google_ne_lr_2018	candidate_latin		google_phones=tt r ax s tt
truth	truth	tx r u th		spoken_nepali	google_ne_lr_2018	candidate_latin		google_phones=tt r u th
tube	tube	tx y u b		spoken_nepali	google_ne_lr_2018	candidate_latin		google_phones=tt y u b
tubeless	tubeless	tx y u b . l e s		spoken_nepali	google_ne_lr_2018	candidate_latin		google_phones=tt y u b . l e s
tuberculoma	tuberculoma	tx y u . b ax r . k y u . l o . m aa		spoken_nepali	google_ne_lr_2018	candidate_latin		google_phones=tt y u . b ax r . k y u . l o . m aa
tuberculosis	tuberculosis	tx y u . b ax r . k y u . l o . s i s		spoken_nepali	google_ne_lr_2018	candidate_latin		google_phones=tt y u . b ax r . k y u . l o . s i s
tulke	tulke	tx u l . k e		spoken_nepali	google_ne_lr_2018	candidate_latin		google_phones=tt u l . k e
tum	tum	t ax m		spoken_nepali	google_ne_lr_2018	candidate_latin		google_phones=t ax m
tumor	tumor	tx y u . m ax r		spoken_nepali	google_ne_lr_2018	candidate_latin		google_phones=tt y u . m ax r
tunbridge	tunbridge	tx ax n . b r i dz		spoken_nepali	google_ne_lr_2018	candidate_latin		google_phones=tt ax n . b r i jh
tune	tune	tx y u n		spoken_nepali	google_ne_lr_2018	candidate_latin		google_phones=tt y u n
tungsten	tungsten	tx u ng s . tx e n		spoken_nepali	google_ne_lr_2018	candidate_latin		google_phones=tt u ng s . tt e n
tunnel	tunnel	tx ax . n e l		spoken_nepali	google_ne_lr_2018	candidate_latin		google_phones=tt ax . n e l
tuple	tuple	tx u . p ax l		spoken_nepali	google_ne_lr_2018	candidate_latin		google_phones=tt u . p ax l
turbine	turbine	tx ax r . b aaj n		spoken_nepali	google_ne_lr_2018	candidate_latin		google_phones=tt ax r . b aaj n
turia	turia	tx u . r i . y aa		spoken_nepali	google_ne_lr_2018	candidate_latin		google_phones=tt u . r i . y aa
turner	turner	tx ax r . n ax r		spoken_nepali	google_ne_lr_2018	candidate_latin		google_phones=tt ax r . n ax r
tusk	tusk	tx ax s k		spoken_nepali	google_ne_lr_2018	candidate_latin		google_phones=tt ax s k
tutorial	tutorial	tx y u . tx o . r i . y ax l		spoken_nepali	google_ne_lr_2018	candidate_latin		google_phones=tt y u . tt o . r i . y ax l
tv	tv			spoken_nepali	google_ne_lr_2018	candidate_latin		google_phones=
tweeter	tweeter	tx w i . tx ax r		spoken_nepali	google_ne_lr_2018	candidate_latin		google_phones=tt w i . tt ax r
twentyfirst	twentyfirst	tx w e n . tx i . ph ax s tx		spoken_nepali	google_ne_lr_2018	candidate_latin		google_phones=tt w e n . tt i . ph ax s tt
twist	twist	tx w i s tx		spoken_nepali	google_ne_lr_2018	candidate_latin		google_phones=tt w i s tt
twitter	twitter	tx w i . tx ax r		spoken_nepali	google_ne_lr_2018	candidate_latin		google_phones=tt w i . tt ax r
tyler	tyler	tx e . l ax r		spoken_nepali	google_ne_lr_2018	candidate_latin		google_phones=tt e . l ax r
type	type	tx aaj p		spoken_nepali	google_ne_lr_2018	candidate_latin		google_phones=tt aaj p
types	types	tx aaj p s		spoken_nepali	google_ne_lr_2018	candidate_latin		google_phones=tt aaj p s
typing	typing	tx aaj . p i ng		spoken_nepali	google_ne_lr_2018	candidate_latin		google_phones=tt aaj . p i ng
tyson	tyson	tx aaj . s ax n		spoken_nepali	google_ne_lr_2018	candidate_latin		google_phones=tt aaj . s ax n
u	u	y u		spoken_nepali	google_ne_lr_2018	candidate_latin		google_phones=y u
udaan	udaan	u . dx aa n		spoken_nepali	google_ne_lr_2018	candidate_latin		google_phones=u . dd aa n
uday	uday	u . d ax . y ax		spoken_nepali	google_ne_lr_2018	candidate_latin		google_phones=u . d ax . y ax
ulcer	ulcer	ax l . s ax r		spoken_nepali	google_ne_lr_2018	candidate_latin		google_phones=ax l . s ax r
uma	uma	u . m aa		spoken_nepali	google_ne_lr_2018	candidate_latin		google_phones=u . m aa
umananda	umananda	u . m aa . n ax n . dx ax		spoken_nepali	google_ne_lr_2018	candidate_latin		google_phones=u . m aa . n ax n . dd ax
umbreon	umbreon	ax m . b r i . y ax n		spoken_nepali	google_ne_lr_2018	candidate_latin		google_phones=ax m . b r i . y ax n
umesh	umesh	u . m e s		spoken_nepali	google_ne_lr_2018	candidate_latin		google_phones=u . m e s
uncle	uncle	ax ng . k ax l		spoken_nepali	google_ne_lr_2018	candidate_latin		google_phones=ax ng . k ax l
understanding	understanding	ax n . dx ax r . s tx y aa n . dx i ng		spoken_nepali	google_ne_lr_2018	candidate_latin		google_phones=ax n . dd ax r . s tt y aa n . dd i ng
undertaker	undertaker	ax n . dx ax r . tx e . k ax r		spoken_nepali	google_ne_lr_2018	candidate_latin		google_phones=ax n . dd ax r . tt e . k ax r
underwater	underwater	ax n . dx ax r . w aa . tx ax r		spoken_nepali	google_ne_lr_2018	candidate_latin		google_phones=ax n . dd ax r . w aa . tt ax r
underworld	underworld	ax n . dx ax r . w ax r l dx		spoken_nepali	google_ne_lr_2018	candidate_latin		google_phones=ax n . dd ax r . w ax r l dd
union	union	y u . n i . y ax n		spoken_nepali	google_ne_lr_2018	candidate_latin		google_phones=y u . n i . y ax n
unique	unique	u . n i k		spoken_nepali	google_ne_lr_2018	candidate_latin		google_phones=u . n i k
unit	unit	y u . n i tx		spoken_nepali	google_ne_lr_2018	candidate_latin		google_phones=y u . n i tt
unitedhealth	unitedhealth	y u . n aaj . tx e dx . h e l th		spoken_nepali	google_ne_lr_2018	candidate_latin		google_phones=y u . n aaj . tt e dd . h e l th
univac	univac	u . n i . bh aa k		spoken_nepali	google_ne_lr_2018	candidate_latin		google_phones=u . n i . bh aa k
universal	universal	y u . n i . bh ax r . s ax l		spoken_nepali	google_ne_lr_2018	candidate_latin		google_phones=y u . n i . bh ax r . s ax l
universe	universe	y u . n i . bh ax r s		spoken_nepali	google_ne_lr_2018	candidate_latin		google_phones=y u . n i . bh ax r s
unknown	unknown	ax n . n o n		spoken_nepali	google_ne_lr_2018	candidate_latin		google_phones=ax n . n o n
unlocking	unlocking	ax n . l ax . k i ng		spoken_nepali	google_ne_lr_2018	candidate_latin		google_phones=ax n . l ax . k i ng
unplugged	unplugged	ax n . p l ax g dx		spoken_nepali	google_ne_lr_2018	candidate_latin		google_phones=ax n . p l ax g dd
unum	unum	y u . n ax m		spoken_nepali	google_ne_lr_2018	candidate_latin		google_phones=y u . n ax m
unveiled	unveiled	u n . bh e l dx		spoken_nepali	google_ne_lr_2018	candidate_latin		google_phones=u n . bh e l dd
upadhyay	upadhyay	u . p aa d . dh y aa . y ax		spoken_nepali	google_ne_lr_2018	candidate_latin		google_phones=u . p aa d . dh y aa . y ax
upadhyaya	upadhyaya	u . p aa dh . dh y aa . y ax		spoken_nepali	google_ne_lr_2018	candidate_latin		google_phones=u . p aa dh . dh y aa . y ax
upasana	upasana	u . p aa . s ax . n aa		spoken_nepali	google_ne_lr_2018	candidate_latin		google_phones=u . p aa . s ax . n aa
upazila	upazila	u . p aa . dz i . l aa		spoken_nepali	google_ne_lr_2018	candidate_latin		google_phones=u . p aa . jh i . l aa
update	update	ax p . dx e tx		spoken_nepali	google_ne_lr_2018	candidate_latin		google_phones=ax p . dd e tt
updater	updater	ax p . dx e . tx ax r		spoken_nepali	google_ne_lr_2018	candidate_latin		google_phones=ax p . dd e . tt ax r
updown	updown	ax p . dx aaw n		spoken_nepali	google_ne_lr_2018	candidate_latin		google_phones=ax p . dd aaw n
upendra	upendra	u . p e n . d r ax		spoken_nepali	google_ne_lr_2018	candidate_latin		google_phones=u . p e n . d r ax
uplink	uplink	ax p . l i ng k		spoken_nepali	google_ne_lr_2018	candidate_latin		google_phones=ax p . l i ng k
upper	upper	ax . p ax r		spoken_nepali	google_ne_lr_2018	candidate_latin		google_phones=ax . p ax r
uptodown	uptodown	ax p . tx u . dx aaw n		spoken_nepali	google_ne_lr_2018	candidate_latin		google_phones=ax p . tt u . dd aaw n
uranium	uranium	y u . r e . n i . y ax m		spoken_nepali	google_ne_lr_2018	candidate_latin		google_phones=y u . r e . n i . y ax m
urban	urban	ax r . b ax n		spoken_nepali	google_ne_lr_2018	candidate_latin		google_phones=ax r . b ax n
ureter	ureter	y u . r e . tx ax r		spoken_nepali	google_ne_lr_2018	candidate_latin		google_phones=y u . r e . tt ax r
urethra	urethra	u . r e th . th r aa		spoken_nepali	google_ne_lr_2018	candidate_latin		google_phones=u . r e th . th r aa
us	us	ax s		spoken_nepali	google_ne_lr_2018	candidate_latin		google_phones=ax s
use	use	y u dz		spoken_nepali	google_ne_lr_2018	candidate_latin		google_phones=y u jh
usgaonkar	usgaonkar	u s . g aaw n . k ax r		spoken_nepali	google_ne_lr_2018	candidate_latin		google_phones=u s . g aaw n . k ax r
ustad	ustad	u s . t aa d		spoken_nepali	google_ne_lr_2018	candidate_latin		google_phones=u s . t aa d
utilities	utilities	y u . tx i . l i . tx i dz		spoken_nepali	google_ne_lr_2018	candidate_latin		google_phones=y u . tt i . l i . tt i jh
uttama	uttama	u t . t ax m		spoken_nepali	google_ne_lr_2018	candidate_latin		google_phones=u t . t ax m
uttar	uttar	u t . t ax r		spoken_nepali	google_ne_lr_2018	candidate_latin		google_phones=u t . t ax r
v	v	bh i		spoken_nepali	google_ne_lr_2018	candidate_latin		google_phones=bh i
vacation	vacation	bh y aa . k e . s ax n		spoken_nepali	google_ne_lr_2018	candidate_latin		google_phones=bh y aa . k e . s ax n
vaccine	vaccine	bh y aa k . s i n		spoken_nepali	google_ne_lr_2018	candidate_latin		google_phones=bh y aa k . s i n
vaginal	vaginal	bh e . dz aaj . n ax l		spoken_nepali	google_ne_lr_2018	candidate_latin		google_phones=bh e . jh aaj . n ax l
vaginitis	vaginitis	bh e . g i . n i . t i dz		spoken_nepali	google_ne_lr_2018	candidate_latin		google_phones=bh e . g i . n i . t i jh
vaginosis	vaginosis	bh e . dz i . n o . s i s		spoken_nepali	google_ne_lr_2018	candidate_latin		google_phones=bh e . jh i . n o . s i s
vaidya	vaidya	b axj d . d y ax		spoken_nepali	google_ne_lr_2018	candidate_latin		google_phones=b axj d . d y ax
vaikuntha	vaikuntha	b axj . k u n . th ax		spoken_nepali	google_ne_lr_2018	candidate_latin		google_phones=b axj . k u n . th ax
vaio	vaio	bh axj . y o		spoken_nepali	google_ne_lr_2018	candidate_latin		google_phones=bh axj . y o
vaisheshika	vaisheshika	b axj . s e . s i . k aa		spoken_nepali	google_ne_lr_2018	candidate_latin		google_phones=b axj . s e . s i . k aa
vajra	vajra	bh ax dz . dz r ax		spoken_nepali	google_ne_lr_2018	candidate_latin		google_phones=bh ax jh . jh r ax
valero	valero	bh aa . l e . r o		spoken_nepali	google_ne_lr_2018	candidate_latin		google_phones=bh aa . l e . r o
valve	valve	bh ax l bh		spoken_nepali	google_ne_lr_2018	candidate_latin		google_phones=bh ax l bh
van	van	bh y aa n		spoken_nepali	google_ne_lr_2018	candidate_latin		google_phones=bh y aa n
vanara	vanara	b aa . n ax . r ax		spoken_nepali	google_ne_lr_2018	candidate_latin		google_phones=b aa . n ax . r ax
vanguard	vanguard	bh y aa n . g aa r dx		spoken_nepali	google_ne_lr_2018	candidate_latin		google_phones=bh y aa n . g aa r dd
vanilla	vanilla	bh y aa . n i . l aa		spoken_nepali	google_ne_lr_2018	candidate_latin		google_phones=bh y aa . n i . l aa
varco	varco	bh ax r . k o		spoken_nepali	google_ne_lr_2018	candidate_latin		google_phones=bh ax r . k o
variable	variable	bh e . r i . y e . b ax l		spoken_nepali	google_ne_lr_2018	candidate_latin		google_phones=bh e . r i . y e . b ax l
varsha	varsha	b ax r . s aa		spoken_nepali	google_ne_lr_2018	candidate_latin		google_phones=b ax r . s aa
vashishtha	vashishtha	w ax . s i s . txh ax		spoken_nepali	google_ne_lr_2018	candidate_latin		google_phones=w ax . s i s . tth ax
vasudev	vasudev	b aa . s u . d e b		spoken_nepali	google_ne_lr_2018	candidate_latin		google_phones=b aa . s u . d e b
veda	veda	b e . d aa		spoken_nepali	google_ne_lr_2018	candidate_latin		google_phones=b e . d aa
vedder	vedder	bh e . dx ax r		spoken_nepali	google_ne_lr_2018	candidate_latin		google_phones=bh e . dd ax r
veera	veera	b i r		spoken_nepali	google_ne_lr_2018	candidate_latin		google_phones=b i r
vegas	vegas	bh e . g aa s		spoken_nepali	google_ne_lr_2018	candidate_latin		google_phones=bh e . g aa s
vegeta	vegeta	bh e . g e . tx y aa		spoken_nepali	google_ne_lr_2018	candidate_latin		google_phones=bh e . g e . tt y aa
vegetable	vegetable	bh e . g i . t e . b ax l		spoken_nepali	google_ne_lr_2018	candidate_latin		google_phones=bh e . g i . t e . b ax l
vegetation	vegetation	bh e . dz i . tx e . s ax n		spoken_nepali	google_ne_lr_2018	candidate_latin		google_phones=bh e . jh i . tt e . s ax n
vegetative	vegetative	bh e . g i . tx e . tx i bh		spoken_nepali	google_ne_lr_2018	candidate_latin		google_phones=bh e . g i . tt e . tt i bh
vehicle	vehicle	bh e . h i . k ax l		spoken_nepali	google_ne_lr_2018	candidate_latin		google_phones=bh e . h i . k ax l
velvet	velvet	bh e l . bh e tx		spoken_nepali	google_ne_lr_2018	candidate_latin		google_phones=bh e l . bh e tt
vena	vena	bh e . n aa		spoken_nepali	google_ne_lr_2018	candidate_latin		google_phones=bh e . n aa
vengeance	vengeance	bh e n . g i n s		spoken_nepali	google_ne_lr_2018	candidate_latin		google_phones=bh e n . g i n s
venkateswara	venkateswara	b e ng . k ax . tx e s . s w ax r		spoken_nepali	google_ne_lr_2018	candidate_latin		google_phones=b e ng . k ax . tt e s . s w ax r
ventricular	ventricular	bh e n . tx r i . k u . l ax r		spoken_nepali	google_ne_lr_2018	candidate_latin		google_phones=bh e n . tt r i . k u . l ax r
venus	venus	bh e . n ax s		spoken_nepali	google_ne_lr_2018	candidate_latin		google_phones=bh e . n ax s
verb	verb	bh ax r b		spoken_nepali	google_ne_lr_2018	candidate_latin		google_phones=bh ax r b
verbs	verbs	bh ax r b s		spoken_nepali	google_ne_lr_2018	candidate_latin		google_phones=bh ax r b s
verification	verification	bh e . r i . ph i . k e . s ax n		spoken_nepali	google_ne_lr_2018	candidate_latin		google_phones=bh e . r i . ph i . k e . s ax n
verizon	verizon	bh e . r i . dz o n		spoken_nepali	google_ne_lr_2018	candidate_latin		google_phones=bh e . r i . jh o n
vernon	vernon	bh e r . n ax n		spoken_nepali	google_ne_lr_2018	candidate_latin		google_phones=bh e r . n ax n
version	version	bh ax r . s ax n		spoken_nepali	google_ne_lr_2018	candidate_latin		google_phones=bh ax r . s ax n
vertebra	vertebra	bh ax r . tx e b . b r aa		spoken_nepali	google_ne_lr_2018	candidate_latin		google_phones=bh ax r . tt e b . b r aa
vertebral	vertebral	bh ax r . tx i . b r ax l		spoken_nepali	google_ne_lr_2018	candidate_latin		google_phones=bh ax r . tt i . b r ax l
vertex	vertex	bh ax r . tx e k s		spoken_nepali	google_ne_lr_2018	candidate_latin		google_phones=bh ax r . tt e k s
vertical	vertical	bh ax r . tx i . k ax l		spoken_nepali	google_ne_lr_2018	candidate_latin		google_phones=bh ax r . tt i . k ax l
vest	vest	bh e s tx		spoken_nepali	google_ne_lr_2018	candidate_latin		google_phones=bh e s tt
via	via	bh aa . y aa		spoken_nepali	google_ne_lr_2018	candidate_latin		google_phones=bh aa . y aa
viacom	viacom	bh y aa . k ax m		spoken_nepali	google_ne_lr_2018	candidate_latin		google_phones=bh y aa . k ax m
vibhav	vibhav	b i . bh ax b		spoken_nepali	google_ne_lr_2018	candidate_latin		google_phones=b i . bh ax b
vibration	vibration	bh aaj . b r e . s ax n		spoken_nepali	google_ne_lr_2018	candidate_latin		google_phones=bh aaj . b r e . s ax n
vibrio	vibrio	bh i b . b r i . y o		spoken_nepali	google_ne_lr_2018	candidate_latin		google_phones=bh i b . b r i . y o
vice	vice	bh aaj s		spoken_nepali	google_ne_lr_2018	candidate_latin		google_phones=bh aaj s
victims	victims	bh i k . tx i m s		spoken_nepali	google_ne_lr_2018	candidate_latin		google_phones=bh i k . tt i m s
victoria	victoria	bh i k . tx o . r i . y aa		spoken_nepali	google_ne_lr_2018	candidate_latin		google_phones=bh i k . tt o . r i . y aa
video	video	bh i . dx i . y o		spoken_nepali	google_ne_lr_2018	candidate_latin		google_phones=bh i . dd i . y o
videostream	videostream	bh i . dx i . y o . s tx r i m		spoken_nepali	google_ne_lr_2018	candidate_latin		google_phones=bh i . dd i . y o . s tt r i m
videotape	videotape	bh i . dx i . y o . tx e p		spoken_nepali	google_ne_lr_2018	candidate_latin		google_phones=bh i . dd i . y o . tt e p
vider	vider	bh aaj . dx ax r		spoken_nepali	google_ne_lr_2018	candidate_latin		google_phones=bh aaj . dd ax r
vidor	vidor	bh i . dx o r		spoken_nepali	google_ne_lr_2018	candidate_latin		google_phones=bh i . dd o r
vidya	vidya	b i d . d y aa		spoken_nepali	google_ne_lr_2018	candidate_latin		google_phones=b i d . d y aa
vietnam	vietnam	bh i . y ax t . n aa m		spoken_nepali	google_ne_lr_2018	candidate_latin		google_phones=bh i . y ax t . n aa m
views	views	bh y u dz		spoken_nepali	google_ne_lr_2018	candidate_latin		google_phones=bh y u jh
vijay	vijay	b i . dz ax . y ax		spoken_nepali	google_ne_lr_2018	candidate_latin		google_phones=b i . jh ax . y ax
vijaya	vijaya	b i . dz ax . y aa		spoken_nepali	google_ne_lr_2018	candidate_latin		google_phones=b i . jh ax . y aa
vijayendra	vijayendra	b i . dz ax . y e n . d r ax		spoken_nepali	google_ne_lr_2018	candidate_latin		google_phones=b i . jh ax . y e n . d r ax
vijender	vijender	b i . dz e n . dx ax r		spoken_nepali	google_ne_lr_2018	candidate_latin		google_phones=b i . jh e n . dd ax r
vikings	vikings	bh aaj . k i ng		spoken_nepali	google_ne_lr_2018	candidate_latin		google_phones=bh aaj . k i ng
vikram	vikram	b i k . k r ax m		spoken_nepali	google_ne_lr_2018	candidate_latin		google_phones=b i k . k r ax m
villa	villa	bh i l . l aa		spoken_nepali	google_ne_lr_2018	candidate_latin		google_phones=bh i l . l aa
village	village	bh i . l e dz		spoken_nepali	google_ne_lr_2018	candidate_latin		google_phones=bh i . l e jh
villagers	villagers	bh i . l e . dz ax r s		spoken_nepali	google_ne_lr_2018	candidate_latin		google_phones=bh i . l e . jh ax r s
villain	villain	bh i . l e n		spoken_nepali	google_ne_lr_2018	candidate_latin		google_phones=bh i . l e n
vin	vin	bh i n		spoken_nepali	google_ne_lr_2018	candidate_latin		google_phones=bh i n
vinayak	vinayak	b i . n aa . y ax k		spoken_nepali	google_ne_lr_2018	candidate_latin		google_phones=b i . n aa . y ax k
vinita	vinita	b i . n i . t aa		spoken_nepali	google_ne_lr_2018	candidate_latin		google_phones=b i . n i . t aa
vinod	vinod	b i . n o d		spoken_nepali	google_ne_lr_2018	candidate_latin		google_phones=b i . n o d
vinyl	vinyl	bh i . n aaj l		spoken_nepali	google_ne_lr_2018	candidate_latin		google_phones=bh i . n aaj l
violet	violet	bh w aaj . l e tx		spoken_nepali	google_ne_lr_2018	candidate_latin		google_phones=bh w aaj . l e tt
virgin	virgin	bh ax r . dz i n		spoken_nepali	google_ne_lr_2018	candidate_latin		google_phones=bh ax r . jh i n
virus	virus	bh aaj . r ax s		spoken_nepali	google_ne_lr_2018	candidate_latin		google_phones=bh aaj . r ax s
visa	visa	bh i . s aa		spoken_nepali	google_ne_lr_2018	candidate_latin		google_phones=bh i . s aa
visakhapatnam	visakhapatnam	b i . s aa . kh aa . p ax . tx ax . n ax m		spoken_nepali	google_ne_lr_2018	candidate_latin		google_phones=b i . s aa . kh aa . p ax . tt ax . n ax m
viscount	viscount	bh i s . k aaw n tx		spoken_nepali	google_ne_lr_2018	candidate_latin		google_phones=bh i s . k aaw n tt
vishal	vishal	b i . s aa l		spoken_nepali	google_ne_lr_2018	candidate_latin		google_phones=b i . s aa l
vishuddha	vishuddha	b i . s u d . dh ax		spoken_nepali	google_ne_lr_2018	candidate_latin		google_phones=b i . s u d . dh ax
vishvamitra	vishvamitra	b i s . s w aa . m i t . t r ax		spoken_nepali	google_ne_lr_2018	candidate_latin		google_phones=b i s . s w aa . m i t . t r ax
vishwa	vishwa	w i s . s w ax		spoken_nepali	google_ne_lr_2018	candidate_latin		google_phones=w i s . s w ax
vishwatma	vishwatma	b i s . s w aa t . m aa		spoken_nepali	google_ne_lr_2018	candidate_latin		google_phones=b i s . s w aa t . m aa
vishwavidyalaya	vishwavidyalaya	b i s . s w ax . b i d . d y aa . l ax . y ax		spoken_nepali	google_ne_lr_2018	candidate_latin		google_phones=b i s . s w ax . b i d . d y aa . l ax . y ax
vision	vision	bh i . dz ax n		spoken_nepali	google_ne_lr_2018	candidate_latin		google_phones=bh i . jh ax n
visiting	visiting	bh i . dz i . tx i ng		spoken_nepali	google_ne_lr_2018	candidate_latin		google_phones=bh i . jh i . tt i ng
visteon	visteon	bh i s . tx e n		spoken_nepali	google_ne_lr_2018	candidate_latin		google_phones=bh i s . tt e n
visual	visual	bh i . dz u . y ax l		spoken_nepali	google_ne_lr_2018	candidate_latin		google_phones=bh i . jh u . y ax l
viswanathan	viswanathan	b i s . s w ax . n aa . th ax n		spoken_nepali	google_ne_lr_2018	candidate_latin		google_phones=b i s . s w ax . n aa . th ax n
viswavidyalaya	viswavidyalaya	b i s . s w ax . b i d . d y aa . l ax . y ax		spoken_nepali	google_ne_lr_2018	candidate_latin		google_phones=b i s . s w ax . b i d . d y aa . l ax . y ax
vitamin	vitamin	bh i . tx aa . m i n		spoken_nepali	google_ne_lr_2018	candidate_latin		google_phones=bh i . tt aa . m i n
vixen	vixen	bh i k . s e n		spoken_nepali	google_ne_lr_2018	candidate_latin		google_phones=bh i k . s e n
vocational	vocational	bh o . k e . s ax . n ax l		spoken_nepali	google_ne_lr_2018	candidate_latin		google_phones=bh o . k e . s ax . n ax l
vodka	vodka	bh o dx . k aa		spoken_nepali	google_ne_lr_2018	candidate_latin		google_phones=bh o dd . k aa
vogue	vogue	bh o g		spoken_nepali	google_ne_lr_2018	candidate_latin		google_phones=bh o g
vohra	vohra	bh o h . r aa		spoken_nepali	google_ne_lr_2018	candidate_latin		google_phones=bh o h . r aa
voice	voice	bh oj s		spoken_nepali	google_ne_lr_2018	candidate_latin		google_phones=bh oj s
voicemail	voicemail	bh oj s . m e l		spoken_nepali	google_ne_lr_2018	candidate_latin		google_phones=bh oj s . m e l
volkswagen	volkswagen	bh o k . s w aa . g ax n		spoken_nepali	google_ne_lr_2018	candidate_latin		google_phones=bh o k . s w aa . g ax n
volleyball	volleyball	bh ax . l i . b ax l		spoken_nepali	google_ne_lr_2018	candidate_latin		google_phones=bh ax . l i . b ax l
voltage	voltage	bh o l . tx e dz		spoken_nepali	google_ne_lr_2018	candidate_latin		google_phones=bh o l . tt e jh
volumes	volumes	bh o . l y u m s		spoken_nepali	google_ne_lr_2018	candidate_latin		google_phones=bh o . l y u m s
volvulus	volvulus	bh o l . bh u . l ax s		spoken_nepali	google_ne_lr_2018	candidate_latin		google_phones=bh o l . bh u . l ax s
vonage	vonage	bh o . n e dz		spoken_nepali	google_ne_lr_2018	candidate_latin		google_phones=bh o . n e jh
vowels	vowels	bh aa . w e l s		spoken_nepali	google_ne_lr_2018	candidate_latin		google_phones=bh aa . w e l s
vrindavan	vrindavan	b r i n . d aa . w ax n		spoken_nepali	google_ne_lr_2018	candidate_latin		google_phones=b r i n . d aa . w ax n
vulture	vulture	bh ax l . ts ax r		spoken_nepali	google_ne_lr_2018	candidate_latin		google_phones=bh ax l . ts ax r
vulvar	vulvar	bh ax l . bh ax r		spoken_nepali	google_ne_lr_2018	candidate_latin		google_phones=bh ax l . bh ax r
vyasa	vyasa	b y aa . s ax		spoken_nepali	google_ne_lr_2018	candidate_latin		google_phones=b y aa . s ax
w	w	dx ax . b l u		spoken_nepali	google_ne_lr_2018	candidate_latin		google_phones=dd ax . b l u
wadhwa	wadhwa	w aa dh . w aa		spoken_nepali	google_ne_lr_2018	candidate_latin		google_phones=w aa dh . w aa
waffle	waffle	w aa . ph ax l		spoken_nepali	google_ne_lr_2018	candidate_latin		google_phones=w aa . ph ax l
wage	wage	w e dz		spoken_nepali	google_ne_lr_2018	candidate_latin		google_phones=w e jh
wagle	wagle	w aa g . g l e		spoken_nepali	google_ne_lr_2018	candidate_latin		google_phones=w aa g . g l e
waking	waking	w aa . k i ng		spoken_nepali	google_ne_lr_2018	candidate_latin		google_phones=w aa . k i ng
walgreen	walgreen	w aa l . g r i n		spoken_nepali	google_ne_lr_2018	candidate_latin		google_phones=w aa l . g r i n
walker	walker	w aa . k ax r		spoken_nepali	google_ne_lr_2018	candidate_latin		google_phones=w aa . k ax r
wall	wall	w aa l		spoken_nepali	google_ne_lr_2018	candidate_latin		google_phones=w aa l
wallichiana	wallichiana	w aa . l i . ts i . y aa . n aa		spoken_nepali	google_ne_lr_2018	candidate_latin		google_phones=w aa . l i . ts i . y aa . n aa
wallpaper	wallpaper	w aa l . p e . p ax r		spoken_nepali	google_ne_lr_2018	candidate_latin		google_phones=w aa l . p e . p ax r
walmart	walmart	w aa l . m aa r tx		spoken_nepali	google_ne_lr_2018	candidate_latin		google_phones=w aa l . m aa r tt
walsh	walsh	w e l s		spoken_nepali	google_ne_lr_2018	candidate_latin		google_phones=w e l s
walt	walt	w aa l tx		spoken_nepali	google_ne_lr_2018	candidate_latin		google_phones=w aa l tt
wampserver	wampserver	w aa m p . s ax r . bh ax r		spoken_nepali	google_ne_lr_2018	candidate_latin		google_phones=w aa m p . s ax r . bh ax r
want	want	w aa n tx		spoken_nepali	google_ne_lr_2018	candidate_latin		google_phones=w aa n tt
wanted	wanted	w aa n . tx e dx		spoken_nepali	google_ne_lr_2018	candidate_latin		google_phones=w aa n . tt e dd
war	war	w aa r		spoken_nepali	google_ne_lr_2018	candidate_latin		google_phones=w aa r
warehouse	warehouse	w e r . h aaw s		spoken_nepali	google_ne_lr_2018	candidate_latin		google_phones=w e r . h aaw s
warfare	warfare	w aa r . ph e . ax r		spoken_nepali	google_ne_lr_2018	candidate_latin		google_phones=w aa r . ph e . ax r
warner	warner	w aa r . n ax r		spoken_nepali	google_ne_lr_2018	candidate_latin		google_phones=w aa r . n ax r
warning	warning	w aa r . n i ng		spoken_nepali	google_ne_lr_2018	candidate_latin		google_phones=w aa r . n i ng
warrant	warrant	w ax . r ax n tx		spoken_nepali	google_ne_lr_2018	candidate_latin		google_phones=w ax . r ax n tt
warren	warren	w aa . r e n		spoken_nepali	google_ne_lr_2018	candidate_latin		google_phones=w aa . r e n
warrior	warrior	w aa . r i . y ax r		spoken_nepali	google_ne_lr_2018	candidate_latin		google_phones=w aa . r i . y ax r
washing	washing	w aa . s i ng		spoken_nepali	google_ne_lr_2018	candidate_latin		google_phones=w aa . s i ng
washington	washington	w ax . s i ng . tx ax n		spoken_nepali	google_ne_lr_2018	candidate_latin		google_phones=w ax . s i ng . tt ax n
wasp	wasp	w aa s p		spoken_nepali	google_ne_lr_2018	candidate_latin		google_phones=w aa s p
waste	waste	w e s tx		spoken_nepali	google_ne_lr_2018	candidate_latin		google_phones=w e s tt
wasted	wasted	w e s . tx i dx		spoken_nepali	google_ne_lr_2018	candidate_latin		google_phones=w e s . tt i dd
wasting	wasting	w e s . tx i ng		spoken_nepali	google_ne_lr_2018	candidate_latin		google_phones=w e s . tt i ng
wat	wat	w aa tx		spoken_nepali	google_ne_lr_2018	candidate_latin		google_phones=w aa tt
watch	watch	w aa ts		spoken_nepali	google_ne_lr_2018	candidate_latin		google_phones=w aa ts
watchtower	watchtower	w aa ts . tx aa . w ax r		spoken_nepali	google_ne_lr_2018	candidate_latin		google_phones=w aa ts . tt aa . w ax r
water	water	w aa . tx ax r		spoken_nepali	google_ne_lr_2018	candidate_latin		google_phones=w aa . tt ax r
watermill	watermill	w aa . tx ax r . m i l		spoken_nepali	google_ne_lr_2018	candidate_latin		google_phones=w aa . tt ax r . m i l
watson	watson	w aa tx . s ax n		spoken_nepali	google_ne_lr_2018	candidate_latin		google_phones=w aa tt . s ax n
watts	watts	w aa tx s		spoken_nepali	google_ne_lr_2018	candidate_latin		google_phones=w aa tt s
wave	wave	w e bh		spoken_nepali	google_ne_lr_2018	candidate_latin		google_phones=w e bh
waves	waves	w e bh s		spoken_nepali	google_ne_lr_2018	candidate_latin		google_phones=w e bh s
waxing	waxing	w aa k . s i ng		spoken_nepali	google_ne_lr_2018	candidate_latin		google_phones=w aa k . s i ng
wayne	wayne	w e n		spoken_nepali	google_ne_lr_2018	candidate_latin		google_phones=w e n
weakness	weakness	w i k . n e s		spoken_nepali	google_ne_lr_2018	candidate_latin		google_phones=w i k . n e s
wealth	wealth	w e l th		spoken_nepali	google_ne_lr_2018	candidate_latin		google_phones=w e l th
weather	weather	w e . d ax r		spoken_nepali	google_ne_lr_2018	candidate_latin		google_phones=w e . d ax r
weathered	weathered	w e . d ax r dx		spoken_nepali	google_ne_lr_2018	candidate_latin		google_phones=w e . d ax r dd
web	web	w e b		spoken_nepali	google_ne_lr_2018	candidate_latin		google_phones=w e b
weber	weber	w e . b ax r		spoken_nepali	google_ne_lr_2018	candidate_latin		google_phones=w e . b ax r
webmail	webmail	w e b . m e l		spoken_nepali	google_ne_lr_2018	candidate_latin		google_phones=w e b . m e l
webmaster	webmaster	w e b . m aa s . tx ax r		spoken_nepali	google_ne_lr_2018	candidate_latin		google_phones=w e b . m aa s . tt ax r
week	week	w i k		spoken_nepali	google_ne_lr_2018	candidate_latin		google_phones=w i k
welding	welding	w e l . dx i ng		spoken_nepali	google_ne_lr_2018	candidate_latin		google_phones=w e l . dd i ng
welfare	welfare	w e l . ph e . y ax r		spoken_nepali	google_ne_lr_2018	candidate_latin		google_phones=w e l . ph e . y ax r
well	well	w e l		spoken_nepali	google_ne_lr_2018	candidate_latin		google_phones=w e l
wellcare	wellcare	w e l . k e . y ax r		spoken_nepali	google_ne_lr_2018	candidate_latin		google_phones=w e l . k e . y ax r
wells	wells	w e l s		spoken_nepali	google_ne_lr_2018	candidate_latin		google_phones=w e l s
wembley	wembley	w e m b . l e		spoken_nepali	google_ne_lr_2018	candidate_latin		google_phones=w e m b . l e
wenger	wenger	w e n . g ax r		spoken_nepali	google_ne_lr_2018	candidate_latin		google_phones=w e n . g ax r
wesco	wesco	w e s . k o		spoken_nepali	google_ne_lr_2018	candidate_latin		google_phones=w e s . k o
west	west	w e s tx		spoken_nepali	google_ne_lr_2018	candidate_latin		google_phones=w e s tt
western	western	w e s . tx ax r n		spoken_nepali	google_ne_lr_2018	candidate_latin		google_phones=w e s . tt ax r n
westfield	westfield	w e s tx . ph i l dx		spoken_nepali	google_ne_lr_2018	candidate_latin		google_phones=w e s tt . ph i l dd
whale	whale	w h e l		spoken_nepali	google_ne_lr_2018	candidate_latin		google_phones=w h e l
while	while	h w aaj l		spoken_nepali	google_ne_lr_2018	candidate_latin		google_phones=h w aaj l
whirlpool	whirlpool	h w i r l . p u l		spoken_nepali	google_ne_lr_2018	candidate_latin		google_phones=h w i r l . p u l
whispers	whispers	w h i s . p ax r s		spoken_nepali	google_ne_lr_2018	candidate_latin		google_phones=w h i s . p ax r s
white	white	h w aaj tx		spoken_nepali	google_ne_lr_2018	candidate_latin		google_phones=h w aaj tt
whitelist	whitelist	h w aaj tx . l i s tx		spoken_nepali	google_ne_lr_2018	candidate_latin		google_phones=h w aaj tt . l i s tt
whole	whole	h o l		spoken_nepali	google_ne_lr_2018	candidate_latin		google_phones=h o l
wholesale	wholesale	h o l . s e l		spoken_nepali	google_ne_lr_2018	candidate_latin		google_phones=h o l . s e l
why	why	h w aaj		spoken_nepali	google_ne_lr_2018	candidate_latin		google_phones=h w aaj
widget	widget	w i . dz i tx		spoken_nepali	google_ne_lr_2018	candidate_latin		google_phones=w i . jh i tt
widow	widow	w i . dx o		spoken_nepali	google_ne_lr_2018	candidate_latin		google_phones=w i . dd o
wiggle	wiggle	w i . g ax l		spoken_nepali	google_ne_lr_2018	candidate_latin		google_phones=w i . g ax l
wikibooks	wikibooks	w i . k i . b u k s		spoken_nepali	google_ne_lr_2018	candidate_latin		google_phones=w i . k i . b u k s
wikimedia	wikimedia	w i . k i . m i . dx i . y aa		spoken_nepali	google_ne_lr_2018	candidate_latin		google_phones=w i . k i . m i . dd i . y aa
wikipedia	wikipedia	w i . k i . p i . dx i . y aa		spoken_nepali	google_ne_lr_2018	candidate_latin		google_phones=w i . k i . p i . dd i . y aa
wild	wild	w aaj l dx		spoken_nepali	google_ne_lr_2018	candidate_latin		google_phones=w aaj l dd
wildcat	wildcat	w aaj l dx . k y aa tx		spoken_nepali	google_ne_lr_2018	candidate_latin		google_phones=w aaj l dd . k y aa tt
wildest	wildest	w aaj l . dx e s tx		spoken_nepali	google_ne_lr_2018	candidate_latin		google_phones=w aaj l . dd e s tt
wildfly	wildfly	w i l dx . ph l aaj		spoken_nepali	google_ne_lr_2018	candidate_latin		google_phones=w i l dd . ph l aaj
wildlife	wildlife	w aaj l dx . l aaj ph		spoken_nepali	google_ne_lr_2018	candidate_latin		google_phones=w aaj l dd . l aaj ph
will	will	w i l		spoken_nepali	google_ne_lr_2018	candidate_latin		google_phones=w i l
william	william	w i . l i . y ax m		spoken_nepali	google_ne_lr_2018	candidate_latin		google_phones=w i . l i . y ax m
williams	williams	w i . l i . y ax m s		spoken_nepali	google_ne_lr_2018	candidate_latin		google_phones=w i . l i . y ax m s
willow	willow	w i . l o		spoken_nepali	google_ne_lr_2018	candidate_latin		google_phones=w i . l o
wilmington	wilmington	w i l . m i ng . tx ax n		spoken_nepali	google_ne_lr_2018	candidate_latin		google_phones=w i l . m i ng . tt ax n
wilson	wilson	w i l . s o n		spoken_nepali	google_ne_lr_2018	candidate_latin		google_phones=w i l . s o n
wimbledon	wimbledon	w i m . b ax l . dx ax n		spoken_nepali	google_ne_lr_2018	candidate_latin		google_phones=w i m . b ax l . dd ax n
wind	wind	w i n dx		spoken_nepali	google_ne_lr_2018	candidate_latin		google_phones=w i n dd
window	window	w i n . dx o		spoken_nepali	google_ne_lr_2018	candidate_latin		google_phones=w i n . dd o
windows	windows	w i n . dx o dz		spoken_nepali	google_ne_lr_2018	candidate_latin		google_phones=w i n . dd o jh
windstream	windstream	w i n dx . s tx r i m		spoken_nepali	google_ne_lr_2018	candidate_latin		google_phones=w i n dd . s tt r i m
wine	wine	w aaj n		spoken_nepali	google_ne_lr_2018	candidate_latin		google_phones=w aaj n
winemaking	winemaking	w aaj n . m e . k i ng		spoken_nepali	google_ne_lr_2018	candidate_latin		google_phones=w aaj n . m e . k i ng
wing	wing	w i ng		spoken_nepali	google_ne_lr_2018	candidate_latin		google_phones=w i ng
wings	wings	w i ng s		spoken_nepali	google_ne_lr_2018	candidate_latin		google_phones=w i ng s
winter	winter	w i n . tx ax r		spoken_nepali	google_ne_lr_2018	candidate_latin		google_phones=w i n . tt ax r
wipers	wipers	w aaj . p ax r s		spoken_nepali	google_ne_lr_2018	candidate_latin		google_phones=w aaj . p ax r s
wireless	wireless	w aa . y ax r . l e s		spoken_nepali	google_ne_lr_2018	candidate_latin		google_phones=w aa . y ax r . l e s
wise	wise	w aaj dz		spoken_nepali	google_ne_lr_2018	candidate_latin		google_phones=w aaj jh
with	with	w i th		spoken_nepali	google_ne_lr_2018	candidate_latin		google_phones=w i th
withdrawal	withdrawal	w i th . d r ax . w ax l		spoken_nepali	google_ne_lr_2018	candidate_latin		google_phones=w i th . d r ax . w ax l
without	without	w i d . d aaw tx		spoken_nepali	google_ne_lr_2018	candidate_latin		google_phones=w i d . d aaw tt
witness	witness	w i tx . n e s		spoken_nepali	google_ne_lr_2018	candidate_latin		google_phones=w i tt . n e s
woh	woh	w o		spoken_nepali	google_ne_lr_2018	candidate_latin		google_phones=w o
woman	woman	w u . m ax n		spoken_nepali	google_ne_lr_2018	candidate_latin		google_phones=w u . m ax n
womb	womb	w u m		spoken_nepali	google_ne_lr_2018	candidate_latin		google_phones=w u m
wood	wood	u dx		spoken_nepali	google_ne_lr_2018	candidate_latin		google_phones=u dd
woodpecker	woodpecker	u dx . p e . k ax r		spoken_nepali	google_ne_lr_2018	candidate_latin		google_phones=u dd . p e . k ax r
worah	worah	w o . r aa		spoken_nepali	google_ne_lr_2018	candidate_latin		google_phones=w o . r aa
word	word	w ax r dx		spoken_nepali	google_ne_lr_2018	candidate_latin		google_phones=w ax r dd
work	work	w ax r k		spoken_nepali	google_ne_lr_2018	candidate_latin		google_phones=w ax r k
works	works	w ax r k s		spoken_nepali	google_ne_lr_2018	candidate_latin		google_phones=w ax r k s
workshop	workshop	w ax r k . s ax p		spoken_nepali	google_ne_lr_2018	candidate_latin		google_phones=w ax r k . s ax p
world	world	w ax r l dx		spoken_nepali	google_ne_lr_2018	candidate_latin		google_phones=w ax r l dd
worldwide	worldwide	w ax r l dx . w aaj dx		spoken_nepali	google_ne_lr_2018	candidate_latin		google_phones=w ax r l dd . w aaj dd
worst	worst	w ax r s tx		spoken_nepali	google_ne_lr_2018	candidate_latin		google_phones=w ax r s tt
wound	wound	w u n dx		spoken_nepali	google_ne_lr_2018	candidate_latin		google_phones=w u n dd
wrestlemania	wrestlemania	r e . s ax l . m y aa . n i . y aa		spoken_nepali	google_ne_lr_2018	candidate_latin		google_phones=r e . s ax l . m y aa . n i . y aa
wrestling	wrestling	r e s . l i ng		spoken_nepali	google_ne_lr_2018	candidate_latin		google_phones=r e s . l i ng
wrist	wrist	r i s tx		spoken_nepali	google_ne_lr_2018	candidate_latin		google_phones=r i s tt
write	write	r aaj tx		spoken_nepali	google_ne_lr_2018	candidate_latin		google_phones=r aaj tt
writer	writer	r aaj . tx ax r		spoken_nepali	google_ne_lr_2018	candidate_latin		google_phones=r aaj . tt ax r
wyndham	wyndham	w i n . dx ax m		spoken_nepali	google_ne_lr_2018	candidate_latin		google_phones=w i n . dd ax m
wynn	wynn	w i n		spoken_nepali	google_ne_lr_2018	candidate_latin		google_phones=w i n
x	x	e k s		spoken_nepali	google_ne_lr_2018	candidate_latin		google_phones=e k s
xcel	xcel	e k . s e l		spoken_nepali	google_ne_lr_2018	candidate_latin		google_phones=e k . s e l
xender	xender	dz e n . dx ax r		spoken_nepali	google_ne_lr_2018	candidate_latin		google_phones=jh e n . dd ax r
xerox	xerox	dz e . r ax k s		spoken_nepali	google_ne_lr_2018	candidate_latin		google_phones=jh e . r ax k s
xo	xo	e k s . o		spoken_nepali	google_ne_lr_2018	candidate_latin		google_phones=e k s . o
xperia	xperia	e k s . p e . r i . y aa		spoken_nepali	google_ne_lr_2018	candidate_latin		google_phones=e k s . p e . r i . y aa
xpose	xpose	e k s . p o dz		spoken_nepali	google_ne_lr_2018	candidate_latin		google_phones=e k s . p o jh
y	y	w aaj		spoken_nepali	google_ne_lr_2018	candidate_latin		google_phones=w aaj
yaara	yaara	y aa . r aa		spoken_nepali	google_ne_lr_2018	candidate_latin		google_phones=y aa . r aa
yaatra	yaatra	y aa t . t r aa		spoken_nepali	google_ne_lr_2018	candidate_latin		google_phones=y aa t . t r aa
yadav	yadav	y aa . d ax b		spoken_nepali	google_ne_lr_2018	candidate_latin		google_phones=y aa . d ax b
yajna	yajna	y ax g . g y axn		spoken_nepali	google_ne_lr_2018	candidate_latin		google_phones=y ax g . g y axn
yajnavalkya	yajnavalkya	y aa g . g y axn . w ax l . k y ax		spoken_nepali	google_ne_lr_2018	candidate_latin		google_phones=y aa g . g y axn . w ax l . k y ax
yak	yak	y aa k		spoken_nepali	google_ne_lr_2018	candidate_latin		google_phones=y aa k
yama	yama	y ax . m ax		spoken_nepali	google_ne_lr_2018	candidate_latin		google_phones=y ax . m ax
yamaha	yamaha	y ax . m aa . h aa		spoken_nepali	google_ne_lr_2018	candidate_latin		google_phones=y ax . m aa . h aa
yawn	yawn	y aa n		spoken_nepali	google_ne_lr_2018	candidate_latin		google_phones=y aa n
yes	yes	y ax s		spoken_nepali	google_ne_lr_2018	candidate_latin		google_phones=y ax s
yeshwant	yeshwant	y ax s . w ax n t		spoken_nepali	google_ne_lr_2018	candidate_latin		google_phones=y ax s . w ax n t
yik	yik	y i k		spoken_nepali	google_ne_lr_2018	candidate_latin		google_phones=y i k
yoga	yoga	y o . g aa		spoken_nepali	google_ne_lr_2018	candidate_latin		google_phones=y o . g aa
yogananda	yogananda	y o . g aa . n ax n . d ax		spoken_nepali	google_ne_lr_2018	candidate_latin		google_phones=y o . g aa . n ax n . d ax
yogeshwar	yogeshwar	y o . g e s . s w ax r		spoken_nepali	google_ne_lr_2018	candidate_latin		google_phones=y o . g e s . s w ax r
york	york	y o r k		spoken_nepali	google_ne_lr_2018	candidate_latin		google_phones=y o r k
yoshihiro	yoshihiro	y o . s i . h i . r o		spoken_nepali	google_ne_lr_2018	candidate_latin		google_phones=y o . s i . h i . r o
young	young	y ax ng		spoken_nepali	google_ne_lr_2018	candidate_latin		google_phones=y ax ng
younger	younger	y o ng . g ax r		spoken_nepali	google_ne_lr_2018	candidate_latin		google_phones=y o ng . g ax r
your	your	y o r		spoken_nepali	google_ne_lr_2018	candidate_latin		google_phones=y o r
yourself	yourself	y o r . s e l ph		spoken_nepali	google_ne_lr_2018	candidate_latin		google_phones=y o r . s e l ph
youth	youth	y u th		spoken_nepali	google_ne_lr_2018	candidate_latin		google_phones=y u th
youtube	youtube	y u . tx y u b		spoken_nepali	google_ne_lr_2018	candidate_latin		google_phones=y u . tt y u b
yuba	yuba	y u . b aa		spoken_nepali	google_ne_lr_2018	candidate_latin		google_phones=y u . b aa
yudh	yudh	y u d . dh ax		spoken_nepali	google_ne_lr_2018	candidate_latin		google_phones=y u d . dh ax
yuga	yuga	y u . g ax		spoken_nepali	google_ne_lr_2018	candidate_latin		google_phones=y u . g ax
yunnan	yunnan	y u n . n aa n		spoken_nepali	google_ne_lr_2018	candidate_latin		google_phones=y u n . n aa n
yuva	yuva	y u . b aa		spoken_nepali	google_ne_lr_2018	candidate_latin		google_phones=y u . b aa
yuvraj	yuvraj	y u . b ax . r aa dz		spoken_nepali	google_ne_lr_2018	candidate_latin		google_phones=y u . b ax . r aa jh
z	z	dz e dx		spoken_nepali	google_ne_lr_2018	candidate_latin		google_phones=jh e dd
zaalim	zaalim	dz aa . l i m		spoken_nepali	google_ne_lr_2018	candidate_latin		google_phones=jh aa . l i m
zafar	zafar	dz aa . ph ax r		spoken_nepali	google_ne_lr_2018	candidate_latin		google_phones=jh aa . ph ax r
zal	zal	dz ax l		spoken_nepali	google_ne_lr_2018	candidate_latin		google_phones=jh ax l
zara	zara	dz aa . r aa		spoken_nepali	google_ne_lr_2018	candidate_latin		google_phones=jh aa . r aa
zehnaseeb	zehnaseeb	dz e . n aa . s i b		spoken_nepali	google_ne_lr_2018	candidate_latin		google_phones=jh e . n aa . s i b
zero	zero	dz e . r o		spoken_nepali	google_ne_lr_2018	candidate_latin		google_phones=jh e . r o
zest	zest	dz e s tx		spoken_nepali	google_ne_lr_2018	candidate_latin		google_phones=jh e s tt
zip	zip	dz i p		spoken_nepali	google_ne_lr_2018	candidate_latin		google_phones=jh i p
zonal	zonal	dz o . n ax l		spoken_nepali	google_ne_lr_2018	candidate_latin		google_phones=jh o . n ax l
zone	zone	dz o n		spoken_nepali	google_ne_lr_2018	candidate_latin		google_phones=jh o n
zoom	zoom	dz u m		spoken_nepali	google_ne_lr_2018	candidate_latin		google_phones=jh u m
zorawar	zorawar	dz o . r aa . w ax r		spoken_nepali	google_ne_lr_2018	candidate_latin		google_phones=jh o . r aa . w ax r
zygomatic	zygomatic	dz aaj . g o . m y aa . tx i k		spoken_nepali	google_ne_lr_2018	candidate_latin		google_phones=jh aaj . g o . m y aa . tt i k
zygomycota	zygomycota	dz aaj . g o . m aaj . k o . tx aa		spoken_nepali	google_ne_lr_2018	candidate_latin		google_phones=jh aaj . g o . m aaj . k o . tt aa
